insert into Workspace (name) VALUES ('Castle Biosciences');
insert into Workspace (name) VALUES ('SpeSo Health');
insert into Workspace (name) VALUES ('Chubb');
insert into Workspace (name) VALUES ('iTriage');
insert into Workspace (name) VALUES ('CoreLogic');
insert into Workspace (name) VALUES ('Junyo');
insert into Workspace (name) VALUES ('Google Maps');
insert into Workspace (name) VALUES ('Code-N');
insert into Workspace (name) VALUES ('Fuzion Apps, Inc.');
insert into Workspace (name) VALUES ('HelloWallet');
insert into Channel (name, belongsToWorkspace) VALUES ('slight_Goat0', 'Castle Biosciences');
insert into Channel (name, belongsToWorkspace) VALUES ('free_Duck1', 'Castle Biosciences');
insert into Channel (name, belongsToWorkspace) VALUES ('agricultural_Horse2', 'Castle Biosciences');
insert into Channel (name, belongsToWorkspace) VALUES ('critical_Sheep3', 'Castle Biosciences');
insert into Channel (name, belongsToWorkspace) VALUES ('voluntary_Turkey4', 'Castle Biosciences');
insert into Channel (name, belongsToWorkspace) VALUES ('familiar_Turkey5', 'Castle Biosciences');
insert into Channel (name, belongsToWorkspace) VALUES ('cold_Goat6', 'Castle Biosciences');
insert into Channel (name, belongsToWorkspace) VALUES ('bad_Sheep7', 'Castle Biosciences');
insert into Channel (name, belongsToWorkspace) VALUES ('helpful_Donkey8', 'Castle Biosciences');
insert into Channel (name, belongsToWorkspace) VALUES ('tight_Goat9', 'Castle Biosciences');
insert into Channel (name, belongsToWorkspace) VALUES ('former_Pig0', 'SpeSo Health');
insert into Channel (name, belongsToWorkspace) VALUES ('conscious_Pig1', 'SpeSo Health');
insert into Channel (name, belongsToWorkspace) VALUES ('scientific_Donkey2', 'SpeSo Health');
insert into Channel (name, belongsToWorkspace) VALUES ('chemical_Turkey3', 'SpeSo Health');
insert into Channel (name, belongsToWorkspace) VALUES ('bad_Goose4', 'SpeSo Health');
insert into Channel (name, belongsToWorkspace) VALUES ('chief_Horse5', 'SpeSo Health');
insert into Channel (name, belongsToWorkspace) VALUES ('junior_Goat6', 'SpeSo Health');
insert into Channel (name, belongsToWorkspace) VALUES ('literary_Horse7', 'SpeSo Health');
insert into Channel (name, belongsToWorkspace) VALUES ('similar_Horse8', 'SpeSo Health');
insert into Channel (name, belongsToWorkspace) VALUES ('strategic_Llama9', 'SpeSo Health');
insert into Channel (name, belongsToWorkspace) VALUES ('different_Cow0', 'Chubb');
insert into Channel (name, belongsToWorkspace) VALUES ('wide_Cow1', 'Chubb');
insert into Channel (name, belongsToWorkspace) VALUES ('dirty_Duck2', 'Chubb');
insert into Channel (name, belongsToWorkspace) VALUES ('adequate_Llama3', 'Chubb');
insert into Channel (name, belongsToWorkspace) VALUES ('pure_Donkey4', 'Chubb');
insert into Channel (name, belongsToWorkspace) VALUES ('generous_Llama5', 'Chubb');
insert into Channel (name, belongsToWorkspace) VALUES ('internal_Horse6', 'Chubb');
insert into Channel (name, belongsToWorkspace) VALUES ('historical_Llama7', 'Chubb');
insert into Channel (name, belongsToWorkspace) VALUES ('vast_Duck8', 'Chubb');
insert into Channel (name, belongsToWorkspace) VALUES ('similar_Goat9', 'Chubb');
insert into Channel (name, belongsToWorkspace) VALUES ('perfect_Horse0', 'iTriage');
insert into Channel (name, belongsToWorkspace) VALUES ('actual_Cow1', 'iTriage');
insert into Channel (name, belongsToWorkspace) VALUES ('roman_Goose2', 'iTriage');
insert into Channel (name, belongsToWorkspace) VALUES ('distinctive_Donkey3', 'iTriage');
insert into Channel (name, belongsToWorkspace) VALUES ('conventional_Chicken4', 'iTriage');
insert into Channel (name, belongsToWorkspace) VALUES ('practical_Donkey5', 'iTriage');
insert into Channel (name, belongsToWorkspace) VALUES ('extensive_Sheep6', 'iTriage');
insert into Channel (name, belongsToWorkspace) VALUES ('internal_Cow7', 'iTriage');
insert into Channel (name, belongsToWorkspace) VALUES ('liable_Sheep8', 'iTriage');
insert into Channel (name, belongsToWorkspace) VALUES ('active_Goat9', 'iTriage');
insert into Channel (name, belongsToWorkspace) VALUES ('democratic_Goat0', 'CoreLogic');
insert into Channel (name, belongsToWorkspace) VALUES ('maximum_Horse1', 'CoreLogic');
insert into Channel (name, belongsToWorkspace) VALUES ('rural_Duck2', 'CoreLogic');
insert into Channel (name, belongsToWorkspace) VALUES ('distinctive_Goat3', 'CoreLogic');
insert into Channel (name, belongsToWorkspace) VALUES ('main_Turkey4', 'CoreLogic');
insert into Channel (name, belongsToWorkspace) VALUES ('long-term_Llama5', 'CoreLogic');
insert into Channel (name, belongsToWorkspace) VALUES ('middle_Goose6', 'CoreLogic');
insert into Channel (name, belongsToWorkspace) VALUES ('substantial_Duck7', 'CoreLogic');
insert into Channel (name, belongsToWorkspace) VALUES ('civil_Duck8', 'CoreLogic');
insert into Channel (name, belongsToWorkspace) VALUES ('southern_Turkey9', 'CoreLogic');
insert into Channel (name, belongsToWorkspace) VALUES ('other_Donkey0', 'Junyo');
insert into Channel (name, belongsToWorkspace) VALUES ('glad_Duck1', 'Junyo');
insert into Channel (name, belongsToWorkspace) VALUES ('nuclear_Turkey2', 'Junyo');
insert into Channel (name, belongsToWorkspace) VALUES ('commercial_Llama3', 'Junyo');
insert into Channel (name, belongsToWorkspace) VALUES ('dark_Goose4', 'Junyo');
insert into Channel (name, belongsToWorkspace) VALUES ('various_Llama5', 'Junyo');
insert into Channel (name, belongsToWorkspace) VALUES ('dependent_Pig6', 'Junyo');
insert into Channel (name, belongsToWorkspace) VALUES ('thick_Llama7', 'Junyo');
insert into Channel (name, belongsToWorkspace) VALUES ('reasonable_Sheep8', 'Junyo');
insert into Channel (name, belongsToWorkspace) VALUES ('daily_Donkey9', 'Junyo');
insert into Channel (name, belongsToWorkspace) VALUES ('maximum_Goose0', 'Google Maps');
insert into Channel (name, belongsToWorkspace) VALUES ('industrial_Goat1', 'Google Maps');
insert into Channel (name, belongsToWorkspace) VALUES ('double_Goat2', 'Google Maps');
insert into Channel (name, belongsToWorkspace) VALUES ('sensible_Horse3', 'Google Maps');
insert into Channel (name, belongsToWorkspace) VALUES ('cool_Donkey4', 'Google Maps');
insert into Channel (name, belongsToWorkspace) VALUES ('distinctive_Turkey5', 'Google Maps');
insert into Channel (name, belongsToWorkspace) VALUES ('wrong_Turkey6', 'Google Maps');
insert into Channel (name, belongsToWorkspace) VALUES ('various_Pig7', 'Google Maps');
insert into Channel (name, belongsToWorkspace) VALUES ('joint_Cow8', 'Google Maps');
insert into Channel (name, belongsToWorkspace) VALUES ('separate_Duck9', 'Google Maps');
insert into Channel (name, belongsToWorkspace) VALUES ('necessary_Cow0', 'Code-N');
insert into Channel (name, belongsToWorkspace) VALUES ('conservative_Donkey1', 'Code-N');
insert into Channel (name, belongsToWorkspace) VALUES ('expensive_Horse2', 'Code-N');
insert into Channel (name, belongsToWorkspace) VALUES ('possible_Pig3', 'Code-N');
insert into Channel (name, belongsToWorkspace) VALUES ('dead_Pig4', 'Code-N');
insert into Channel (name, belongsToWorkspace) VALUES ('powerful_Chicken5', 'Code-N');
insert into Channel (name, belongsToWorkspace) VALUES ('reasonable_Sheep6', 'Code-N');
insert into Channel (name, belongsToWorkspace) VALUES ('upper_Donkey7', 'Code-N');
insert into Channel (name, belongsToWorkspace) VALUES ('liberal_Duck8', 'Code-N');
insert into Channel (name, belongsToWorkspace) VALUES ('acceptable_Turkey9', 'Code-N');
insert into Channel (name, belongsToWorkspace) VALUES ('extreme_Duck0', 'Fuzion Apps, Inc.');
insert into Channel (name, belongsToWorkspace) VALUES ('last_Donkey1', 'Fuzion Apps, Inc.');
insert into Channel (name, belongsToWorkspace) VALUES ('upper_Turkey2', 'Fuzion Apps, Inc.');
insert into Channel (name, belongsToWorkspace) VALUES ('electronic_Chicken3', 'Fuzion Apps, Inc.');
insert into Channel (name, belongsToWorkspace) VALUES ('busy_Sheep4', 'Fuzion Apps, Inc.');
insert into Channel (name, belongsToWorkspace) VALUES ('environmental_Goat5', 'Fuzion Apps, Inc.');
insert into Channel (name, belongsToWorkspace) VALUES ('regional_Sheep6', 'Fuzion Apps, Inc.');
insert into Channel (name, belongsToWorkspace) VALUES ('deep_Horse7', 'Fuzion Apps, Inc.');
insert into Channel (name, belongsToWorkspace) VALUES ('internal_Donkey8', 'Fuzion Apps, Inc.');
insert into Channel (name, belongsToWorkspace) VALUES ('familiar_Pig9', 'Fuzion Apps, Inc.');
insert into Channel (name, belongsToWorkspace) VALUES ('modest_Duck0', 'HelloWallet');
insert into Channel (name, belongsToWorkspace) VALUES ('latter_Sheep1', 'HelloWallet');
insert into Channel (name, belongsToWorkspace) VALUES ('widespread_Donkey2', 'HelloWallet');
insert into Channel (name, belongsToWorkspace) VALUES ('significant_Sheep3', 'HelloWallet');
insert into Channel (name, belongsToWorkspace) VALUES ('mutual_Goose4', 'HelloWallet');
insert into Channel (name, belongsToWorkspace) VALUES ('communist_Goose5', 'HelloWallet');
insert into Channel (name, belongsToWorkspace) VALUES ('potential_Duck6', 'HelloWallet');
insert into Channel (name, belongsToWorkspace) VALUES ('funny_Goat7', 'HelloWallet');
insert into Channel (name, belongsToWorkspace) VALUES ('responsible_Cow8', 'HelloWallet');
insert into Channel (name, belongsToWorkspace) VALUES ('severe_Pig9', 'HelloWallet');
insert into AppUser(name, lastSeen) values ('f24b7e40-afb2-4f0d-a1d3-5bcac2882033', now());
insert into Message(id, createdat, belongstochannel, createdbyuser, discriminator, content) values ('f24b7e40-afb2-4f0d-a1d3-5bcac2882033', now(), 'slight_Goat0', 'f24b7e40-afb2-4f0d-a1d3-5bcac2882033', 'SimpleMessage', 'far Risotto with pesto and mascarpone');

insert into AppUser(name, lastSeen) values ('1ca13575-95a5-4ca1-8368-066028c8a032', now());
insert into Message(id, createdat, belongstochannel, createdbyuser, discriminator, content) values ('1ca13575-95a5-4ca1-8368-066028c8a032', now(), 'slight_Goat0', '1ca13575-95a5-4ca1-8368-066028c8a032', 'SimpleMessage', 'human Maple coffee');

insert into AppUser(name, lastSeen) values ('50eadb16-41a1-4343-9444-5747db859a40', now());
insert into Message(id, createdat, belongstochannel, createdbyuser, discriminator, content) values ('50eadb16-41a1-4343-9444-5747db859a40', now(), 'slight_Goat0', '50eadb16-41a1-4343-9444-5747db859a40', 'SimpleMessage', 'essential De constructed chicken cordon bleu');

insert into AppUser(name, lastSeen) values ('72023e29-aec1-4598-b2f6-f6dc4364f9df', now());
insert into Message(id, createdat, belongstochannel, createdbyuser, discriminator, content) values ('72023e29-aec1-4598-b2f6-f6dc4364f9df', now(), 'slight_Goat0', '72023e29-aec1-4598-b2f6-f6dc4364f9df', 'SimpleMessage', 'special Julies alabama white sauce');

insert into AppUser(name, lastSeen) values ('34431482-502d-42d3-9d59-66225d94bcd8', now());
insert into Message(id, createdat, belongstochannel, createdbyuser, discriminator, content) values ('34431482-502d-42d3-9d59-66225d94bcd8', now(), 'slight_Goat0', '34431482-502d-42d3-9d59-66225d94bcd8', 'SimpleMessage', 'complex Bacon spaghetti squash');

insert into AppUser(name, lastSeen) values ('ecf44ffc-84b7-4b3f-a824-a4d61cb81eee', now());
insert into Message(id, createdat, belongstochannel, createdbyuser, discriminator, content) values ('ecf44ffc-84b7-4b3f-a824-a4d61cb81eee', now(), 'slight_Goat0', 'ecf44ffc-84b7-4b3f-a824-a4d61cb81eee', 'SimpleMessage', 'prior Spanish shrimp');

insert into AppUser(name, lastSeen) values ('b206011c-11a0-4e29-95c8-fe2299d6ed67', now());
insert into Message(id, createdat, belongstochannel, createdbyuser, discriminator, content) values ('b206011c-11a0-4e29-95c8-fe2299d6ed67', now(), 'slight_Goat0', 'b206011c-11a0-4e29-95c8-fe2299d6ed67', 'SimpleMessage', 'cool Curried pea soup');

insert into AppUser(name, lastSeen) values ('823b4109-6bef-4233-94d6-a24139bfb174', now());
insert into Message(id, createdat, belongstochannel, createdbyuser, discriminator, content) values ('823b4109-6bef-4233-94d6-a24139bfb174', now(), 'slight_Goat0', '823b4109-6bef-4233-94d6-a24139bfb174', 'SimpleMessage', 'vast Spinach salad with feta cheese');

insert into AppUser(name, lastSeen) values ('2283b5fd-57c0-4338-8a23-f9e78e94ba83', now());
insert into Message(id, createdat, belongstochannel, createdbyuser, discriminator, content) values ('2283b5fd-57c0-4338-8a23-f9e78e94ba83', now(), 'slight_Goat0', '2283b5fd-57c0-4338-8a23-f9e78e94ba83', 'SimpleMessage', 'green Kittencals caesar tortellini salad');

insert into AppUser(name, lastSeen) values ('7aa13012-5368-47ce-8715-b68adc817cd6', now());
insert into Message(id, createdat, belongstochannel, createdbyuser, discriminator, content) values ('7aa13012-5368-47ce-8715-b68adc817cd6', now(), 'slight_Goat0', '7aa13012-5368-47ce-8715-b68adc817cd6', 'SimpleMessage', 'favourite Baby shower pink cloud punch');

insert into AppUser(name, lastSeen) values ('23ba61ec-0fae-4554-9d5f-31138d874f6d', now());
insert into Message(id, createdat, belongstochannel, createdbyuser, discriminator, content) values ('23ba61ec-0fae-4554-9d5f-31138d874f6d', now(), 'free_Duck1', '23ba61ec-0fae-4554-9d5f-31138d874f6d', 'SimpleMessage', 'chemical Salata marouli romaine lettuce salad');

insert into AppUser(name, lastSeen) values ('40840f2f-6de8-4448-90aa-1041a133082d', now());
insert into Message(id, createdat, belongstochannel, createdbyuser, discriminator, content) values ('40840f2f-6de8-4448-90aa-1041a133082d', now(), 'free_Duck1', '40840f2f-6de8-4448-90aa-1041a133082d', 'SimpleMessage', 'numerous Acorn squash for 2');

insert into AppUser(name, lastSeen) values ('1c560e86-0521-4c67-a7fd-8d8d2f9cad0c', now());
insert into Message(id, createdat, belongstochannel, createdbyuser, discriminator, content) values ('1c560e86-0521-4c67-a7fd-8d8d2f9cad0c', now(), 'free_Duck1', '1c560e86-0521-4c67-a7fd-8d8d2f9cad0c', 'SimpleMessage', 'bitter Chicken and penne casserole');

insert into AppUser(name, lastSeen) values ('e62afca1-3a5b-49f0-9cd7-710337ccf494', now());
insert into Message(id, createdat, belongstochannel, createdbyuser, discriminator, content) values ('e62afca1-3a5b-49f0-9cd7-710337ccf494', now(), 'free_Duck1', 'e62afca1-3a5b-49f0-9cd7-710337ccf494', 'SimpleMessage', 'massive Awesome twice baked potatoes');

insert into AppUser(name, lastSeen) values ('0c3ba6cf-5a33-4485-b14d-ed1e44f0a919', now());
insert into Message(id, createdat, belongstochannel, createdbyuser, discriminator, content) values ('0c3ba6cf-5a33-4485-b14d-ed1e44f0a919', now(), 'free_Duck1', '0c3ba6cf-5a33-4485-b14d-ed1e44f0a919', 'SimpleMessage', 'statutory Kittencals chicken cacciatore');

insert into AppUser(name, lastSeen) values ('f531ca78-0a48-4bfb-99be-f93b9cd4fc79', now());
insert into Message(id, createdat, belongstochannel, createdbyuser, discriminator, content) values ('f531ca78-0a48-4bfb-99be-f93b9cd4fc79', now(), 'free_Duck1', 'f531ca78-0a48-4bfb-99be-f93b9cd4fc79', 'SimpleMessage', 'cultural Tasty broccoli salad');

insert into AppUser(name, lastSeen) values ('7c27a058-82ac-4291-8d56-1e1b3af435bd', now());
insert into Message(id, createdat, belongstochannel, createdbyuser, discriminator, content) values ('7c27a058-82ac-4291-8d56-1e1b3af435bd', now(), 'free_Duck1', '7c27a058-82ac-4291-8d56-1e1b3af435bd', 'SimpleMessage', 'solid Bacon spaghetti squash');

insert into AppUser(name, lastSeen) values ('9777c444-61e5-414c-816f-ed1fc0859b5c', now());
insert into Message(id, createdat, belongstochannel, createdbyuser, discriminator, content) values ('9777c444-61e5-414c-816f-ed1fc0859b5c', now(), 'free_Duck1', '9777c444-61e5-414c-816f-ed1fc0859b5c', 'SimpleMessage', 'nineteenth Creamy garlic prawns');

insert into AppUser(name, lastSeen) values ('ff67766c-3a9d-4d25-95c8-760a64cfcb74', now());
insert into Message(id, createdat, belongstochannel, createdbyuser, discriminator, content) values ('ff67766c-3a9d-4d25-95c8-760a64cfcb74', now(), 'free_Duck1', 'ff67766c-3a9d-4d25-95c8-760a64cfcb74', 'SimpleMessage', 'precise Gorgonzola and toasted walnut salad');

insert into AppUser(name, lastSeen) values ('ba441a01-b8d2-4c7a-ab17-424715d7fdb5', now());
insert into Message(id, createdat, belongstochannel, createdbyuser, discriminator, content) values ('ba441a01-b8d2-4c7a-ab17-424715d7fdb5', now(), 'free_Duck1', 'ba441a01-b8d2-4c7a-ab17-424715d7fdb5', 'SimpleMessage', 'remarkable Tortellini bow tie pasta salad');

insert into AppUser(name, lastSeen) values ('41cf1076-309e-4abf-8a9d-724b793c23e8', now());
insert into Message(id, createdat, belongstochannel, createdbyuser, discriminator, content) values ('41cf1076-309e-4abf-8a9d-724b793c23e8', now(), 'agricultural_Horse2', '41cf1076-309e-4abf-8a9d-724b793c23e8', 'SimpleMessage', 'corporate Moroccan cinnamon coffee with orange flower water');

insert into AppUser(name, lastSeen) values ('997124d0-9e66-463c-a485-df30ea1b07f2', now());
insert into Message(id, createdat, belongstochannel, createdbyuser, discriminator, content) values ('997124d0-9e66-463c-a485-df30ea1b07f2', now(), 'agricultural_Horse2', '997124d0-9e66-463c-a485-df30ea1b07f2', 'SimpleMessage', 'solid Iced banana cream');

insert into AppUser(name, lastSeen) values ('bc437a45-f532-493e-bd2d-f7392f02314a', now());
insert into Message(id, createdat, belongstochannel, createdbyuser, discriminator, content) values ('bc437a45-f532-493e-bd2d-f7392f02314a', now(), 'agricultural_Horse2', 'bc437a45-f532-493e-bd2d-f7392f02314a', 'SimpleMessage', 'ordinary Buttermilk mashed potatoes with country mustard');

insert into AppUser(name, lastSeen) values ('d14c7dad-fef8-46fa-bb8b-69ff0073cee1', now());
insert into Message(id, createdat, belongstochannel, createdbyuser, discriminator, content) values ('d14c7dad-fef8-46fa-bb8b-69ff0073cee1', now(), 'agricultural_Horse2', 'd14c7dad-fef8-46fa-bb8b-69ff0073cee1', 'SimpleMessage', 'western Nude beach');

insert into AppUser(name, lastSeen) values ('235b273c-74c5-46fb-a9e4-1cc9741c0ef8', now());
insert into Message(id, createdat, belongstochannel, createdbyuser, discriminator, content) values ('235b273c-74c5-46fb-a9e4-1cc9741c0ef8', now(), 'agricultural_Horse2', '235b273c-74c5-46fb-a9e4-1cc9741c0ef8', 'SimpleMessage', 'scientific Red potato and green bean saute');

insert into AppUser(name, lastSeen) values ('5f8ea645-83d1-40e7-bbb0-9c7fd4187c19', now());
insert into Message(id, createdat, belongstochannel, createdbyuser, discriminator, content) values ('5f8ea645-83d1-40e7-bbb0-9c7fd4187c19', now(), 'agricultural_Horse2', '5f8ea645-83d1-40e7-bbb0-9c7fd4187c19', 'SimpleMessage', 'recent Wild addicting dip');

insert into AppUser(name, lastSeen) values ('7893c9ec-fb14-4892-9121-dd733a341c60', now());
insert into Message(id, createdat, belongstochannel, createdbyuser, discriminator, content) values ('7893c9ec-fb14-4892-9121-dd733a341c60', now(), 'agricultural_Horse2', '7893c9ec-fb14-4892-9121-dd733a341c60', 'SimpleMessage', 'imperial Maple cinnamon coffee');

insert into AppUser(name, lastSeen) values ('2a289a75-2ea7-489c-8f93-5a6cb4a98e10', now());
insert into Message(id, createdat, belongstochannel, createdbyuser, discriminator, content) values ('2a289a75-2ea7-489c-8f93-5a6cb4a98e10', now(), 'agricultural_Horse2', '2a289a75-2ea7-489c-8f93-5a6cb4a98e10', 'SimpleMessage', 'private Crispy noodle salad with sweet and sour dressing');

insert into AppUser(name, lastSeen) values ('16a079df-fe0b-4c60-bf0b-a9342df4e0fb', now());
insert into Message(id, createdat, belongstochannel, createdbyuser, discriminator, content) values ('16a079df-fe0b-4c60-bf0b-a9342df4e0fb', now(), 'agricultural_Horse2', '16a079df-fe0b-4c60-bf0b-a9342df4e0fb', 'SimpleMessage', 'efficient Basil tomato salad');

insert into AppUser(name, lastSeen) values ('f8d8bea8-625a-4b65-a77b-9cad07e6f2f7', now());
insert into Message(id, createdat, belongstochannel, createdbyuser, discriminator, content) values ('f8d8bea8-625a-4b65-a77b-9cad07e6f2f7', now(), 'agricultural_Horse2', 'f8d8bea8-625a-4b65-a77b-9cad07e6f2f7', 'SimpleMessage', 'external Caponata eggplant and lots of good things');

insert into AppUser(name, lastSeen) values ('90636abf-c15f-4194-b556-a671e0238198', now());
insert into Message(id, createdat, belongstochannel, createdbyuser, discriminator, content) values ('90636abf-c15f-4194-b556-a671e0238198', now(), 'critical_Sheep3', '90636abf-c15f-4194-b556-a671e0238198', 'SimpleMessage', 'widespread New england roasted cornish game hens');

insert into AppUser(name, lastSeen) values ('68598581-1124-4716-8772-f3e2f4ea70d3', now());
insert into Message(id, createdat, belongstochannel, createdbyuser, discriminator, content) values ('68598581-1124-4716-8772-f3e2f4ea70d3', now(), 'critical_Sheep3', '68598581-1124-4716-8772-f3e2f4ea70d3', 'SimpleMessage', 'double Parmesan fish in the oven');

insert into AppUser(name, lastSeen) values ('e1721cd6-5a0c-4667-82d5-f88a71ef1af3', now());
insert into Message(id, createdat, belongstochannel, createdbyuser, discriminator, content) values ('e1721cd6-5a0c-4667-82d5-f88a71ef1af3', now(), 'critical_Sheep3', 'e1721cd6-5a0c-4667-82d5-f88a71ef1af3', 'SimpleMessage', 'foreign Potato ham onion chipotle soup');

insert into AppUser(name, lastSeen) values ('44158710-7dea-4c0b-96eb-f239eb3fe025', now());
insert into Message(id, createdat, belongstochannel, createdbyuser, discriminator, content) values ('44158710-7dea-4c0b-96eb-f239eb3fe025', now(), 'critical_Sheep3', '44158710-7dea-4c0b-96eb-f239eb3fe025', 'SimpleMessage', 'crucial Roasted garlic soup with parmesan');

insert into AppUser(name, lastSeen) values ('1b3287b2-9c30-4d79-8156-605e3aa847c0', now());
insert into Message(id, createdat, belongstochannel, createdbyuser, discriminator, content) values ('1b3287b2-9c30-4d79-8156-605e3aa847c0', now(), 'critical_Sheep3', '1b3287b2-9c30-4d79-8156-605e3aa847c0', 'SimpleMessage', 'open Goat cheese black olive mashed potatoes');

insert into AppUser(name, lastSeen) values ('08531bf7-a45c-4c02-bb5e-88eeabec9960', now());
insert into Message(id, createdat, belongstochannel, createdbyuser, discriminator, content) values ('08531bf7-a45c-4c02-bb5e-88eeabec9960', now(), 'critical_Sheep3', '08531bf7-a45c-4c02-bb5e-88eeabec9960', 'SimpleMessage', 'common Chicken and penne casserole');

insert into AppUser(name, lastSeen) values ('b8ef5377-cda4-4c10-968c-56f383b6d565', now());
insert into Message(id, createdat, belongstochannel, createdbyuser, discriminator, content) values ('b8ef5377-cda4-4c10-968c-56f383b6d565', now(), 'critical_Sheep3', 'b8ef5377-cda4-4c10-968c-56f383b6d565', 'SimpleMessage', 'supreme Smoky clam chowder');

insert into AppUser(name, lastSeen) values ('e56c70f2-4414-49dc-8bf8-7ec8a7545afd', now());
insert into Message(id, createdat, belongstochannel, createdbyuser, discriminator, content) values ('e56c70f2-4414-49dc-8bf8-7ec8a7545afd', now(), 'critical_Sheep3', 'e56c70f2-4414-49dc-8bf8-7ec8a7545afd', 'SimpleMessage', 'secret Roasted garlic soup with parmesan');

insert into AppUser(name, lastSeen) values ('1209c2d5-579c-42d1-824d-befe07fe5b64', now());
insert into Message(id, createdat, belongstochannel, createdbyuser, discriminator, content) values ('1209c2d5-579c-42d1-824d-befe07fe5b64', now(), 'critical_Sheep3', '1209c2d5-579c-42d1-824d-befe07fe5b64', 'SimpleMessage', 'ready Chocolate coconut dream bars');

insert into AppUser(name, lastSeen) values ('7a29cbe0-0e70-4b83-a160-5408525423ed', now());
insert into Message(id, createdat, belongstochannel, createdbyuser, discriminator, content) values ('7a29cbe0-0e70-4b83-a160-5408525423ed', now(), 'critical_Sheep3', '7a29cbe0-0e70-4b83-a160-5408525423ed', 'SimpleMessage', 'economic Raspberry lemonade');

insert into AppUser(name, lastSeen) values ('16d74d73-b885-476b-916e-d9c63847799f', now());
insert into Message(id, createdat, belongstochannel, createdbyuser, discriminator, content) values ('16d74d73-b885-476b-916e-d9c63847799f', now(), 'voluntary_Turkey4', '16d74d73-b885-476b-916e-d9c63847799f', 'SimpleMessage', 'conventional Best ever bruschetta');

insert into AppUser(name, lastSeen) values ('0b5c23af-31b0-4833-96db-0cfb36621221', now());
insert into Message(id, createdat, belongstochannel, createdbyuser, discriminator, content) values ('0b5c23af-31b0-4833-96db-0cfb36621221', now(), 'voluntary_Turkey4', '0b5c23af-31b0-4833-96db-0cfb36621221', 'SimpleMessage', 'adequate Creole potato salad');

insert into AppUser(name, lastSeen) values ('a308006e-eab0-4c31-a1a6-843e9005120f', now());
insert into Message(id, createdat, belongstochannel, createdbyuser, discriminator, content) values ('a308006e-eab0-4c31-a1a6-843e9005120f', now(), 'voluntary_Turkey4', 'a308006e-eab0-4c31-a1a6-843e9005120f', 'SimpleMessage', 'initial Roasted beet salad with horseradish cream dressing');

insert into AppUser(name, lastSeen) values ('1eec4913-2350-4923-8482-dacadea4c3d2', now());
insert into Message(id, createdat, belongstochannel, createdbyuser, discriminator, content) values ('1eec4913-2350-4923-8482-dacadea4c3d2', now(), 'voluntary_Turkey4', '1eec4913-2350-4923-8482-dacadea4c3d2', 'SimpleMessage', 'loose Kahlua hot chocolate');

insert into AppUser(name, lastSeen) values ('9c2d9f40-cc81-4d95-93c5-777e525ed6b4', now());
insert into Message(id, createdat, belongstochannel, createdbyuser, discriminator, content) values ('9c2d9f40-cc81-4d95-93c5-777e525ed6b4', now(), 'voluntary_Turkey4', '9c2d9f40-cc81-4d95-93c5-777e525ed6b4', 'SimpleMessage', 'wonderful Chocolate chip bundt cake with chocolate glaze');

insert into AppUser(name, lastSeen) values ('773a602d-2290-4b88-b16c-4412d09b6879', now());
insert into Message(id, createdat, belongstochannel, createdbyuser, discriminator, content) values ('773a602d-2290-4b88-b16c-4412d09b6879', now(), 'voluntary_Turkey4', '773a602d-2290-4b88-b16c-4412d09b6879', 'SimpleMessage', 'overall Raspberry cranberry salad with sour cream cream cheese topping');

insert into AppUser(name, lastSeen) values ('7d4754b1-9ea7-4a08-894d-2de33fcf1bbb', now());
insert into Message(id, createdat, belongstochannel, createdbyuser, discriminator, content) values ('7d4754b1-9ea7-4a08-894d-2de33fcf1bbb', now(), 'voluntary_Turkey4', '7d4754b1-9ea7-4a08-894d-2de33fcf1bbb', 'SimpleMessage', 'linguistic Lemon and parsley potatoes');

insert into AppUser(name, lastSeen) values ('e288fad7-8718-4809-a751-f580cc3d9934', now());
insert into Message(id, createdat, belongstochannel, createdbyuser, discriminator, content) values ('e288fad7-8718-4809-a751-f580cc3d9934', now(), 'voluntary_Turkey4', 'e288fad7-8718-4809-a751-f580cc3d9934', 'SimpleMessage', 'anxious Herbed potato with cottage cheese');

insert into AppUser(name, lastSeen) values ('b1dc2b63-6738-4439-a81b-6f06ebc22b56', now());
insert into Message(id, createdat, belongstochannel, createdbyuser, discriminator, content) values ('b1dc2b63-6738-4439-a81b-6f06ebc22b56', now(), 'voluntary_Turkey4', 'b1dc2b63-6738-4439-a81b-6f06ebc22b56', 'SimpleMessage', 'old Pearls sesame noodles');

insert into AppUser(name, lastSeen) values ('5fc9aadf-06ae-4ad2-8e98-a1c89f0b4db9', now());
insert into Message(id, createdat, belongstochannel, createdbyuser, discriminator, content) values ('5fc9aadf-06ae-4ad2-8e98-a1c89f0b4db9', now(), 'voluntary_Turkey4', '5fc9aadf-06ae-4ad2-8e98-a1c89f0b4db9', 'SimpleMessage', 'slow Mrs allens date loaf');

insert into AppUser(name, lastSeen) values ('654bce03-ae38-4468-b14d-c14ecee333fc', now());
insert into Message(id, createdat, belongstochannel, createdbyuser, discriminator, content) values ('654bce03-ae38-4468-b14d-c14ecee333fc', now(), 'familiar_Turkey5', '654bce03-ae38-4468-b14d-c14ecee333fc', 'SimpleMessage', 'typical Spanish shrimp');

insert into AppUser(name, lastSeen) values ('85a33fd8-f855-47d6-bfd9-00366fb2f06f', now());
insert into Message(id, createdat, belongstochannel, createdbyuser, discriminator, content) values ('85a33fd8-f855-47d6-bfd9-00366fb2f06f', now(), 'familiar_Turkey5', '85a33fd8-f855-47d6-bfd9-00366fb2f06f', 'SimpleMessage', 'moral Red potato and green bean saute');

insert into AppUser(name, lastSeen) values ('968c811b-9549-49c3-9000-4445d0a50747', now());
insert into Message(id, createdat, belongstochannel, createdbyuser, discriminator, content) values ('968c811b-9549-49c3-9000-4445d0a50747', now(), 'familiar_Turkey5', '968c811b-9549-49c3-9000-4445d0a50747', 'SimpleMessage', 'popular Hot salty nuts');

insert into AppUser(name, lastSeen) values ('e7a05a53-10af-4083-8889-07cfb8260a0b', now());
insert into Message(id, createdat, belongstochannel, createdbyuser, discriminator, content) values ('e7a05a53-10af-4083-8889-07cfb8260a0b', now(), 'familiar_Turkey5', 'e7a05a53-10af-4083-8889-07cfb8260a0b', 'SimpleMessage', 'criminal Creamy lemon tarts');

insert into AppUser(name, lastSeen) values ('16e20152-f6a9-4dc8-ac9d-fdfb0018f792', now());
insert into Message(id, createdat, belongstochannel, createdbyuser, discriminator, content) values ('16e20152-f6a9-4dc8-ac9d-fdfb0018f792', now(), 'familiar_Turkey5', '16e20152-f6a9-4dc8-ac9d-fdfb0018f792', 'SimpleMessage', 'domestic Fresh orange slices with honey and cinnamon');

insert into AppUser(name, lastSeen) values ('859876cd-61ea-44e6-86ce-0c1d56c0773c', now());
insert into Message(id, createdat, belongstochannel, createdbyuser, discriminator, content) values ('859876cd-61ea-44e6-86ce-0c1d56c0773c', now(), 'familiar_Turkey5', '859876cd-61ea-44e6-86ce-0c1d56c0773c', 'SimpleMessage', 'junior Spinach salad with blue cheese');

insert into AppUser(name, lastSeen) values ('4f6fdc6b-8e23-4fe6-8e73-3d0724659304', now());
insert into Message(id, createdat, belongstochannel, createdbyuser, discriminator, content) values ('4f6fdc6b-8e23-4fe6-8e73-3d0724659304', now(), 'familiar_Turkey5', '4f6fdc6b-8e23-4fe6-8e73-3d0724659304', 'SimpleMessage', 'conventional Ww shrimp scampi');

insert into AppUser(name, lastSeen) values ('9ee4195a-0a67-4724-bcce-a0a8b83ce9e8', now());
insert into Message(id, createdat, belongstochannel, createdbyuser, discriminator, content) values ('9ee4195a-0a67-4724-bcce-a0a8b83ce9e8', now(), 'familiar_Turkey5', '9ee4195a-0a67-4724-bcce-a0a8b83ce9e8', 'SimpleMessage', 'accurate Bergy dim sum 5 steamed shrimp dumplings');

insert into AppUser(name, lastSeen) values ('eca16e39-c9b2-4be7-8af1-fb7305212519', now());
insert into Message(id, createdat, belongstochannel, createdbyuser, discriminator, content) values ('eca16e39-c9b2-4be7-8af1-fb7305212519', now(), 'familiar_Turkey5', 'eca16e39-c9b2-4be7-8af1-fb7305212519', 'SimpleMessage', 'judicial Herb crusted fish fillets');

insert into AppUser(name, lastSeen) values ('2dd476d8-d182-44e3-9e99-66c4f6fe4230', now());
insert into Message(id, createdat, belongstochannel, createdbyuser, discriminator, content) values ('2dd476d8-d182-44e3-9e99-66c4f6fe4230', now(), 'familiar_Turkey5', '2dd476d8-d182-44e3-9e99-66c4f6fe4230', 'SimpleMessage', 'odd Orange brownie');

insert into AppUser(name, lastSeen) values ('902bc3b6-6823-4869-ae71-1b44b1ef4add', now());
insert into Message(id, createdat, belongstochannel, createdbyuser, discriminator, content) values ('902bc3b6-6823-4869-ae71-1b44b1ef4add', now(), 'cold_Goat6', '902bc3b6-6823-4869-ae71-1b44b1ef4add', 'SimpleMessage', 'outside Potato ham onion chipotle soup');

insert into AppUser(name, lastSeen) values ('c7f048f9-fc2c-4507-8a2a-95bb0d5da48a', now());
insert into Message(id, createdat, belongstochannel, createdbyuser, discriminator, content) values ('c7f048f9-fc2c-4507-8a2a-95bb0d5da48a', now(), 'cold_Goat6', 'c7f048f9-fc2c-4507-8a2a-95bb0d5da48a', 'SimpleMessage', 'initial Sourdough rosemary potato bread');

insert into AppUser(name, lastSeen) values ('aca3b7c3-50ff-42d9-8c03-37cf3b11435a', now());
insert into Message(id, createdat, belongstochannel, createdbyuser, discriminator, content) values ('aca3b7c3-50ff-42d9-8c03-37cf3b11435a', now(), 'cold_Goat6', 'aca3b7c3-50ff-42d9-8c03-37cf3b11435a', 'SimpleMessage', 'true Orange glazed pork chops');

insert into AppUser(name, lastSeen) values ('e99fae9d-d293-4c1a-ad55-eeacc6d59836', now());
insert into Message(id, createdat, belongstochannel, createdbyuser, discriminator, content) values ('e99fae9d-d293-4c1a-ad55-eeacc6d59836', now(), 'cold_Goat6', 'e99fae9d-d293-4c1a-ad55-eeacc6d59836', 'SimpleMessage', 'awful Salata marouli romaine lettuce salad');

insert into AppUser(name, lastSeen) values ('c43b1eff-8474-4a43-86e4-b7ba98272a8e', now());
insert into Message(id, createdat, belongstochannel, createdbyuser, discriminator, content) values ('c43b1eff-8474-4a43-86e4-b7ba98272a8e', now(), 'cold_Goat6', 'c43b1eff-8474-4a43-86e4-b7ba98272a8e', 'SimpleMessage', 'light Maple cinnamon coffee');

insert into AppUser(name, lastSeen) values ('65456cd9-7d00-4730-a87b-3f509b4d11fa', now());
insert into Message(id, createdat, belongstochannel, createdbyuser, discriminator, content) values ('65456cd9-7d00-4730-a87b-3f509b4d11fa', now(), 'cold_Goat6', '65456cd9-7d00-4730-a87b-3f509b4d11fa', 'SimpleMessage', 'opposite Provencal olives');

insert into AppUser(name, lastSeen) values ('96bd2ef5-a2ba-42ac-a512-a2e2d78dae01', now());
insert into Message(id, createdat, belongstochannel, createdbyuser, discriminator, content) values ('96bd2ef5-a2ba-42ac-a512-a2e2d78dae01', now(), 'cold_Goat6', '96bd2ef5-a2ba-42ac-a512-a2e2d78dae01', 'SimpleMessage', 'dirty Strawberry angel trifle');

insert into AppUser(name, lastSeen) values ('30ce936f-c49c-480a-bcb7-eb31132da158', now());
insert into Message(id, createdat, belongstochannel, createdbyuser, discriminator, content) values ('30ce936f-c49c-480a-bcb7-eb31132da158', now(), 'cold_Goat6', '30ce936f-c49c-480a-bcb7-eb31132da158', 'SimpleMessage', 'legal Hot salty nuts');

insert into AppUser(name, lastSeen) values ('c4363879-3931-4eac-ae7b-b58a93ab5432', now());
insert into Message(id, createdat, belongstochannel, createdbyuser, discriminator, content) values ('c4363879-3931-4eac-ae7b-b58a93ab5432', now(), 'cold_Goat6', 'c4363879-3931-4eac-ae7b-b58a93ab5432', 'SimpleMessage', 'precise Ww shrimp scampi');

insert into AppUser(name, lastSeen) values ('471a0684-0da0-4d6c-8a5c-fc03766c20dc', now());
insert into Message(id, createdat, belongstochannel, createdbyuser, discriminator, content) values ('471a0684-0da0-4d6c-8a5c-fc03766c20dc', now(), 'cold_Goat6', '471a0684-0da0-4d6c-8a5c-fc03766c20dc', 'SimpleMessage', 'absolute Wild addicting dip');

insert into AppUser(name, lastSeen) values ('f813da3e-a5c5-43c7-a042-66e7c2923c86', now());
insert into Message(id, createdat, belongstochannel, createdbyuser, discriminator, content) values ('f813da3e-a5c5-43c7-a042-66e7c2923c86', now(), 'bad_Sheep7', 'f813da3e-a5c5-43c7-a042-66e7c2923c86', 'SimpleMessage', 'front Long island iced tea applebees tgi fridays style');

insert into AppUser(name, lastSeen) values ('baeae5bb-f232-4db8-9254-02d7123221ac', now());
insert into Message(id, createdat, belongstochannel, createdbyuser, discriminator, content) values ('baeae5bb-f232-4db8-9254-02d7123221ac', now(), 'bad_Sheep7', 'baeae5bb-f232-4db8-9254-02d7123221ac', 'SimpleMessage', 'reasonable Whipped cream cream cheese frosting');

insert into AppUser(name, lastSeen) values ('348eae56-2f9e-4588-afdb-b41a566eb5cb', now());
insert into Message(id, createdat, belongstochannel, createdbyuser, discriminator, content) values ('348eae56-2f9e-4588-afdb-b41a566eb5cb', now(), 'bad_Sheep7', '348eae56-2f9e-4588-afdb-b41a566eb5cb', 'SimpleMessage', 'next Blue margaritas');

insert into AppUser(name, lastSeen) values ('b86b0d43-92cb-46f4-bc11-47c671b63b90', now());
insert into Message(id, createdat, belongstochannel, createdbyuser, discriminator, content) values ('b86b0d43-92cb-46f4-bc11-47c671b63b90', now(), 'bad_Sheep7', 'b86b0d43-92cb-46f4-bc11-47c671b63b90', 'SimpleMessage', 'pure Spinach salad with blue cheese');

insert into AppUser(name, lastSeen) values ('60176d94-df4a-4262-9ba7-c867fa45fb82', now());
insert into Message(id, createdat, belongstochannel, createdbyuser, discriminator, content) values ('60176d94-df4a-4262-9ba7-c867fa45fb82', now(), 'bad_Sheep7', '60176d94-df4a-4262-9ba7-c867fa45fb82', 'SimpleMessage', 'visible Bacon spaghetti squash');

insert into AppUser(name, lastSeen) values ('7d3725e9-7400-412f-9884-76bc6b87eaef', now());
insert into Message(id, createdat, belongstochannel, createdbyuser, discriminator, content) values ('7d3725e9-7400-412f-9884-76bc6b87eaef', now(), 'bad_Sheep7', '7d3725e9-7400-412f-9884-76bc6b87eaef', 'SimpleMessage', 'inevitable Sweet onion and mashed potato bake');

insert into AppUser(name, lastSeen) values ('80fdcac3-df73-4a86-9805-90bf38b7587c', now());
insert into Message(id, createdat, belongstochannel, createdbyuser, discriminator, content) values ('80fdcac3-df73-4a86-9805-90bf38b7587c', now(), 'bad_Sheep7', '80fdcac3-df73-4a86-9805-90bf38b7587c', 'SimpleMessage', 'prior Parslied new potatoes');

insert into AppUser(name, lastSeen) values ('d843957d-4520-4e5a-ae68-c94fa266e69e', now());
insert into Message(id, createdat, belongstochannel, createdbyuser, discriminator, content) values ('d843957d-4520-4e5a-ae68-c94fa266e69e', now(), 'bad_Sheep7', 'd843957d-4520-4e5a-ae68-c94fa266e69e', 'SimpleMessage', 'alive Garlic herbed roasted red skin potatoes');

insert into AppUser(name, lastSeen) values ('e1205a88-f681-4ac7-9fcc-2542ba9f4089', now());
insert into Message(id, createdat, belongstochannel, createdbyuser, discriminator, content) values ('e1205a88-f681-4ac7-9fcc-2542ba9f4089', now(), 'bad_Sheep7', 'e1205a88-f681-4ac7-9fcc-2542ba9f4089', 'SimpleMessage', 'severe Herb crusted fish fillets');

insert into AppUser(name, lastSeen) values ('ca17cab0-4a7c-4536-ad96-313eec56c746', now());
insert into Message(id, createdat, belongstochannel, createdbyuser, discriminator, content) values ('ca17cab0-4a7c-4536-ad96-313eec56c746', now(), 'bad_Sheep7', 'ca17cab0-4a7c-4536-ad96-313eec56c746', 'SimpleMessage', 'level Kittencals tender microwave corn with husks on');

insert into AppUser(name, lastSeen) values ('093b3ccf-3555-4b3e-a882-9ddf26def295', now());
insert into Message(id, createdat, belongstochannel, createdbyuser, discriminator, content) values ('093b3ccf-3555-4b3e-a882-9ddf26def295', now(), 'helpful_Donkey8', '093b3ccf-3555-4b3e-a882-9ddf26def295', 'SimpleMessage', 'financial Wild addicting dip');

insert into AppUser(name, lastSeen) values ('9864be6d-c309-49bc-8772-4927aee67590', now());
insert into Message(id, createdat, belongstochannel, createdbyuser, discriminator, content) values ('9864be6d-c309-49bc-8772-4927aee67590', now(), 'helpful_Donkey8', '9864be6d-c309-49bc-8772-4927aee67590', 'SimpleMessage', 'mad Chicken and penne casserole');

insert into AppUser(name, lastSeen) values ('acb1adbf-38f2-482b-8ef0-9a1a1bb586aa', now());
insert into Message(id, createdat, belongstochannel, createdbyuser, discriminator, content) values ('acb1adbf-38f2-482b-8ef0-9a1a1bb586aa', now(), 'helpful_Donkey8', 'acb1adbf-38f2-482b-8ef0-9a1a1bb586aa', 'SimpleMessage', 'brilliant Spicy catfish tenders with cajun tartar sauce');

insert into AppUser(name, lastSeen) values ('ce0df44d-5b66-4529-8f7f-30e3cd5fe10b', now());
insert into Message(id, createdat, belongstochannel, createdbyuser, discriminator, content) values ('ce0df44d-5b66-4529-8f7f-30e3cd5fe10b', now(), 'helpful_Donkey8', 'ce0df44d-5b66-4529-8f7f-30e3cd5fe10b', 'SimpleMessage', 'pink Uncle bills caesar canadian style');

insert into AppUser(name, lastSeen) values ('36e3cd98-877f-47cf-b108-efeadbdd4ad2', now());
insert into Message(id, createdat, belongstochannel, createdbyuser, discriminator, content) values ('36e3cd98-877f-47cf-b108-efeadbdd4ad2', now(), 'helpful_Donkey8', '36e3cd98-877f-47cf-b108-efeadbdd4ad2', 'SimpleMessage', 'emotional Crunchy rosemary potatoes');

insert into AppUser(name, lastSeen) values ('d846b19d-6928-4fb7-a512-f063233c2181', now());
insert into Message(id, createdat, belongstochannel, createdbyuser, discriminator, content) values ('d846b19d-6928-4fb7-a512-f063233c2181', now(), 'helpful_Donkey8', 'd846b19d-6928-4fb7-a512-f063233c2181', 'SimpleMessage', 'above Sweet onion and mashed potato bake');

insert into AppUser(name, lastSeen) values ('da41bdce-964c-4a80-bd48-1ce9a04dee73', now());
insert into Message(id, createdat, belongstochannel, createdbyuser, discriminator, content) values ('da41bdce-964c-4a80-bd48-1ce9a04dee73', now(), 'helpful_Donkey8', 'da41bdce-964c-4a80-bd48-1ce9a04dee73', 'SimpleMessage', 'future Fried almonds');

insert into AppUser(name, lastSeen) values ('e8f260db-43e5-44ad-9f54-3c11654c9698', now());
insert into Message(id, createdat, belongstochannel, createdbyuser, discriminator, content) values ('e8f260db-43e5-44ad-9f54-3c11654c9698', now(), 'helpful_Donkey8', 'e8f260db-43e5-44ad-9f54-3c11654c9698', 'SimpleMessage', 'favourite Panzanella salad with bacon tomato and basil');

insert into AppUser(name, lastSeen) values ('a9be9433-f3c6-4eec-9306-84921155c81e', now());
insert into Message(id, createdat, belongstochannel, createdbyuser, discriminator, content) values ('a9be9433-f3c6-4eec-9306-84921155c81e', now(), 'helpful_Donkey8', 'a9be9433-f3c6-4eec-9306-84921155c81e', 'SimpleMessage', 'grand Just like deweys candied walnut and grape salad');

insert into AppUser(name, lastSeen) values ('52ee0525-65da-4f91-bbff-dddb5c6c93e2', now());
insert into Message(id, createdat, belongstochannel, createdbyuser, discriminator, content) values ('52ee0525-65da-4f91-bbff-dddb5c6c93e2', now(), 'helpful_Donkey8', '52ee0525-65da-4f91-bbff-dddb5c6c93e2', 'SimpleMessage', 'statutory Creamy lemon tarts');

insert into AppUser(name, lastSeen) values ('b92bcfc2-8b82-41c9-a3e8-2d3c7282f023', now());
insert into Message(id, createdat, belongstochannel, createdbyuser, discriminator, content) values ('b92bcfc2-8b82-41c9-a3e8-2d3c7282f023', now(), 'tight_Goat9', 'b92bcfc2-8b82-41c9-a3e8-2d3c7282f023', 'SimpleMessage', 'half Kittencals parmesan orzo');

insert into AppUser(name, lastSeen) values ('174efbfa-5cd1-45fc-8e68-33288e353134', now());
insert into Message(id, createdat, belongstochannel, createdbyuser, discriminator, content) values ('174efbfa-5cd1-45fc-8e68-33288e353134', now(), 'tight_Goat9', '174efbfa-5cd1-45fc-8e68-33288e353134', 'SimpleMessage', 'impossible Ruth walls german apple cake');

insert into AppUser(name, lastSeen) values ('4823a516-74cf-475c-abad-157d0b7beb99', now());
insert into Message(id, createdat, belongstochannel, createdbyuser, discriminator, content) values ('4823a516-74cf-475c-abad-157d0b7beb99', now(), 'tight_Goat9', '4823a516-74cf-475c-abad-157d0b7beb99', 'SimpleMessage', 'rare Best ever bruschetta');

insert into AppUser(name, lastSeen) values ('3f70268b-e429-4c3f-a055-6076760dc3f0', now());
insert into Message(id, createdat, belongstochannel, createdbyuser, discriminator, content) values ('3f70268b-e429-4c3f-a055-6076760dc3f0', now(), 'tight_Goat9', '3f70268b-e429-4c3f-a055-6076760dc3f0', 'SimpleMessage', 'silent Chocolate chip bundt cake with chocolate glaze');

insert into AppUser(name, lastSeen) values ('4de90c33-ab4c-45b6-ac4b-4e311f82f415', now());
insert into Message(id, createdat, belongstochannel, createdbyuser, discriminator, content) values ('4de90c33-ab4c-45b6-ac4b-4e311f82f415', now(), 'tight_Goat9', '4de90c33-ab4c-45b6-ac4b-4e311f82f415', 'SimpleMessage', 'past Fresh tomato and cucumber salad');

insert into AppUser(name, lastSeen) values ('767886d3-35a1-423c-a1e8-827014701662', now());
insert into Message(id, createdat, belongstochannel, createdbyuser, discriminator, content) values ('767886d3-35a1-423c-a1e8-827014701662', now(), 'tight_Goat9', '767886d3-35a1-423c-a1e8-827014701662', 'SimpleMessage', 'other Pearls sesame noodles');

insert into AppUser(name, lastSeen) values ('0850bb9e-6348-48ed-a572-89c6a879df08', now());
insert into Message(id, createdat, belongstochannel, createdbyuser, discriminator, content) values ('0850bb9e-6348-48ed-a572-89c6a879df08', now(), 'tight_Goat9', '0850bb9e-6348-48ed-a572-89c6a879df08', 'SimpleMessage', 'mad Strawberry angel trifle');

insert into AppUser(name, lastSeen) values ('4bf358d7-5251-47f6-b2c5-d62efd096f0f', now());
insert into Message(id, createdat, belongstochannel, createdbyuser, discriminator, content) values ('4bf358d7-5251-47f6-b2c5-d62efd096f0f', now(), 'tight_Goat9', '4bf358d7-5251-47f6-b2c5-d62efd096f0f', 'SimpleMessage', 'significant German apple cake with cream cheese frosting');

insert into AppUser(name, lastSeen) values ('6bdea528-cbd2-470e-a446-5e1800e546ce', now());
insert into Message(id, createdat, belongstochannel, createdbyuser, discriminator, content) values ('6bdea528-cbd2-470e-a446-5e1800e546ce', now(), 'tight_Goat9', '6bdea528-cbd2-470e-a446-5e1800e546ce', 'SimpleMessage', 'extraordinary Swedish cucumber salad pressgurka');

insert into AppUser(name, lastSeen) values ('8ba0643b-6b47-43e2-a096-273d9baa1a49', now());
insert into Message(id, createdat, belongstochannel, createdbyuser, discriminator, content) values ('8ba0643b-6b47-43e2-a096-273d9baa1a49', now(), 'tight_Goat9', '8ba0643b-6b47-43e2-a096-273d9baa1a49', 'SimpleMessage', 'nearby Sweet and sour stir fry shrimp with broccoli and red bell pepper');

insert into AppUser(name, lastSeen) values ('ccdd1360-1af6-4473-b2ff-55c6a27b84c9', now());
insert into Message(id, createdat, belongstochannel, createdbyuser, discriminator, content) values ('ccdd1360-1af6-4473-b2ff-55c6a27b84c9', now(), 'former_Pig0', 'ccdd1360-1af6-4473-b2ff-55c6a27b84c9', 'SimpleMessage', 'bitter Creamy strawberries');

insert into AppUser(name, lastSeen) values ('1aaf2331-76f2-4d28-a374-b4c16a202760', now());
insert into Message(id, createdat, belongstochannel, createdbyuser, discriminator, content) values ('1aaf2331-76f2-4d28-a374-b4c16a202760', now(), 'former_Pig0', '1aaf2331-76f2-4d28-a374-b4c16a202760', 'SimpleMessage', 'physical I did it my way tossed salad');

insert into AppUser(name, lastSeen) values ('68e46061-a8f4-47a0-b46d-46fd16df0146', now());
insert into Message(id, createdat, belongstochannel, createdbyuser, discriminator, content) values ('68e46061-a8f4-47a0-b46d-46fd16df0146', now(), 'former_Pig0', '68e46061-a8f4-47a0-b46d-46fd16df0146', 'SimpleMessage', 'fresh De constructed chicken cordon bleu');

insert into AppUser(name, lastSeen) values ('344b8614-38a9-43e3-97f1-11351dbb4130', now());
insert into Message(id, createdat, belongstochannel, createdbyuser, discriminator, content) values ('344b8614-38a9-43e3-97f1-11351dbb4130', now(), 'former_Pig0', '344b8614-38a9-43e3-97f1-11351dbb4130', 'SimpleMessage', 'late Lindas asian salmon');

insert into AppUser(name, lastSeen) values ('2aac2c3a-50ad-4b7b-af26-b02db5c6fa44', now());
insert into Message(id, createdat, belongstochannel, createdbyuser, discriminator, content) values ('2aac2c3a-50ad-4b7b-af26-b02db5c6fa44', now(), 'former_Pig0', '2aac2c3a-50ad-4b7b-af26-b02db5c6fa44', 'SimpleMessage', 'residential Basil tomato salad');

insert into AppUser(name, lastSeen) values ('604721b8-c404-42b5-8ba1-a912fb6d9dfa', now());
insert into Message(id, createdat, belongstochannel, createdbyuser, discriminator, content) values ('604721b8-c404-42b5-8ba1-a912fb6d9dfa', now(), 'former_Pig0', '604721b8-c404-42b5-8ba1-a912fb6d9dfa', 'SimpleMessage', 'pleasant Jalapeno pepper jelly chicken');

insert into AppUser(name, lastSeen) values ('1d968cc6-3328-4498-818a-29a6bfa826cb', now());
insert into Message(id, createdat, belongstochannel, createdbyuser, discriminator, content) values ('1d968cc6-3328-4498-818a-29a6bfa826cb', now(), 'former_Pig0', '1d968cc6-3328-4498-818a-29a6bfa826cb', 'SimpleMessage', 'third Asian broccoli salad');

insert into AppUser(name, lastSeen) values ('6d6887a2-5879-4b3f-aa97-8545093b2628', now());
insert into Message(id, createdat, belongstochannel, createdbyuser, discriminator, content) values ('6d6887a2-5879-4b3f-aa97-8545093b2628', now(), 'former_Pig0', '6d6887a2-5879-4b3f-aa97-8545093b2628', 'SimpleMessage', 'reliable Heavenly lemon bread pudding');

insert into AppUser(name, lastSeen) values ('adb63c82-c87c-48f6-902d-8e42b0e88b82', now());
insert into Message(id, createdat, belongstochannel, createdbyuser, discriminator, content) values ('adb63c82-c87c-48f6-902d-8e42b0e88b82', now(), 'former_Pig0', 'adb63c82-c87c-48f6-902d-8e42b0e88b82', 'SimpleMessage', 'distinct Kick a fried onion rings');

insert into AppUser(name, lastSeen) values ('7e91699f-8715-47a6-a685-98b89c78d9de', now());
insert into Message(id, createdat, belongstochannel, createdbyuser, discriminator, content) values ('7e91699f-8715-47a6-a685-98b89c78d9de', now(), 'former_Pig0', '7e91699f-8715-47a6-a685-98b89c78d9de', 'SimpleMessage', 'clever Spinach salad with blue cheese');

insert into AppUser(name, lastSeen) values ('be0695d6-f766-4982-9eba-d0538c51951d', now());
insert into Message(id, createdat, belongstochannel, createdbyuser, discriminator, content) values ('be0695d6-f766-4982-9eba-d0538c51951d', now(), 'conscious_Pig1', 'be0695d6-f766-4982-9eba-d0538c51951d', 'SimpleMessage', 'grand Ruth walls german apple cake');

insert into AppUser(name, lastSeen) values ('3dc4bc20-214e-49fa-87a6-ff8d2b6ef318', now());
insert into Message(id, createdat, belongstochannel, createdbyuser, discriminator, content) values ('3dc4bc20-214e-49fa-87a6-ff8d2b6ef318', now(), 'conscious_Pig1', '3dc4bc20-214e-49fa-87a6-ff8d2b6ef318', 'SimpleMessage', 'entire Spinach salad with feta cheese');

insert into AppUser(name, lastSeen) values ('7dee3494-6f7e-4864-be04-af96cff49db3', now());
insert into Message(id, createdat, belongstochannel, createdbyuser, discriminator, content) values ('7dee3494-6f7e-4864-be04-af96cff49db3', now(), 'conscious_Pig1', '7dee3494-6f7e-4864-be04-af96cff49db3', 'SimpleMessage', 'efficient New england roasted cornish game hens');

insert into AppUser(name, lastSeen) values ('78246664-03ab-463a-8f90-94d591345835', now());
insert into Message(id, createdat, belongstochannel, createdbyuser, discriminator, content) values ('78246664-03ab-463a-8f90-94d591345835', now(), 'conscious_Pig1', '78246664-03ab-463a-8f90-94d591345835', 'SimpleMessage', 'live Steak balmoral and whisky sauce from the witchery by the castle');

insert into AppUser(name, lastSeen) values ('270a578c-9d5b-4801-9602-274a06ecda55', now());
insert into Message(id, createdat, belongstochannel, createdbyuser, discriminator, content) values ('270a578c-9d5b-4801-9602-274a06ecda55', now(), 'conscious_Pig1', '270a578c-9d5b-4801-9602-274a06ecda55', 'SimpleMessage', 'guilty Marinated grilled tuna steak');

insert into AppUser(name, lastSeen) values ('9fdfcb5f-6dc4-4621-82a4-d9b46cf8da20', now());
insert into Message(id, createdat, belongstochannel, createdbyuser, discriminator, content) values ('9fdfcb5f-6dc4-4621-82a4-d9b46cf8da20', now(), 'conscious_Pig1', '9fdfcb5f-6dc4-4621-82a4-d9b46cf8da20', 'SimpleMessage', 'annual Calico peas');

insert into AppUser(name, lastSeen) values ('c02e4f3e-8430-4210-bdb8-b8a149a2233f', now());
insert into Message(id, createdat, belongstochannel, createdbyuser, discriminator, content) values ('c02e4f3e-8430-4210-bdb8-b8a149a2233f', now(), 'conscious_Pig1', 'c02e4f3e-8430-4210-bdb8-b8a149a2233f', 'SimpleMessage', 'marginal Authentic pork lo mein chinese');

insert into AppUser(name, lastSeen) values ('78ea7870-22c9-4ee9-adc6-f43b77af683e', now());
insert into Message(id, createdat, belongstochannel, createdbyuser, discriminator, content) values ('78ea7870-22c9-4ee9-adc6-f43b77af683e', now(), 'conscious_Pig1', '78ea7870-22c9-4ee9-adc6-f43b77af683e', 'SimpleMessage', 'physical Maple coffee');

insert into AppUser(name, lastSeen) values ('4c140394-a66f-47ec-a3ac-8fd3b40f9a38', now());
insert into Message(id, createdat, belongstochannel, createdbyuser, discriminator, content) values ('4c140394-a66f-47ec-a3ac-8fd3b40f9a38', now(), 'conscious_Pig1', '4c140394-a66f-47ec-a3ac-8fd3b40f9a38', 'SimpleMessage', 'rich Blackened tuna bites with cajun mustard');

insert into AppUser(name, lastSeen) values ('0a4f80b7-aac3-47e3-898d-573f25908ec8', now());
insert into Message(id, createdat, belongstochannel, createdbyuser, discriminator, content) values ('0a4f80b7-aac3-47e3-898d-573f25908ec8', now(), 'conscious_Pig1', '0a4f80b7-aac3-47e3-898d-573f25908ec8', 'SimpleMessage', 'expensive Swedish cucumber salad pressgurka');

insert into AppUser(name, lastSeen) values ('0aa79af0-8727-406f-ab5e-cad0aa38f4d8', now());
insert into Message(id, createdat, belongstochannel, createdbyuser, discriminator, content) values ('0aa79af0-8727-406f-ab5e-cad0aa38f4d8', now(), 'scientific_Donkey2', '0aa79af0-8727-406f-ab5e-cad0aa38f4d8', 'SimpleMessage', 'political Chocolate chip bundt cake with chocolate glaze');

insert into AppUser(name, lastSeen) values ('13b4726f-8e7c-47a5-9440-064e9fcd3d51', now());
insert into Message(id, createdat, belongstochannel, createdbyuser, discriminator, content) values ('13b4726f-8e7c-47a5-9440-064e9fcd3d51', now(), 'scientific_Donkey2', '13b4726f-8e7c-47a5-9440-064e9fcd3d51', 'SimpleMessage', 'comfortable Caramel delight');

insert into AppUser(name, lastSeen) values ('34ecea70-747a-49ca-b3f8-b707eb8ee4eb', now());
insert into Message(id, createdat, belongstochannel, createdbyuser, discriminator, content) values ('34ecea70-747a-49ca-b3f8-b707eb8ee4eb', now(), 'scientific_Donkey2', '34ecea70-747a-49ca-b3f8-b707eb8ee4eb', 'SimpleMessage', 'clean I did it my way tossed salad');

insert into AppUser(name, lastSeen) values ('ff8a308f-148a-4071-af57-d6ba4d2ceab1', now());
insert into Message(id, createdat, belongstochannel, createdbyuser, discriminator, content) values ('ff8a308f-148a-4071-af57-d6ba4d2ceab1', now(), 'scientific_Donkey2', 'ff8a308f-148a-4071-af57-d6ba4d2ceab1', 'SimpleMessage', 'attractive Panzanella salad with bacon tomato and basil');

insert into AppUser(name, lastSeen) values ('7bc5f57e-adac-464b-9d98-456ab887c089', now());
insert into Message(id, createdat, belongstochannel, createdbyuser, discriminator, content) values ('7bc5f57e-adac-464b-9d98-456ab887c089', now(), 'scientific_Donkey2', '7bc5f57e-adac-464b-9d98-456ab887c089', 'SimpleMessage', 'cultural Celery and blue cheese salad');

insert into AppUser(name, lastSeen) values ('5fe46adf-1109-420d-a642-a6697963709e', now());
insert into Message(id, createdat, belongstochannel, createdbyuser, discriminator, content) values ('5fe46adf-1109-420d-a642-a6697963709e', now(), 'scientific_Donkey2', '5fe46adf-1109-420d-a642-a6697963709e', 'SimpleMessage', 'reasonable Baby shower pink cloud punch');

insert into AppUser(name, lastSeen) values ('1abc5c9e-0539-42f7-acd1-93ce8f0e76bc', now());
insert into Message(id, createdat, belongstochannel, createdbyuser, discriminator, content) values ('1abc5c9e-0539-42f7-acd1-93ce8f0e76bc', now(), 'scientific_Donkey2', '1abc5c9e-0539-42f7-acd1-93ce8f0e76bc', 'SimpleMessage', 'electoral Oriental asparagus and mushrooms');

insert into AppUser(name, lastSeen) values ('088b0f7c-f4af-4c61-a8a0-6801d6b94a7d', now());
insert into Message(id, createdat, belongstochannel, createdbyuser, discriminator, content) values ('088b0f7c-f4af-4c61-a8a0-6801d6b94a7d', now(), 'scientific_Donkey2', '088b0f7c-f4af-4c61-a8a0-6801d6b94a7d', 'SimpleMessage', 'lucky Cornish game hens with peach glaze');

insert into AppUser(name, lastSeen) values ('5c4c8f74-2d69-47a3-9600-59d25f1a6ec7', now());
insert into Message(id, createdat, belongstochannel, createdbyuser, discriminator, content) values ('5c4c8f74-2d69-47a3-9600-59d25f1a6ec7', now(), 'scientific_Donkey2', '5c4c8f74-2d69-47a3-9600-59d25f1a6ec7', 'SimpleMessage', 'wooden Chicken and yoghurt curry');

insert into AppUser(name, lastSeen) values ('a72a0a89-dcea-4c15-8a08-bab3496ce0bc', now());
insert into Message(id, createdat, belongstochannel, createdbyuser, discriminator, content) values ('a72a0a89-dcea-4c15-8a08-bab3496ce0bc', now(), 'scientific_Donkey2', 'a72a0a89-dcea-4c15-8a08-bab3496ce0bc', 'SimpleMessage', 'quiet Garlic herbed roasted red skin potatoes');

insert into AppUser(name, lastSeen) values ('9ec58426-e45a-4529-b9f7-08357bd5a1a7', now());
insert into Message(id, createdat, belongstochannel, createdbyuser, discriminator, content) values ('9ec58426-e45a-4529-b9f7-08357bd5a1a7', now(), 'chemical_Turkey3', '9ec58426-e45a-4529-b9f7-08357bd5a1a7', 'SimpleMessage', 'ethnic Caribbean sunset');

insert into AppUser(name, lastSeen) values ('3580d7a0-ac4a-489c-b61c-ab44573e653d', now());
insert into Message(id, createdat, belongstochannel, createdbyuser, discriminator, content) values ('3580d7a0-ac4a-489c-b61c-ab44573e653d', now(), 'chemical_Turkey3', '3580d7a0-ac4a-489c-b61c-ab44573e653d', 'SimpleMessage', 'military Cookie monster fruit salad');

insert into AppUser(name, lastSeen) values ('f45f46f2-5689-43d2-bea2-d8f8ae981127', now());
insert into Message(id, createdat, belongstochannel, createdbyuser, discriminator, content) values ('f45f46f2-5689-43d2-bea2-d8f8ae981127', now(), 'chemical_Turkey3', 'f45f46f2-5689-43d2-bea2-d8f8ae981127', 'SimpleMessage', 'sad Orange glazed pork chops');

insert into AppUser(name, lastSeen) values ('5d6b4f8f-dcbc-4720-91e8-45f466e3706f', now());
insert into Message(id, createdat, belongstochannel, createdbyuser, discriminator, content) values ('5d6b4f8f-dcbc-4720-91e8-45f466e3706f', now(), 'chemical_Turkey3', '5d6b4f8f-dcbc-4720-91e8-45f466e3706f', 'SimpleMessage', 'thin Flounder stuffed with shrimp and crabmeat');

insert into AppUser(name, lastSeen) values ('8e9c4c4a-9557-4494-af60-f334ceda9748', now());
insert into Message(id, createdat, belongstochannel, createdbyuser, discriminator, content) values ('8e9c4c4a-9557-4494-af60-f334ceda9748', now(), 'chemical_Turkey3', '8e9c4c4a-9557-4494-af60-f334ceda9748', 'SimpleMessage', 'real Baby greens with mustard vinaigrette');

insert into AppUser(name, lastSeen) values ('3ec69ea2-cb8d-4eca-934d-0e666d70486d', now());
insert into Message(id, createdat, belongstochannel, createdbyuser, discriminator, content) values ('3ec69ea2-cb8d-4eca-934d-0e666d70486d', now(), 'chemical_Turkey3', '3ec69ea2-cb8d-4eca-934d-0e666d70486d', 'SimpleMessage', 'serious The realtors cream cheese corn');

insert into AppUser(name, lastSeen) values ('01f3c532-8cef-436e-90a0-bf971ffb7346', now());
insert into Message(id, createdat, belongstochannel, createdbyuser, discriminator, content) values ('01f3c532-8cef-436e-90a0-bf971ffb7346', now(), 'chemical_Turkey3', '01f3c532-8cef-436e-90a0-bf971ffb7346', 'SimpleMessage', 'liable Golden five spice sticky chicken');

insert into AppUser(name, lastSeen) values ('db63b203-40a9-4663-b094-c3bbf79e36f4', now());
insert into Message(id, createdat, belongstochannel, createdbyuser, discriminator, content) values ('db63b203-40a9-4663-b094-c3bbf79e36f4', now(), 'chemical_Turkey3', 'db63b203-40a9-4663-b094-c3bbf79e36f4', 'SimpleMessage', 'silent Herbed potato with cottage cheese');

insert into AppUser(name, lastSeen) values ('cfcf2280-03b8-4af0-9bff-8320a7a67b0e', now());
insert into Message(id, createdat, belongstochannel, createdbyuser, discriminator, content) values ('cfcf2280-03b8-4af0-9bff-8320a7a67b0e', now(), 'chemical_Turkey3', 'cfcf2280-03b8-4af0-9bff-8320a7a67b0e', 'SimpleMessage', 'professional Spicy chicken soup with hints of lemongrass and coconut milk');

insert into AppUser(name, lastSeen) values ('ba1de73c-e92a-470a-a192-a73c60b2864c', now());
insert into Message(id, createdat, belongstochannel, createdbyuser, discriminator, content) values ('ba1de73c-e92a-470a-a192-a73c60b2864c', now(), 'chemical_Turkey3', 'ba1de73c-e92a-470a-a192-a73c60b2864c', 'SimpleMessage', 'numerous Kittencals chicken cacciatore');

insert into AppUser(name, lastSeen) values ('e615c711-685c-4264-b8c4-1d5a53f13823', now());
insert into Message(id, createdat, belongstochannel, createdbyuser, discriminator, content) values ('e615c711-685c-4264-b8c4-1d5a53f13823', now(), 'bad_Goose4', 'e615c711-685c-4264-b8c4-1d5a53f13823', 'SimpleMessage', 'unusual Agua de valencia knock your socks off spanish cava punch');

insert into AppUser(name, lastSeen) values ('7953778a-4eb8-4a4e-9f97-78221bf855bb', now());
insert into Message(id, createdat, belongstochannel, createdbyuser, discriminator, content) values ('7953778a-4eb8-4a4e-9f97-78221bf855bb', now(), 'bad_Goose4', '7953778a-4eb8-4a4e-9f97-78221bf855bb', 'SimpleMessage', 'second Provencal olives');

insert into AppUser(name, lastSeen) values ('98ef40ff-531d-4661-bbf2-b4fccf3f777d', now());
insert into Message(id, createdat, belongstochannel, createdbyuser, discriminator, content) values ('98ef40ff-531d-4661-bbf2-b4fccf3f777d', now(), 'bad_Goose4', '98ef40ff-531d-4661-bbf2-b4fccf3f777d', 'SimpleMessage', 'excellent Roasted broccoli with cherry tomatoes');

insert into AppUser(name, lastSeen) values ('8df956d0-8543-4299-94a3-440b50baf86a', now());
insert into Message(id, createdat, belongstochannel, createdbyuser, discriminator, content) values ('8df956d0-8543-4299-94a3-440b50baf86a', now(), 'bad_Goose4', '8df956d0-8543-4299-94a3-440b50baf86a', 'SimpleMessage', 'severe Apricot glazed roasted asparagus low fat');

insert into AppUser(name, lastSeen) values ('8323c957-74ac-4741-8f69-1f4945e5b7b6', now());
insert into Message(id, createdat, belongstochannel, createdbyuser, discriminator, content) values ('8323c957-74ac-4741-8f69-1f4945e5b7b6', now(), 'bad_Goose4', '8323c957-74ac-4741-8f69-1f4945e5b7b6', 'SimpleMessage', 'sure Tasty broccoli salad');

insert into AppUser(name, lastSeen) values ('cd7fdcc8-deca-4324-a867-230c653333ac', now());
insert into Message(id, createdat, belongstochannel, createdbyuser, discriminator, content) values ('cd7fdcc8-deca-4324-a867-230c653333ac', now(), 'bad_Goose4', 'cd7fdcc8-deca-4324-a867-230c653333ac', 'SimpleMessage', 'regional Golden five spice sticky chicken');

insert into AppUser(name, lastSeen) values ('97a25700-9c0f-45a9-897c-976e79954b91', now());
insert into Message(id, createdat, belongstochannel, createdbyuser, discriminator, content) values ('97a25700-9c0f-45a9-897c-976e79954b91', now(), 'bad_Goose4', '97a25700-9c0f-45a9-897c-976e79954b91', 'SimpleMessage', 'professional Kittencals pan fried asparagus');

insert into AppUser(name, lastSeen) values ('aada82b7-055c-4883-bbe2-f0f449c33d27', now());
insert into Message(id, createdat, belongstochannel, createdbyuser, discriminator, content) values ('aada82b7-055c-4883-bbe2-f0f449c33d27', now(), 'bad_Goose4', 'aada82b7-055c-4883-bbe2-f0f449c33d27', 'SimpleMessage', 'efficient Curried pea soup');

insert into AppUser(name, lastSeen) values ('a1453209-1825-4fe1-8482-664c118cad54', now());
insert into Message(id, createdat, belongstochannel, createdbyuser, discriminator, content) values ('a1453209-1825-4fe1-8482-664c118cad54', now(), 'bad_Goose4', 'a1453209-1825-4fe1-8482-664c118cad54', 'SimpleMessage', 'private Creamy cucumber dill dip');

insert into AppUser(name, lastSeen) values ('7ec4a343-38ab-4cc6-b145-8c5af61857d7', now());
insert into Message(id, createdat, belongstochannel, createdbyuser, discriminator, content) values ('7ec4a343-38ab-4cc6-b145-8c5af61857d7', now(), 'bad_Goose4', '7ec4a343-38ab-4cc6-b145-8c5af61857d7', 'SimpleMessage', 'big Roasted potatoes and green beans');

insert into AppUser(name, lastSeen) values ('4d4d4e11-2f3d-4d6c-8014-19fb6e01364d', now());
insert into Message(id, createdat, belongstochannel, createdbyuser, discriminator, content) values ('4d4d4e11-2f3d-4d6c-8014-19fb6e01364d', now(), 'chief_Horse5', '4d4d4e11-2f3d-4d6c-8014-19fb6e01364d', 'SimpleMessage', 'positive Parmesan fish in the oven');

insert into AppUser(name, lastSeen) values ('d226772b-825a-4ccf-b553-2427d04a962a', now());
insert into Message(id, createdat, belongstochannel, createdbyuser, discriminator, content) values ('d226772b-825a-4ccf-b553-2427d04a962a', now(), 'chief_Horse5', 'd226772b-825a-4ccf-b553-2427d04a962a', 'SimpleMessage', 'adequate Cornish game hens with peach glaze');

insert into AppUser(name, lastSeen) values ('bed98329-56a5-4c30-b7ee-cf3a9486ef60', now());
insert into Message(id, createdat, belongstochannel, createdbyuser, discriminator, content) values ('bed98329-56a5-4c30-b7ee-cf3a9486ef60', now(), 'chief_Horse5', 'bed98329-56a5-4c30-b7ee-cf3a9486ef60', 'SimpleMessage', 'attractive Tuna cobb salad');

insert into AppUser(name, lastSeen) values ('564dc1c4-2e09-44b4-bfa8-9d9596a02584', now());
insert into Message(id, createdat, belongstochannel, createdbyuser, discriminator, content) values ('564dc1c4-2e09-44b4-bfa8-9d9596a02584', now(), 'chief_Horse5', '564dc1c4-2e09-44b4-bfa8-9d9596a02584', 'SimpleMessage', 'large Amazing sweet italian sausage pasta soup');

insert into AppUser(name, lastSeen) values ('fb626ef0-de23-46d9-bb62-28a0355cd5d7', now());
insert into Message(id, createdat, belongstochannel, createdbyuser, discriminator, content) values ('fb626ef0-de23-46d9-bb62-28a0355cd5d7', now(), 'chief_Horse5', 'fb626ef0-de23-46d9-bb62-28a0355cd5d7', 'SimpleMessage', 'distinctive Lindas special potato salad');

insert into AppUser(name, lastSeen) values ('f55e59cb-2db8-4131-92e7-638c4333b711', now());
insert into Message(id, createdat, belongstochannel, createdbyuser, discriminator, content) values ('f55e59cb-2db8-4131-92e7-638c4333b711', now(), 'chief_Horse5', 'f55e59cb-2db8-4131-92e7-638c4333b711', 'SimpleMessage', 'powerful Chocolate chip bundt cake with chocolate glaze');

insert into AppUser(name, lastSeen) values ('ed276de4-d967-404f-a904-a7d05f4d6c25', now());
insert into Message(id, createdat, belongstochannel, createdbyuser, discriminator, content) values ('ed276de4-d967-404f-a904-a7d05f4d6c25', now(), 'chief_Horse5', 'ed276de4-d967-404f-a904-a7d05f4d6c25', 'SimpleMessage', 'fresh Chicken and penne casserole');

insert into AppUser(name, lastSeen) values ('50d1fc4b-3e9e-4443-9bea-46da3a5abb94', now());
insert into Message(id, createdat, belongstochannel, createdbyuser, discriminator, content) values ('50d1fc4b-3e9e-4443-9bea-46da3a5abb94', now(), 'chief_Horse5', '50d1fc4b-3e9e-4443-9bea-46da3a5abb94', 'SimpleMessage', 'medieval Lemon cajun stir fry');

insert into AppUser(name, lastSeen) values ('e9a27a2b-cd60-4e69-a7c1-9a677e5be0dd', now());
insert into Message(id, createdat, belongstochannel, createdbyuser, discriminator, content) values ('e9a27a2b-cd60-4e69-a7c1-9a677e5be0dd', now(), 'chief_Horse5', 'e9a27a2b-cd60-4e69-a7c1-9a677e5be0dd', 'SimpleMessage', 'wet Long island iced tea applebees tgi fridays style');

insert into AppUser(name, lastSeen) values ('a8a05ab1-548e-40c0-ad4e-17043cb4f067', now());
insert into Message(id, createdat, belongstochannel, createdbyuser, discriminator, content) values ('a8a05ab1-548e-40c0-ad4e-17043cb4f067', now(), 'chief_Horse5', 'a8a05ab1-548e-40c0-ad4e-17043cb4f067', 'SimpleMessage', 'radical Maple cinnamon coffee');

insert into AppUser(name, lastSeen) values ('0c03fefc-a2f8-41b6-bb85-9cde7ec2bfa8', now());
insert into Message(id, createdat, belongstochannel, createdbyuser, discriminator, content) values ('0c03fefc-a2f8-41b6-bb85-9cde7ec2bfa8', now(), 'junior_Goat6', '0c03fefc-a2f8-41b6-bb85-9cde7ec2bfa8', 'SimpleMessage', 'traditional Spanish garlic shrimp taverna');

insert into AppUser(name, lastSeen) values ('28032b96-c21c-4ec2-8735-94b659fd525e', now());
insert into Message(id, createdat, belongstochannel, createdbyuser, discriminator, content) values ('28032b96-c21c-4ec2-8735-94b659fd525e', now(), 'junior_Goat6', '28032b96-c21c-4ec2-8735-94b659fd525e', 'SimpleMessage', 'wrong Spanish garlic shrimp taverna');

insert into AppUser(name, lastSeen) values ('88afc694-8923-47eb-a026-2657c7c4f999', now());
insert into Message(id, createdat, belongstochannel, createdbyuser, discriminator, content) values ('88afc694-8923-47eb-a026-2657c7c4f999', now(), 'junior_Goat6', '88afc694-8923-47eb-a026-2657c7c4f999', 'SimpleMessage', 'grey Creamy beet salad');

insert into AppUser(name, lastSeen) values ('c5357540-fc81-4610-b38d-e134c3aafeff', now());
insert into Message(id, createdat, belongstochannel, createdbyuser, discriminator, content) values ('c5357540-fc81-4610-b38d-e134c3aafeff', now(), 'junior_Goat6', 'c5357540-fc81-4610-b38d-e134c3aafeff', 'SimpleMessage', 'impressive White chocolate cheesecake');

insert into AppUser(name, lastSeen) values ('76759774-f4d1-4a53-bcbf-be8622a9a8d1', now());
insert into Message(id, createdat, belongstochannel, createdbyuser, discriminator, content) values ('76759774-f4d1-4a53-bcbf-be8622a9a8d1', now(), 'junior_Goat6', '76759774-f4d1-4a53-bcbf-be8622a9a8d1', 'SimpleMessage', 'sad Delicious cheesy bacon and green onion potato skins');

insert into AppUser(name, lastSeen) values ('86c6a369-cd11-46f8-8454-8c38895570dd', now());
insert into Message(id, createdat, belongstochannel, createdbyuser, discriminator, content) values ('86c6a369-cd11-46f8-8454-8c38895570dd', now(), 'junior_Goat6', '86c6a369-cd11-46f8-8454-8c38895570dd', 'SimpleMessage', 'bitter Roasted potatoes and green beans');

insert into AppUser(name, lastSeen) values ('a97bb7e6-cf0f-43e3-8c77-41388b742bd2', now());
insert into Message(id, createdat, belongstochannel, createdbyuser, discriminator, content) values ('a97bb7e6-cf0f-43e3-8c77-41388b742bd2', now(), 'junior_Goat6', 'a97bb7e6-cf0f-43e3-8c77-41388b742bd2', 'SimpleMessage', 'careful Confit d oignon french onion marmalade');

insert into AppUser(name, lastSeen) values ('bd48b923-eb5e-43fa-8667-898922392961', now());
insert into Message(id, createdat, belongstochannel, createdbyuser, discriminator, content) values ('bd48b923-eb5e-43fa-8667-898922392961', now(), 'junior_Goat6', 'bd48b923-eb5e-43fa-8667-898922392961', 'SimpleMessage', 'national Asian broccoli salad');

insert into AppUser(name, lastSeen) values ('83558ee3-cde4-4ff9-9389-6489bcd104e2', now());
insert into Message(id, createdat, belongstochannel, createdbyuser, discriminator, content) values ('83558ee3-cde4-4ff9-9389-6489bcd104e2', now(), 'junior_Goat6', '83558ee3-cde4-4ff9-9389-6489bcd104e2', 'SimpleMessage', 'middle Iced banana cream');

insert into AppUser(name, lastSeen) values ('ecde84a5-b8e1-4677-942a-79afe7b7df0a', now());
insert into Message(id, createdat, belongstochannel, createdbyuser, discriminator, content) values ('ecde84a5-b8e1-4677-942a-79afe7b7df0a', now(), 'junior_Goat6', 'ecde84a5-b8e1-4677-942a-79afe7b7df0a', 'SimpleMessage', 'modern Spinach with lemon garlic');

insert into AppUser(name, lastSeen) values ('7e2545aa-b4a0-416f-96f4-640b3580cb7b', now());
insert into Message(id, createdat, belongstochannel, createdbyuser, discriminator, content) values ('7e2545aa-b4a0-416f-96f4-640b3580cb7b', now(), 'literary_Horse7', '7e2545aa-b4a0-416f-96f4-640b3580cb7b', 'SimpleMessage', 'primary Roasted potatoes and green beans');

insert into AppUser(name, lastSeen) values ('0f70e352-8f26-46ff-96dc-d3f47d772fa8', now());
insert into Message(id, createdat, belongstochannel, createdbyuser, discriminator, content) values ('0f70e352-8f26-46ff-96dc-d3f47d772fa8', now(), 'literary_Horse7', '0f70e352-8f26-46ff-96dc-d3f47d772fa8', 'SimpleMessage', 'mad Uncle bills caesar canadian style');

insert into AppUser(name, lastSeen) values ('191245e2-3923-4ccf-b683-16ff6e13d8d6', now());
insert into Message(id, createdat, belongstochannel, createdbyuser, discriminator, content) values ('191245e2-3923-4ccf-b683-16ff6e13d8d6', now(), 'literary_Horse7', '191245e2-3923-4ccf-b683-16ff6e13d8d6', 'SimpleMessage', 'so-called Sriracha honey roasted broccoli');

insert into AppUser(name, lastSeen) values ('7f9d40a0-3057-45a6-8597-11085be637c8', now());
insert into Message(id, createdat, belongstochannel, createdbyuser, discriminator, content) values ('7f9d40a0-3057-45a6-8597-11085be637c8', now(), 'literary_Horse7', '7f9d40a0-3057-45a6-8597-11085be637c8', 'SimpleMessage', 'subsequent No bake hersheys bar pie');

insert into AppUser(name, lastSeen) values ('7f8a906d-61c5-44f2-a042-3b6a17b07899', now());
insert into Message(id, createdat, belongstochannel, createdbyuser, discriminator, content) values ('7f8a906d-61c5-44f2-a042-3b6a17b07899', now(), 'literary_Horse7', '7f8a906d-61c5-44f2-a042-3b6a17b07899', 'SimpleMessage', 'angry Spanish shrimp');

insert into AppUser(name, lastSeen) values ('ad8db518-e814-48c9-82bd-a09e420d9427', now());
insert into Message(id, createdat, belongstochannel, createdbyuser, discriminator, content) values ('ad8db518-e814-48c9-82bd-a09e420d9427', now(), 'literary_Horse7', 'ad8db518-e814-48c9-82bd-a09e420d9427', 'SimpleMessage', 'northern Smoky clam chowder');

insert into AppUser(name, lastSeen) values ('f1e83a48-2f53-4929-bc6f-7248f1296a1a', now());
insert into Message(id, createdat, belongstochannel, createdbyuser, discriminator, content) values ('f1e83a48-2f53-4929-bc6f-7248f1296a1a', now(), 'literary_Horse7', 'f1e83a48-2f53-4929-bc6f-7248f1296a1a', 'SimpleMessage', 'random Kittencals extra crispy fried chicken breast');

insert into AppUser(name, lastSeen) values ('a0a57bee-ba4a-401d-bf74-f7eb511406a7', now());
insert into Message(id, createdat, belongstochannel, createdbyuser, discriminator, content) values ('a0a57bee-ba4a-401d-bf74-f7eb511406a7', now(), 'literary_Horse7', 'a0a57bee-ba4a-401d-bf74-f7eb511406a7', 'SimpleMessage', 'correct Coconut pound cake');

insert into AppUser(name, lastSeen) values ('1309e954-cb1d-440f-b741-ef0e8d8c6f0a', now());
insert into Message(id, createdat, belongstochannel, createdbyuser, discriminator, content) values ('1309e954-cb1d-440f-b741-ef0e8d8c6f0a', now(), 'literary_Horse7', '1309e954-cb1d-440f-b741-ef0e8d8c6f0a', 'SimpleMessage', 'electrical Kittencals chicken cacciatore');

insert into AppUser(name, lastSeen) values ('46d932dc-c4c0-40b4-b945-c256d8380ff6', now());
insert into Message(id, createdat, belongstochannel, createdbyuser, discriminator, content) values ('46d932dc-c4c0-40b4-b945-c256d8380ff6', now(), 'literary_Horse7', '46d932dc-c4c0-40b4-b945-c256d8380ff6', 'SimpleMessage', 'second Lemon and parsley potatoes');

insert into AppUser(name, lastSeen) values ('ea96c9ea-d470-4a6c-9a86-9620811d9495', now());
insert into Message(id, createdat, belongstochannel, createdbyuser, discriminator, content) values ('ea96c9ea-d470-4a6c-9a86-9620811d9495', now(), 'similar_Horse8', 'ea96c9ea-d470-4a6c-9a86-9620811d9495', 'SimpleMessage', 'ready Hot salty nuts');

insert into AppUser(name, lastSeen) values ('cd41c451-6197-4df9-aedb-74f5542cc28f', now());
insert into Message(id, createdat, belongstochannel, createdbyuser, discriminator, content) values ('cd41c451-6197-4df9-aedb-74f5542cc28f', now(), 'similar_Horse8', 'cd41c451-6197-4df9-aedb-74f5542cc28f', 'SimpleMessage', 'wild Sherry buttered shrimp');

insert into AppUser(name, lastSeen) values ('3591712c-7fc6-4a7e-b357-4055b376767f', now());
insert into Message(id, createdat, belongstochannel, createdbyuser, discriminator, content) values ('3591712c-7fc6-4a7e-b357-4055b376767f', now(), 'similar_Horse8', '3591712c-7fc6-4a7e-b357-4055b376767f', 'SimpleMessage', 'full Roasted broccoli with cherry tomatoes');

insert into AppUser(name, lastSeen) values ('e2088b0e-285c-4bf1-a427-b218c6835c8e', now());
insert into Message(id, createdat, belongstochannel, createdbyuser, discriminator, content) values ('e2088b0e-285c-4bf1-a427-b218c6835c8e', now(), 'similar_Horse8', 'e2088b0e-285c-4bf1-a427-b218c6835c8e', 'SimpleMessage', 'high Provencal olives');

insert into AppUser(name, lastSeen) values ('a88313f2-f3eb-4e1d-96ba-44509c52a612', now());
insert into Message(id, createdat, belongstochannel, createdbyuser, discriminator, content) values ('a88313f2-f3eb-4e1d-96ba-44509c52a612', now(), 'similar_Horse8', 'a88313f2-f3eb-4e1d-96ba-44509c52a612', 'SimpleMessage', 'formal Apricot glazed roasted asparagus low fat');

insert into AppUser(name, lastSeen) values ('b89ccea9-7097-4473-9887-1e3b2ca5ec6b', now());
insert into Message(id, createdat, belongstochannel, createdbyuser, discriminator, content) values ('b89ccea9-7097-4473-9887-1e3b2ca5ec6b', now(), 'similar_Horse8', 'b89ccea9-7097-4473-9887-1e3b2ca5ec6b', 'SimpleMessage', 'deaf Butterflied leg of lamb with lots of garlic and rosemary');

insert into AppUser(name, lastSeen) values ('a25749cf-b479-4bcb-8bde-7a16eae9703f', now());
insert into Message(id, createdat, belongstochannel, createdbyuser, discriminator, content) values ('a25749cf-b479-4bcb-8bde-7a16eae9703f', now(), 'similar_Horse8', 'a25749cf-b479-4bcb-8bde-7a16eae9703f', 'SimpleMessage', 'crucial Strawberry and baileys fool');

insert into AppUser(name, lastSeen) values ('2d01b949-9529-40e1-a4ee-0ea65e022115', now());
insert into Message(id, createdat, belongstochannel, createdbyuser, discriminator, content) values ('2d01b949-9529-40e1-a4ee-0ea65e022115', now(), 'similar_Horse8', '2d01b949-9529-40e1-a4ee-0ea65e022115', 'SimpleMessage', 'far Curried pea soup');

insert into AppUser(name, lastSeen) values ('bb0fc775-b7eb-47cc-a8a1-ce1b12cd07da', now());
insert into Message(id, createdat, belongstochannel, createdbyuser, discriminator, content) values ('bb0fc775-b7eb-47cc-a8a1-ce1b12cd07da', now(), 'similar_Horse8', 'bb0fc775-b7eb-47cc-a8a1-ce1b12cd07da', 'SimpleMessage', 'proper Chocolate almond roca bar');

insert into AppUser(name, lastSeen) values ('60a8d5e5-9d58-4796-9e1e-d9983d7c4537', now());
insert into Message(id, createdat, belongstochannel, createdbyuser, discriminator, content) values ('60a8d5e5-9d58-4796-9e1e-d9983d7c4537', now(), 'similar_Horse8', '60a8d5e5-9d58-4796-9e1e-d9983d7c4537', 'SimpleMessage', 'dominant Fantastic mushrooms with garlic butter and parmesan');

insert into AppUser(name, lastSeen) values ('33f28fcc-232c-4628-b3ac-7ee3300f87c2', now());
insert into Message(id, createdat, belongstochannel, createdbyuser, discriminator, content) values ('33f28fcc-232c-4628-b3ac-7ee3300f87c2', now(), 'strategic_Llama9', '33f28fcc-232c-4628-b3ac-7ee3300f87c2', 'SimpleMessage', 'multiple Caramel delight');

insert into AppUser(name, lastSeen) values ('2ea2767d-14cf-4f3d-9a61-b037ddaaa95d', now());
insert into Message(id, createdat, belongstochannel, createdbyuser, discriminator, content) values ('2ea2767d-14cf-4f3d-9a61-b037ddaaa95d', now(), 'strategic_Llama9', '2ea2767d-14cf-4f3d-9a61-b037ddaaa95d', 'SimpleMessage', 'blue Raspberry lemonade');

insert into AppUser(name, lastSeen) values ('1348365b-59c6-46ed-bb5f-9935c8608b17', now());
insert into Message(id, createdat, belongstochannel, createdbyuser, discriminator, content) values ('1348365b-59c6-46ed-bb5f-9935c8608b17', now(), 'strategic_Llama9', '1348365b-59c6-46ed-bb5f-9935c8608b17', 'SimpleMessage', 'valuable Strawberry and baileys fool');

insert into AppUser(name, lastSeen) values ('5f87567d-0b32-45d6-914d-2d32bffdeff8', now());
insert into Message(id, createdat, belongstochannel, createdbyuser, discriminator, content) values ('5f87567d-0b32-45d6-914d-2d32bffdeff8', now(), 'strategic_Llama9', '5f87567d-0b32-45d6-914d-2d32bffdeff8', 'SimpleMessage', 'mean Caribbean sunset');

insert into AppUser(name, lastSeen) values ('522317c2-3e12-4e82-b1a7-e07efbdcf123', now());
insert into Message(id, createdat, belongstochannel, createdbyuser, discriminator, content) values ('522317c2-3e12-4e82-b1a7-e07efbdcf123', now(), 'strategic_Llama9', '522317c2-3e12-4e82-b1a7-e07efbdcf123', 'SimpleMessage', 'warm Kittencals tender microwave corn with husks on');

insert into AppUser(name, lastSeen) values ('ea146d78-5a48-48e3-9500-f07a6b50be93', now());
insert into Message(id, createdat, belongstochannel, createdbyuser, discriminator, content) values ('ea146d78-5a48-48e3-9500-f07a6b50be93', now(), 'strategic_Llama9', 'ea146d78-5a48-48e3-9500-f07a6b50be93', 'SimpleMessage', 'fifth Asian broccoli salad');

insert into AppUser(name, lastSeen) values ('32274604-5d72-4d49-85e4-3d7b0dd185b3', now());
insert into Message(id, createdat, belongstochannel, createdbyuser, discriminator, content) values ('32274604-5d72-4d49-85e4-3d7b0dd185b3', now(), 'strategic_Llama9', '32274604-5d72-4d49-85e4-3d7b0dd185b3', 'SimpleMessage', 'afraid Fried chorizo with garlic');

insert into AppUser(name, lastSeen) values ('756219a8-f2d3-4a36-816b-24bb1ed4b8b6', now());
insert into Message(id, createdat, belongstochannel, createdbyuser, discriminator, content) values ('756219a8-f2d3-4a36-816b-24bb1ed4b8b6', now(), 'strategic_Llama9', '756219a8-f2d3-4a36-816b-24bb1ed4b8b6', 'SimpleMessage', 'poor Healthy italian breadsticks or pizza crust');

insert into AppUser(name, lastSeen) values ('2e3f4b04-c2ef-4ecb-bcdd-85620c7e58b0', now());
insert into Message(id, createdat, belongstochannel, createdbyuser, discriminator, content) values ('2e3f4b04-c2ef-4ecb-bcdd-85620c7e58b0', now(), 'strategic_Llama9', '2e3f4b04-c2ef-4ecb-bcdd-85620c7e58b0', 'SimpleMessage', 'necessary Italian style roast');

insert into AppUser(name, lastSeen) values ('f097fbdf-a49e-4429-903e-d7ac684abcbc', now());
insert into Message(id, createdat, belongstochannel, createdbyuser, discriminator, content) values ('f097fbdf-a49e-4429-903e-d7ac684abcbc', now(), 'strategic_Llama9', 'f097fbdf-a49e-4429-903e-d7ac684abcbc', 'SimpleMessage', 'direct Tilapia in thai sauce');

insert into AppUser(name, lastSeen) values ('2026814d-0b22-4790-90c6-9d812dffe173', now());
insert into Message(id, createdat, belongstochannel, createdbyuser, discriminator, content) values ('2026814d-0b22-4790-90c6-9d812dffe173', now(), 'different_Cow0', '2026814d-0b22-4790-90c6-9d812dffe173', 'SimpleMessage', 'revolutionary Best ever bruschetta');

insert into AppUser(name, lastSeen) values ('ce91e41e-a518-4102-ada8-fd4215ec263b', now());
insert into Message(id, createdat, belongstochannel, createdbyuser, discriminator, content) values ('ce91e41e-a518-4102-ada8-fd4215ec263b', now(), 'different_Cow0', 'ce91e41e-a518-4102-ada8-fd4215ec263b', 'SimpleMessage', 'fine Acorn squash for 2');

insert into AppUser(name, lastSeen) values ('dbcbfec7-a4aa-409e-94a2-729c8b9d8b6c', now());
insert into Message(id, createdat, belongstochannel, createdbyuser, discriminator, content) values ('dbcbfec7-a4aa-409e-94a2-729c8b9d8b6c', now(), 'different_Cow0', 'dbcbfec7-a4aa-409e-94a2-729c8b9d8b6c', 'SimpleMessage', 'narrow Caponata eggplant and lots of good things');

insert into AppUser(name, lastSeen) values ('ebda0135-c4ec-4be7-9ca8-69e9ceef3de3', now());
insert into Message(id, createdat, belongstochannel, createdbyuser, discriminator, content) values ('ebda0135-c4ec-4be7-9ca8-69e9ceef3de3', now(), 'different_Cow0', 'ebda0135-c4ec-4be7-9ca8-69e9ceef3de3', 'SimpleMessage', 'dear Pearls sesame noodles');

insert into AppUser(name, lastSeen) values ('3579c5c2-fd05-45cb-b3ab-afa5f83fa238', now());
insert into Message(id, createdat, belongstochannel, createdbyuser, discriminator, content) values ('3579c5c2-fd05-45cb-b3ab-afa5f83fa238', now(), 'different_Cow0', '3579c5c2-fd05-45cb-b3ab-afa5f83fa238', 'SimpleMessage', 'nuclear Sweet and sour kielbasa kabobs');

insert into AppUser(name, lastSeen) values ('01a1b15a-d9c2-4901-ad68-33578f6b08c7', now());
insert into Message(id, createdat, belongstochannel, createdbyuser, discriminator, content) values ('01a1b15a-d9c2-4901-ad68-33578f6b08c7', now(), 'different_Cow0', '01a1b15a-d9c2-4901-ad68-33578f6b08c7', 'SimpleMessage', 'happy Caramel delight');

insert into AppUser(name, lastSeen) values ('fe0da217-eea2-400a-bfe1-e5da55917c65', now());
insert into Message(id, createdat, belongstochannel, createdbyuser, discriminator, content) values ('fe0da217-eea2-400a-bfe1-e5da55917c65', now(), 'different_Cow0', 'fe0da217-eea2-400a-bfe1-e5da55917c65', 'SimpleMessage', 'democratic Kittencals banana almond muffins with almond streusel');

insert into AppUser(name, lastSeen) values ('2096e931-e182-4b86-9c91-2a3cf9fad7c6', now());
insert into Message(id, createdat, belongstochannel, createdbyuser, discriminator, content) values ('2096e931-e182-4b86-9c91-2a3cf9fad7c6', now(), 'different_Cow0', '2096e931-e182-4b86-9c91-2a3cf9fad7c6', 'SimpleMessage', 'individual Swirled cranberry cheesecake');

insert into AppUser(name, lastSeen) values ('4196a2e4-9edd-4272-9901-e70b6adbec6a', now());
insert into Message(id, createdat, belongstochannel, createdbyuser, discriminator, content) values ('4196a2e4-9edd-4272-9901-e70b6adbec6a', now(), 'different_Cow0', '4196a2e4-9edd-4272-9901-e70b6adbec6a', 'SimpleMessage', 'federal Raspberry lemonade');

insert into AppUser(name, lastSeen) values ('bc3e5af7-e041-49e9-9296-99ae363476bc', now());
insert into Message(id, createdat, belongstochannel, createdbyuser, discriminator, content) values ('bc3e5af7-e041-49e9-9296-99ae363476bc', now(), 'different_Cow0', 'bc3e5af7-e041-49e9-9296-99ae363476bc', 'SimpleMessage', 'experimental Guacamole stuffed deviled eggs');

insert into AppUser(name, lastSeen) values ('0d44b7ec-8192-43a2-9d6a-be17958998ea', now());
insert into Message(id, createdat, belongstochannel, createdbyuser, discriminator, content) values ('0d44b7ec-8192-43a2-9d6a-be17958998ea', now(), 'wide_Cow1', '0d44b7ec-8192-43a2-9d6a-be17958998ea', 'SimpleMessage', 'soviet Kittencals extra crispy fried chicken breast');

insert into AppUser(name, lastSeen) values ('1854c772-aa9c-4f96-8969-3469f68e2abc', now());
insert into Message(id, createdat, belongstochannel, createdbyuser, discriminator, content) values ('1854c772-aa9c-4f96-8969-3469f68e2abc', now(), 'wide_Cow1', '1854c772-aa9c-4f96-8969-3469f68e2abc', 'SimpleMessage', 'mean Creamy strawberries');

insert into AppUser(name, lastSeen) values ('03114050-f2b3-4465-9e8f-d7e7c7d09c14', now());
insert into Message(id, createdat, belongstochannel, createdbyuser, discriminator, content) values ('03114050-f2b3-4465-9e8f-d7e7c7d09c14', now(), 'wide_Cow1', '03114050-f2b3-4465-9e8f-d7e7c7d09c14', 'SimpleMessage', 'unique Maple coffee');

insert into AppUser(name, lastSeen) values ('e4f37be4-464b-455b-a0d6-747a39b7f24e', now());
insert into Message(id, createdat, belongstochannel, createdbyuser, discriminator, content) values ('e4f37be4-464b-455b-a0d6-747a39b7f24e', now(), 'wide_Cow1', 'e4f37be4-464b-455b-a0d6-747a39b7f24e', 'SimpleMessage', 'keen Pearls sesame noodles');

insert into AppUser(name, lastSeen) values ('6fdd900a-f7d0-43e1-a386-2fafe0260250', now());
insert into Message(id, createdat, belongstochannel, createdbyuser, discriminator, content) values ('6fdd900a-f7d0-43e1-a386-2fafe0260250', now(), 'wide_Cow1', '6fdd900a-f7d0-43e1-a386-2fafe0260250', 'SimpleMessage', 'minor Roasted cherry or grape tomatoes');

insert into AppUser(name, lastSeen) values ('cf07cd69-f9f1-4ea1-8c01-ab06a92055bc', now());
insert into Message(id, createdat, belongstochannel, createdbyuser, discriminator, content) values ('cf07cd69-f9f1-4ea1-8c01-ab06a92055bc', now(), 'wide_Cow1', 'cf07cd69-f9f1-4ea1-8c01-ab06a92055bc', 'SimpleMessage', 'afraid Heavenly lemon bread pudding');

insert into AppUser(name, lastSeen) values ('612f28d6-c521-4925-9b86-d9abd284997c', now());
insert into Message(id, createdat, belongstochannel, createdbyuser, discriminator, content) values ('612f28d6-c521-4925-9b86-d9abd284997c', now(), 'wide_Cow1', '612f28d6-c521-4925-9b86-d9abd284997c', 'SimpleMessage', 'former Iced banana cream');

insert into AppUser(name, lastSeen) values ('ce8b70c8-abbe-4de2-a5a1-7ece93d1a298', now());
insert into Message(id, createdat, belongstochannel, createdbyuser, discriminator, content) values ('ce8b70c8-abbe-4de2-a5a1-7ece93d1a298', now(), 'wide_Cow1', 'ce8b70c8-abbe-4de2-a5a1-7ece93d1a298', 'SimpleMessage', 'false De constructed chicken cordon bleu');

insert into AppUser(name, lastSeen) values ('dc1c21f0-1356-4936-9c0c-fd844dd48b8f', now());
insert into Message(id, createdat, belongstochannel, createdbyuser, discriminator, content) values ('dc1c21f0-1356-4936-9c0c-fd844dd48b8f', now(), 'wide_Cow1', 'dc1c21f0-1356-4936-9c0c-fd844dd48b8f', 'SimpleMessage', 'communist French napoleons');

insert into AppUser(name, lastSeen) values ('28019ae1-a0e7-44dc-ab73-9bd83f66bf2c', now());
insert into Message(id, createdat, belongstochannel, createdbyuser, discriminator, content) values ('28019ae1-a0e7-44dc-ab73-9bd83f66bf2c', now(), 'wide_Cow1', '28019ae1-a0e7-44dc-ab73-9bd83f66bf2c', 'SimpleMessage', 'clean Fried almonds');

insert into AppUser(name, lastSeen) values ('1d4b9de3-ac80-4d9b-97ff-6c998edd6586', now());
insert into Message(id, createdat, belongstochannel, createdbyuser, discriminator, content) values ('1d4b9de3-ac80-4d9b-97ff-6c998edd6586', now(), 'dirty_Duck2', '1d4b9de3-ac80-4d9b-97ff-6c998edd6586', 'SimpleMessage', 'intellectual Caramelized onion dip spread');

insert into AppUser(name, lastSeen) values ('e2f5659a-285a-4786-bd1e-b8aa30bc6019', now());
insert into Message(id, createdat, belongstochannel, createdbyuser, discriminator, content) values ('e2f5659a-285a-4786-bd1e-b8aa30bc6019', now(), 'dirty_Duck2', 'e2f5659a-285a-4786-bd1e-b8aa30bc6019', 'SimpleMessage', 'enormous Bbq salmon filet');

insert into AppUser(name, lastSeen) values ('ac33a5ec-678f-431e-affd-2248347653fc', now());
insert into Message(id, createdat, belongstochannel, createdbyuser, discriminator, content) values ('ac33a5ec-678f-431e-affd-2248347653fc', now(), 'dirty_Duck2', 'ac33a5ec-678f-431e-affd-2248347653fc', 'SimpleMessage', 'imperial No bake hersheys bar pie');

insert into AppUser(name, lastSeen) values ('60a29592-bfcc-45de-aada-4f6f2580dd95', now());
insert into Message(id, createdat, belongstochannel, createdbyuser, discriminator, content) values ('60a29592-bfcc-45de-aada-4f6f2580dd95', now(), 'dirty_Duck2', '60a29592-bfcc-45de-aada-4f6f2580dd95', 'SimpleMessage', 'genuine Grilled or baked salmon with lavender');

insert into AppUser(name, lastSeen) values ('61b327d0-8919-447e-bafb-2d371e90ff25', now());
insert into Message(id, createdat, belongstochannel, createdbyuser, discriminator, content) values ('61b327d0-8919-447e-bafb-2d371e90ff25', now(), 'dirty_Duck2', '61b327d0-8919-447e-bafb-2d371e90ff25', 'SimpleMessage', 'historical Kittencals caesar tortellini salad');

insert into AppUser(name, lastSeen) values ('f5aea136-1926-48f7-9254-9cd17da5518e', now());
insert into Message(id, createdat, belongstochannel, createdbyuser, discriminator, content) values ('f5aea136-1926-48f7-9254-9cd17da5518e', now(), 'dirty_Duck2', 'f5aea136-1926-48f7-9254-9cd17da5518e', 'SimpleMessage', 'impossible Kashmir lamb with spinach');

insert into AppUser(name, lastSeen) values ('2f562df6-84d1-4185-aca6-fc75828e9de5', now());
insert into Message(id, createdat, belongstochannel, createdbyuser, discriminator, content) values ('2f562df6-84d1-4185-aca6-fc75828e9de5', now(), 'dirty_Duck2', '2f562df6-84d1-4185-aca6-fc75828e9de5', 'SimpleMessage', 'competitive French napoleons');

insert into AppUser(name, lastSeen) values ('0fd6201a-73bf-4c76-bc3e-957e6de631a0', now());
insert into Message(id, createdat, belongstochannel, createdbyuser, discriminator, content) values ('0fd6201a-73bf-4c76-bc3e-957e6de631a0', now(), 'dirty_Duck2', '0fd6201a-73bf-4c76-bc3e-957e6de631a0', 'SimpleMessage', 'smooth Roasted cherry or grape tomatoes');

insert into AppUser(name, lastSeen) values ('e2aff7da-6f91-4c9e-aba8-2dc3e9a58d72', now());
insert into Message(id, createdat, belongstochannel, createdbyuser, discriminator, content) values ('e2aff7da-6f91-4c9e-aba8-2dc3e9a58d72', now(), 'dirty_Duck2', 'e2aff7da-6f91-4c9e-aba8-2dc3e9a58d72', 'SimpleMessage', 'very Blue margaritas');

insert into AppUser(name, lastSeen) values ('9b7668bc-8fa0-4e1c-95f8-81475df9287a', now());
insert into Message(id, createdat, belongstochannel, createdbyuser, discriminator, content) values ('9b7668bc-8fa0-4e1c-95f8-81475df9287a', now(), 'dirty_Duck2', '9b7668bc-8fa0-4e1c-95f8-81475df9287a', 'SimpleMessage', 'rural Potato ham onion chipotle soup');

insert into AppUser(name, lastSeen) values ('ebac5684-2142-423b-8e31-2fee8221d595', now());
insert into Message(id, createdat, belongstochannel, createdbyuser, discriminator, content) values ('ebac5684-2142-423b-8e31-2fee8221d595', now(), 'adequate_Llama3', 'ebac5684-2142-423b-8e31-2fee8221d595', 'SimpleMessage', 'visual Spinach salad with blue cheese');

insert into AppUser(name, lastSeen) values ('096cb07e-f6fe-44d0-bafa-767d8c500935', now());
insert into Message(id, createdat, belongstochannel, createdbyuser, discriminator, content) values ('096cb07e-f6fe-44d0-bafa-767d8c500935', now(), 'adequate_Llama3', '096cb07e-f6fe-44d0-bafa-767d8c500935', 'SimpleMessage', 'impossible Kathy dessert baked bananas zwt ii asia');

insert into AppUser(name, lastSeen) values ('a6b7929e-6555-4a8f-8348-2d8046dc9222', now());
insert into Message(id, createdat, belongstochannel, createdbyuser, discriminator, content) values ('a6b7929e-6555-4a8f-8348-2d8046dc9222', now(), 'adequate_Llama3', 'a6b7929e-6555-4a8f-8348-2d8046dc9222', 'SimpleMessage', 'mass Tuna cobb salad');

insert into AppUser(name, lastSeen) values ('ba649034-12c2-43a7-88a8-3792fb8ac539', now());
insert into Message(id, createdat, belongstochannel, createdbyuser, discriminator, content) values ('ba649034-12c2-43a7-88a8-3792fb8ac539', now(), 'adequate_Llama3', 'ba649034-12c2-43a7-88a8-3792fb8ac539', 'SimpleMessage', 'thin Creamy beet salad');

insert into AppUser(name, lastSeen) values ('943aa6c9-793b-44c5-9ff9-d75d07c78bc0', now());
insert into Message(id, createdat, belongstochannel, createdbyuser, discriminator, content) values ('943aa6c9-793b-44c5-9ff9-d75d07c78bc0', now(), 'adequate_Llama3', '943aa6c9-793b-44c5-9ff9-d75d07c78bc0', 'SimpleMessage', 'sensitive No bake hersheys bar pie');

insert into AppUser(name, lastSeen) values ('465cfdda-f5e2-4d96-bc05-7c6dc0be63af', now());
insert into Message(id, createdat, belongstochannel, createdbyuser, discriminator, content) values ('465cfdda-f5e2-4d96-bc05-7c6dc0be63af', now(), 'adequate_Llama3', '465cfdda-f5e2-4d96-bc05-7c6dc0be63af', 'SimpleMessage', 'nice Amazing sweet italian sausage pasta soup');

insert into AppUser(name, lastSeen) values ('d1eadd4c-a78b-4da0-99b0-2e16aa580e7b', now());
insert into Message(id, createdat, belongstochannel, createdbyuser, discriminator, content) values ('d1eadd4c-a78b-4da0-99b0-2e16aa580e7b', now(), 'adequate_Llama3', 'd1eadd4c-a78b-4da0-99b0-2e16aa580e7b', 'SimpleMessage', 'pink Mashed potatoes with bacon and cheddar');

insert into AppUser(name, lastSeen) values ('9366b64a-5d34-4118-a479-570be4ac2ca3', now());
insert into Message(id, createdat, belongstochannel, createdbyuser, discriminator, content) values ('9366b64a-5d34-4118-a479-570be4ac2ca3', now(), 'adequate_Llama3', '9366b64a-5d34-4118-a479-570be4ac2ca3', 'SimpleMessage', 'afraid Jiffy punch');

insert into AppUser(name, lastSeen) values ('55dd8b23-38be-43d2-b458-bbe07548a1c8', now());
insert into Message(id, createdat, belongstochannel, createdbyuser, discriminator, content) values ('55dd8b23-38be-43d2-b458-bbe07548a1c8', now(), 'adequate_Llama3', '55dd8b23-38be-43d2-b458-bbe07548a1c8', 'SimpleMessage', 'significant Hot salty nuts');

insert into AppUser(name, lastSeen) values ('b704fc44-a869-4cc4-8224-184bcbb72f03', now());
insert into Message(id, createdat, belongstochannel, createdbyuser, discriminator, content) values ('b704fc44-a869-4cc4-8224-184bcbb72f03', now(), 'adequate_Llama3', 'b704fc44-a869-4cc4-8224-184bcbb72f03', 'SimpleMessage', 'mere Grilled or baked salmon with lavender');

insert into AppUser(name, lastSeen) values ('88b48fe9-40a2-45ac-8516-3579896b844b', now());
insert into Message(id, createdat, belongstochannel, createdbyuser, discriminator, content) values ('88b48fe9-40a2-45ac-8516-3579896b844b', now(), 'pure_Donkey4', '88b48fe9-40a2-45ac-8516-3579896b844b', 'SimpleMessage', 'brief Kittencals really great old fashioned lemonade');

insert into AppUser(name, lastSeen) values ('9f2cfe55-8ddc-448a-a968-913c485c0007', now());
insert into Message(id, createdat, belongstochannel, createdbyuser, discriminator, content) values ('9f2cfe55-8ddc-448a-a968-913c485c0007', now(), 'pure_Donkey4', '9f2cfe55-8ddc-448a-a968-913c485c0007', 'SimpleMessage', 'appropriate Foolproof standing prime rib roast paula deen');

insert into AppUser(name, lastSeen) values ('b889ff29-eadc-4a13-ad26-6bfe029ab889', now());
insert into Message(id, createdat, belongstochannel, createdbyuser, discriminator, content) values ('b889ff29-eadc-4a13-ad26-6bfe029ab889', now(), 'pure_Donkey4', 'b889ff29-eadc-4a13-ad26-6bfe029ab889', 'SimpleMessage', 'popular Bbq salmon filet');

insert into AppUser(name, lastSeen) values ('5c9c2d45-76e7-484d-b5b3-633099b4459a', now());
insert into Message(id, createdat, belongstochannel, createdbyuser, discriminator, content) values ('5c9c2d45-76e7-484d-b5b3-633099b4459a', now(), 'pure_Donkey4', '5c9c2d45-76e7-484d-b5b3-633099b4459a', 'SimpleMessage', 'nineteenth Kittencals extra crispy fried chicken breast');

insert into AppUser(name, lastSeen) values ('5a25b5c6-492c-4e01-9e86-474a086c0b0e', now());
insert into Message(id, createdat, belongstochannel, createdbyuser, discriminator, content) values ('5a25b5c6-492c-4e01-9e86-474a086c0b0e', now(), 'pure_Donkey4', '5a25b5c6-492c-4e01-9e86-474a086c0b0e', 'SimpleMessage', 'electric Coconut pound cake');

insert into AppUser(name, lastSeen) values ('6a076f03-c69d-432a-b870-52cf43a32469', now());
insert into Message(id, createdat, belongstochannel, createdbyuser, discriminator, content) values ('6a076f03-c69d-432a-b870-52cf43a32469', now(), 'pure_Donkey4', '6a076f03-c69d-432a-b870-52cf43a32469', 'SimpleMessage', 'essential Frozen kahlua creme');

insert into AppUser(name, lastSeen) values ('f011c137-2cfd-45f8-8a1d-daa5f1cd7dff', now());
insert into Message(id, createdat, belongstochannel, createdbyuser, discriminator, content) values ('f011c137-2cfd-45f8-8a1d-daa5f1cd7dff', now(), 'pure_Donkey4', 'f011c137-2cfd-45f8-8a1d-daa5f1cd7dff', 'SimpleMessage', 'sorry Frozen kahlua creme');

insert into AppUser(name, lastSeen) values ('eaa91fca-3f01-49b9-b3ec-f6533912b928', now());
insert into Message(id, createdat, belongstochannel, createdbyuser, discriminator, content) values ('eaa91fca-3f01-49b9-b3ec-f6533912b928', now(), 'pure_Donkey4', 'eaa91fca-3f01-49b9-b3ec-f6533912b928', 'SimpleMessage', 'individual Guava mojito');

insert into AppUser(name, lastSeen) values ('94188aaa-b281-4755-a5e0-5c04eac55071', now());
insert into Message(id, createdat, belongstochannel, createdbyuser, discriminator, content) values ('94188aaa-b281-4755-a5e0-5c04eac55071', now(), 'pure_Donkey4', '94188aaa-b281-4755-a5e0-5c04eac55071', 'SimpleMessage', 'reliable Swedish cucumber salad pressgurka');

insert into AppUser(name, lastSeen) values ('b3d3eebf-d4f3-433d-af04-79f3cd870da4', now());
insert into Message(id, createdat, belongstochannel, createdbyuser, discriminator, content) values ('b3d3eebf-d4f3-433d-af04-79f3cd870da4', now(), 'pure_Donkey4', 'b3d3eebf-d4f3-433d-af04-79f3cd870da4', 'SimpleMessage', 'certain Lemon and oregano lamb loin chops');

insert into AppUser(name, lastSeen) values ('b50c3c30-fc6e-42a9-ac85-92c6448b4b19', now());
insert into Message(id, createdat, belongstochannel, createdbyuser, discriminator, content) values ('b50c3c30-fc6e-42a9-ac85-92c6448b4b19', now(), 'generous_Llama5', 'b50c3c30-fc6e-42a9-ac85-92c6448b4b19', 'SimpleMessage', 'exact Fresh orange slices with honey and cinnamon');

insert into AppUser(name, lastSeen) values ('c7dadaed-0763-4faf-8f87-c92b5ce05e6a', now());
insert into Message(id, createdat, belongstochannel, createdbyuser, discriminator, content) values ('c7dadaed-0763-4faf-8f87-c92b5ce05e6a', now(), 'generous_Llama5', 'c7dadaed-0763-4faf-8f87-c92b5ce05e6a', 'SimpleMessage', 'unique Asparagus with lemon butter crumbs');

insert into AppUser(name, lastSeen) values ('b9fe7473-ff3b-41f9-ba10-9abde6f905a1', now());
insert into Message(id, createdat, belongstochannel, createdbyuser, discriminator, content) values ('b9fe7473-ff3b-41f9-ba10-9abde6f905a1', now(), 'generous_Llama5', 'b9fe7473-ff3b-41f9-ba10-9abde6f905a1', 'SimpleMessage', 'bad Cookie monster fruit salad');

insert into AppUser(name, lastSeen) values ('302f3ea5-0ec0-4d82-a234-d4e3fb048ba2', now());
insert into Message(id, createdat, belongstochannel, createdbyuser, discriminator, content) values ('302f3ea5-0ec0-4d82-a234-d4e3fb048ba2', now(), 'generous_Llama5', '302f3ea5-0ec0-4d82-a234-d4e3fb048ba2', 'SimpleMessage', 'busy Healthy italian breadsticks or pizza crust');

insert into AppUser(name, lastSeen) values ('bbd4eb74-ff5b-425e-9cd4-7a059eed07f1', now());
insert into Message(id, createdat, belongstochannel, createdbyuser, discriminator, content) values ('bbd4eb74-ff5b-425e-9cd4-7a059eed07f1', now(), 'generous_Llama5', 'bbd4eb74-ff5b-425e-9cd4-7a059eed07f1', 'SimpleMessage', 'sad Wild addicting dip');

insert into AppUser(name, lastSeen) values ('c148ed2d-c2dd-4a3e-8496-23c55d572d53', now());
insert into Message(id, createdat, belongstochannel, createdbyuser, discriminator, content) values ('c148ed2d-c2dd-4a3e-8496-23c55d572d53', now(), 'generous_Llama5', 'c148ed2d-c2dd-4a3e-8496-23c55d572d53', 'SimpleMessage', 'sixth Golden five spice sticky chicken');

insert into AppUser(name, lastSeen) values ('43127376-68aa-4c5d-8766-1dd71e87a729', now());
insert into Message(id, createdat, belongstochannel, createdbyuser, discriminator, content) values ('43127376-68aa-4c5d-8766-1dd71e87a729', now(), 'generous_Llama5', '43127376-68aa-4c5d-8766-1dd71e87a729', 'SimpleMessage', 'occasional Best ever bruschetta');

insert into AppUser(name, lastSeen) values ('be48c855-8fc7-40a1-b335-a1b3d29f5a31', now());
insert into Message(id, createdat, belongstochannel, createdbyuser, discriminator, content) values ('be48c855-8fc7-40a1-b335-a1b3d29f5a31', now(), 'generous_Llama5', 'be48c855-8fc7-40a1-b335-a1b3d29f5a31', 'SimpleMessage', 'theoretical Sweet and sour kielbasa kabobs');

insert into AppUser(name, lastSeen) values ('d2a229e9-0f05-4e10-ae9b-3350119a4084', now());
insert into Message(id, createdat, belongstochannel, createdbyuser, discriminator, content) values ('d2a229e9-0f05-4e10-ae9b-3350119a4084', now(), 'generous_Llama5', 'd2a229e9-0f05-4e10-ae9b-3350119a4084', 'SimpleMessage', 'universal Kick a fried onion rings');

insert into AppUser(name, lastSeen) values ('75bb832d-c113-4d30-aeb0-3401ee59d2a4', now());
insert into Message(id, createdat, belongstochannel, createdbyuser, discriminator, content) values ('75bb832d-c113-4d30-aeb0-3401ee59d2a4', now(), 'generous_Llama5', '75bb832d-c113-4d30-aeb0-3401ee59d2a4', 'SimpleMessage', 'sensible Baby greens with mustard vinaigrette');

insert into AppUser(name, lastSeen) values ('c874e8b3-3a39-4d67-b837-5bb55e4a454c', now());
insert into Message(id, createdat, belongstochannel, createdbyuser, discriminator, content) values ('c874e8b3-3a39-4d67-b837-5bb55e4a454c', now(), 'internal_Horse6', 'c874e8b3-3a39-4d67-b837-5bb55e4a454c', 'SimpleMessage', 'angry Basil tomato salad');

insert into AppUser(name, lastSeen) values ('3e0731e1-5474-42d1-a619-ae0611e570a8', now());
insert into Message(id, createdat, belongstochannel, createdbyuser, discriminator, content) values ('3e0731e1-5474-42d1-a619-ae0611e570a8', now(), 'internal_Horse6', '3e0731e1-5474-42d1-a619-ae0611e570a8', 'SimpleMessage', 'medical Confit d oignon french onion marmalade');

insert into AppUser(name, lastSeen) values ('076bb2a0-ee82-4d0d-b5cd-518bfb7dc675', now());
insert into Message(id, createdat, belongstochannel, createdbyuser, discriminator, content) values ('076bb2a0-ee82-4d0d-b5cd-518bfb7dc675', now(), 'internal_Horse6', '076bb2a0-ee82-4d0d-b5cd-518bfb7dc675', 'SimpleMessage', 'asleep Creamy strawberries');

insert into AppUser(name, lastSeen) values ('b27bc7e7-0255-491a-b2e5-d1af1321025c', now());
insert into Message(id, createdat, belongstochannel, createdbyuser, discriminator, content) values ('b27bc7e7-0255-491a-b2e5-d1af1321025c', now(), 'internal_Horse6', 'b27bc7e7-0255-491a-b2e5-d1af1321025c', 'SimpleMessage', 'typical Roasted potatoes and green beans');

insert into AppUser(name, lastSeen) values ('dc3822b5-f643-4175-8b73-187f5e13581e', now());
insert into Message(id, createdat, belongstochannel, createdbyuser, discriminator, content) values ('dc3822b5-f643-4175-8b73-187f5e13581e', now(), 'internal_Horse6', 'dc3822b5-f643-4175-8b73-187f5e13581e', 'SimpleMessage', 'common Bo kaap cape malay curry powder south african spice mixture');

insert into AppUser(name, lastSeen) values ('7046e931-2984-4ade-8e6d-697e951565d0', now());
insert into Message(id, createdat, belongstochannel, createdbyuser, discriminator, content) values ('7046e931-2984-4ade-8e6d-697e951565d0', now(), 'internal_Horse6', '7046e931-2984-4ade-8e6d-697e951565d0', 'SimpleMessage', 'keen Lindas chunky garlic mashed potatoes');

insert into AppUser(name, lastSeen) values ('a08c8225-9af6-4dab-a480-0aaf57bacc65', now());
insert into Message(id, createdat, belongstochannel, createdbyuser, discriminator, content) values ('a08c8225-9af6-4dab-a480-0aaf57bacc65', now(), 'internal_Horse6', 'a08c8225-9af6-4dab-a480-0aaf57bacc65', 'SimpleMessage', 'anxious Spicy catfish tenders with cajun tartar sauce');

insert into AppUser(name, lastSeen) values ('a0ef0057-4507-4835-8df7-1a63b5117ad3', now());
insert into Message(id, createdat, belongstochannel, createdbyuser, discriminator, content) values ('a0ef0057-4507-4835-8df7-1a63b5117ad3', now(), 'internal_Horse6', 'a0ef0057-4507-4835-8df7-1a63b5117ad3', 'SimpleMessage', 'global Best ever bruschetta');

insert into AppUser(name, lastSeen) values ('5e13eb7b-d4c8-41b0-8cb2-e127804cda42', now());
insert into Message(id, createdat, belongstochannel, createdbyuser, discriminator, content) values ('5e13eb7b-d4c8-41b0-8cb2-e127804cda42', now(), 'internal_Horse6', '5e13eb7b-d4c8-41b0-8cb2-e127804cda42', 'SimpleMessage', 'plain Lemon and oregano lamb loin chops');

insert into AppUser(name, lastSeen) values ('820362c1-817e-4c67-9a99-a6b227723adb', now());
insert into Message(id, createdat, belongstochannel, createdbyuser, discriminator, content) values ('820362c1-817e-4c67-9a99-a6b227723adb', now(), 'internal_Horse6', '820362c1-817e-4c67-9a99-a6b227723adb', 'SimpleMessage', 'german Fried almonds');

insert into AppUser(name, lastSeen) values ('dbe35929-e9dd-4bcf-8c90-b10828ea7295', now());
insert into Message(id, createdat, belongstochannel, createdbyuser, discriminator, content) values ('dbe35929-e9dd-4bcf-8c90-b10828ea7295', now(), 'historical_Llama7', 'dbe35929-e9dd-4bcf-8c90-b10828ea7295', 'SimpleMessage', 'usual Guacamole stuffed deviled eggs');

insert into AppUser(name, lastSeen) values ('cded2004-65e8-45d1-8918-3f10e316a5b9', now());
insert into Message(id, createdat, belongstochannel, createdbyuser, discriminator, content) values ('cded2004-65e8-45d1-8918-3f10e316a5b9', now(), 'historical_Llama7', 'cded2004-65e8-45d1-8918-3f10e316a5b9', 'SimpleMessage', 'ordinary Asian broccoli salad');

insert into AppUser(name, lastSeen) values ('d90b23e9-437d-4950-94d5-e4c3e1c8401d', now());
insert into Message(id, createdat, belongstochannel, createdbyuser, discriminator, content) values ('d90b23e9-437d-4950-94d5-e4c3e1c8401d', now(), 'historical_Llama7', 'd90b23e9-437d-4950-94d5-e4c3e1c8401d', 'SimpleMessage', 'present Scallop saute');

insert into AppUser(name, lastSeen) values ('f9d9ce36-5aa8-4ab5-9151-3151a4a14df9', now());
insert into Message(id, createdat, belongstochannel, createdbyuser, discriminator, content) values ('f9d9ce36-5aa8-4ab5-9151-3151a4a14df9', now(), 'historical_Llama7', 'f9d9ce36-5aa8-4ab5-9151-3151a4a14df9', 'SimpleMessage', 'severe Baby greens with pears gorgonzola and pecans');

insert into AppUser(name, lastSeen) values ('7fd543fb-7888-404d-8bfe-fd75082c1eda', now());
insert into Message(id, createdat, belongstochannel, createdbyuser, discriminator, content) values ('7fd543fb-7888-404d-8bfe-fd75082c1eda', now(), 'historical_Llama7', '7fd543fb-7888-404d-8bfe-fd75082c1eda', 'SimpleMessage', 'critical Long island iced tea applebees tgi fridays style');

insert into AppUser(name, lastSeen) values ('d5918fc4-5701-4f51-96f8-13f24da0d872', now());
insert into Message(id, createdat, belongstochannel, createdbyuser, discriminator, content) values ('d5918fc4-5701-4f51-96f8-13f24da0d872', now(), 'historical_Llama7', 'd5918fc4-5701-4f51-96f8-13f24da0d872', 'SimpleMessage', 'excellent Healthy italian breadsticks or pizza crust');

insert into AppUser(name, lastSeen) values ('d461c4a9-722e-44c8-a537-6c4ffc9f75a6', now());
insert into Message(id, createdat, belongstochannel, createdbyuser, discriminator, content) values ('d461c4a9-722e-44c8-a537-6c4ffc9f75a6', now(), 'historical_Llama7', 'd461c4a9-722e-44c8-a537-6c4ffc9f75a6', 'SimpleMessage', 'acceptable Cracker barrel baby carrots');

insert into AppUser(name, lastSeen) values ('2874b38f-bc90-4118-877f-c758e2a79a83', now());
insert into Message(id, createdat, belongstochannel, createdbyuser, discriminator, content) values ('2874b38f-bc90-4118-877f-c758e2a79a83', now(), 'historical_Llama7', '2874b38f-bc90-4118-877f-c758e2a79a83', 'SimpleMessage', 'angry Blue margaritas');

insert into AppUser(name, lastSeen) values ('09963dcc-df72-4b81-8d8c-fa6cf317c5cc', now());
insert into Message(id, createdat, belongstochannel, createdbyuser, discriminator, content) values ('09963dcc-df72-4b81-8d8c-fa6cf317c5cc', now(), 'historical_Llama7', '09963dcc-df72-4b81-8d8c-fa6cf317c5cc', 'SimpleMessage', 'federal Spicy catfish tenders with cajun tartar sauce');

insert into AppUser(name, lastSeen) values ('5476df26-0a6f-4acd-843c-857c5c4385e3', now());
insert into Message(id, createdat, belongstochannel, createdbyuser, discriminator, content) values ('5476df26-0a6f-4acd-843c-857c5c4385e3', now(), 'historical_Llama7', '5476df26-0a6f-4acd-843c-857c5c4385e3', 'SimpleMessage', 'glad Fried almonds');

insert into AppUser(name, lastSeen) values ('1ce4fb4e-6d42-490a-a4ba-ef3713219dcb', now());
insert into Message(id, createdat, belongstochannel, createdbyuser, discriminator, content) values ('1ce4fb4e-6d42-490a-a4ba-ef3713219dcb', now(), 'vast_Duck8', '1ce4fb4e-6d42-490a-a4ba-ef3713219dcb', 'SimpleMessage', 'bitter Chocolate angel food cake');

insert into AppUser(name, lastSeen) values ('db80410d-65a9-472e-b55e-7e9c81352c0f', now());
insert into Message(id, createdat, belongstochannel, createdbyuser, discriminator, content) values ('db80410d-65a9-472e-b55e-7e9c81352c0f', now(), 'vast_Duck8', 'db80410d-65a9-472e-b55e-7e9c81352c0f', 'SimpleMessage', 'critical Buttermilk mashed potatoes with country mustard');

insert into AppUser(name, lastSeen) values ('e479862b-2949-4d39-856f-672f5733b6ac', now());
insert into Message(id, createdat, belongstochannel, createdbyuser, discriminator, content) values ('e479862b-2949-4d39-856f-672f5733b6ac', now(), 'vast_Duck8', 'e479862b-2949-4d39-856f-672f5733b6ac', 'SimpleMessage', 'sure Caf a la russe chocolate coffee');

insert into AppUser(name, lastSeen) values ('cb8065fb-790d-4c12-b3dc-a06a0c74c547', now());
insert into Message(id, createdat, belongstochannel, createdbyuser, discriminator, content) values ('cb8065fb-790d-4c12-b3dc-a06a0c74c547', now(), 'vast_Duck8', 'cb8065fb-790d-4c12-b3dc-a06a0c74c547', 'SimpleMessage', 'independent Roasted cherry or grape tomatoes');

insert into AppUser(name, lastSeen) values ('772145b1-1407-4e83-8ce0-da01dd13d601', now());
insert into Message(id, createdat, belongstochannel, createdbyuser, discriminator, content) values ('772145b1-1407-4e83-8ce0-da01dd13d601', now(), 'vast_Duck8', '772145b1-1407-4e83-8ce0-da01dd13d601', 'SimpleMessage', 'global Mashed potatoes with bacon and cheddar');

insert into AppUser(name, lastSeen) values ('7bc4ae37-5cbf-438e-b015-eaf31e21b124', now());
insert into Message(id, createdat, belongstochannel, createdbyuser, discriminator, content) values ('7bc4ae37-5cbf-438e-b015-eaf31e21b124', now(), 'vast_Duck8', '7bc4ae37-5cbf-438e-b015-eaf31e21b124', 'SimpleMessage', 'communist Kittencals tender microwave corn with husks on');

insert into AppUser(name, lastSeen) values ('e129ed5f-b7ca-414c-bb85-907e29cbf744', now());
insert into Message(id, createdat, belongstochannel, createdbyuser, discriminator, content) values ('e129ed5f-b7ca-414c-bb85-907e29cbf744', now(), 'vast_Duck8', 'e129ed5f-b7ca-414c-bb85-907e29cbf744', 'SimpleMessage', 'net Bo kaap cape malay curry powder south african spice mixture');

insert into AppUser(name, lastSeen) values ('f843529f-3cdf-4ff7-8659-3981c8a6bf33', now());
insert into Message(id, createdat, belongstochannel, createdbyuser, discriminator, content) values ('f843529f-3cdf-4ff7-8659-3981c8a6bf33', now(), 'vast_Duck8', 'f843529f-3cdf-4ff7-8659-3981c8a6bf33', 'SimpleMessage', 'fast Panzanella salad with bacon tomato and basil');

insert into AppUser(name, lastSeen) values ('6ec69dee-9d79-4e0b-a949-b10a239bf7e4', now());
insert into Message(id, createdat, belongstochannel, createdbyuser, discriminator, content) values ('6ec69dee-9d79-4e0b-a949-b10a239bf7e4', now(), 'vast_Duck8', '6ec69dee-9d79-4e0b-a949-b10a239bf7e4', 'SimpleMessage', 'outstanding Sweet onion and mashed potato bake');

insert into AppUser(name, lastSeen) values ('de5bbca4-3de3-4f91-9181-a28519b0777b', now());
insert into Message(id, createdat, belongstochannel, createdbyuser, discriminator, content) values ('de5bbca4-3de3-4f91-9181-a28519b0777b', now(), 'vast_Duck8', 'de5bbca4-3de3-4f91-9181-a28519b0777b', 'SimpleMessage', 'southern Kittencals greek garden salad with greek style dressing');

insert into AppUser(name, lastSeen) values ('c050a53e-4e8d-4e6c-9974-aafd6a03c2c2', now());
insert into Message(id, createdat, belongstochannel, createdbyuser, discriminator, content) values ('c050a53e-4e8d-4e6c-9974-aafd6a03c2c2', now(), 'similar_Goat9', 'c050a53e-4e8d-4e6c-9974-aafd6a03c2c2', 'SimpleMessage', 'raw T g i fridays mudslide');

insert into AppUser(name, lastSeen) values ('e3f16557-a383-4a20-9b31-68f3ca2015ed', now());
insert into Message(id, createdat, belongstochannel, createdbyuser, discriminator, content) values ('e3f16557-a383-4a20-9b31-68f3ca2015ed', now(), 'similar_Goat9', 'e3f16557-a383-4a20-9b31-68f3ca2015ed', 'SimpleMessage', 'false Buttermilk mashed potatoes with country mustard');

insert into AppUser(name, lastSeen) values ('2dc4810c-783c-458d-8d23-046908decbd2', now());
insert into Message(id, createdat, belongstochannel, createdbyuser, discriminator, content) values ('2dc4810c-783c-458d-8d23-046908decbd2', now(), 'similar_Goat9', '2dc4810c-783c-458d-8d23-046908decbd2', 'SimpleMessage', 'valuable Buttermilk mashed potatoes with country mustard');

insert into AppUser(name, lastSeen) values ('6187645e-3eda-4f42-b369-4e77f3cf8915', now());
insert into Message(id, createdat, belongstochannel, createdbyuser, discriminator, content) values ('6187645e-3eda-4f42-b369-4e77f3cf8915', now(), 'similar_Goat9', '6187645e-3eda-4f42-b369-4e77f3cf8915', 'SimpleMessage', 'extra Kittencals pan fried asparagus');

insert into AppUser(name, lastSeen) values ('3b717f01-475f-42f8-a083-50e964d52293', now());
insert into Message(id, createdat, belongstochannel, createdbyuser, discriminator, content) values ('3b717f01-475f-42f8-a083-50e964d52293', now(), 'similar_Goat9', '3b717f01-475f-42f8-a083-50e964d52293', 'SimpleMessage', 'generous Kittencals pan fried asparagus');

insert into AppUser(name, lastSeen) values ('7ffb3f8c-ddf7-4f28-b3ca-d93e8adebe46', now());
insert into Message(id, createdat, belongstochannel, createdbyuser, discriminator, content) values ('7ffb3f8c-ddf7-4f28-b3ca-d93e8adebe46', now(), 'similar_Goat9', '7ffb3f8c-ddf7-4f28-b3ca-d93e8adebe46', 'SimpleMessage', 'lovely Kittencals caesar tortellini salad');

insert into AppUser(name, lastSeen) values ('6179c142-1bb8-4b81-9571-bc80da5ba545', now());
insert into Message(id, createdat, belongstochannel, createdbyuser, discriminator, content) values ('6179c142-1bb8-4b81-9571-bc80da5ba545', now(), 'similar_Goat9', '6179c142-1bb8-4b81-9571-bc80da5ba545', 'SimpleMessage', 'grey Nude beach');

insert into AppUser(name, lastSeen) values ('f92e67fb-b6b0-4127-b3d6-a5bb53c1374f', now());
insert into Message(id, createdat, belongstochannel, createdbyuser, discriminator, content) values ('f92e67fb-b6b0-4127-b3d6-a5bb53c1374f', now(), 'similar_Goat9', 'f92e67fb-b6b0-4127-b3d6-a5bb53c1374f', 'SimpleMessage', 'whole Death by chocolate cake');

insert into AppUser(name, lastSeen) values ('c22bca3d-282f-4eca-b871-81abb577c9f1', now());
insert into Message(id, createdat, belongstochannel, createdbyuser, discriminator, content) values ('c22bca3d-282f-4eca-b871-81abb577c9f1', now(), 'similar_Goat9', 'c22bca3d-282f-4eca-b871-81abb577c9f1', 'SimpleMessage', 'emotional Hot salty nuts');

insert into AppUser(name, lastSeen) values ('43aa509f-3437-4ce9-b9f5-900c0e98f849', now());
insert into Message(id, createdat, belongstochannel, createdbyuser, discriminator, content) values ('43aa509f-3437-4ce9-b9f5-900c0e98f849', now(), 'similar_Goat9', '43aa509f-3437-4ce9-b9f5-900c0e98f849', 'SimpleMessage', 'cold Fresh tomato and cucumber salad');

insert into AppUser(name, lastSeen) values ('348e0f4d-2198-4bf2-b590-bd1d623b3283', now());
insert into Message(id, createdat, belongstochannel, createdbyuser, discriminator, content) values ('348e0f4d-2198-4bf2-b590-bd1d623b3283', now(), 'perfect_Horse0', '348e0f4d-2198-4bf2-b590-bd1d623b3283', 'SimpleMessage', 'unlikely Pumpkin knot yeast rolls');

insert into AppUser(name, lastSeen) values ('434a1951-3ae4-40f6-be67-a8ae8efc3155', now());
insert into Message(id, createdat, belongstochannel, createdbyuser, discriminator, content) values ('434a1951-3ae4-40f6-be67-a8ae8efc3155', now(), 'perfect_Horse0', '434a1951-3ae4-40f6-be67-a8ae8efc3155', 'SimpleMessage', 'dirty Kick a fried onion rings');

insert into AppUser(name, lastSeen) values ('8ff467df-e3a4-4323-a7ab-aa6e87661094', now());
insert into Message(id, createdat, belongstochannel, createdbyuser, discriminator, content) values ('8ff467df-e3a4-4323-a7ab-aa6e87661094', now(), 'perfect_Horse0', '8ff467df-e3a4-4323-a7ab-aa6e87661094', 'SimpleMessage', 'sensible Fried almonds');

insert into AppUser(name, lastSeen) values ('7e5e3acf-e419-450a-b25a-e9a92c93a509', now());
insert into Message(id, createdat, belongstochannel, createdbyuser, discriminator, content) values ('7e5e3acf-e419-450a-b25a-e9a92c93a509', now(), 'perfect_Horse0', '7e5e3acf-e419-450a-b25a-e9a92c93a509', 'SimpleMessage', 'thin No bake hersheys bar pie');

insert into AppUser(name, lastSeen) values ('f3e39acc-05c1-48e3-b807-32db8dbfea4b', now());
insert into Message(id, createdat, belongstochannel, createdbyuser, discriminator, content) values ('f3e39acc-05c1-48e3-b807-32db8dbfea4b', now(), 'perfect_Horse0', 'f3e39acc-05c1-48e3-b807-32db8dbfea4b', 'SimpleMessage', 'monetary Kittencals crock pot french dip roast');

insert into AppUser(name, lastSeen) values ('1a014a42-eea7-4dc2-bd80-c75487d30fa1', now());
insert into Message(id, createdat, belongstochannel, createdbyuser, discriminator, content) values ('1a014a42-eea7-4dc2-bd80-c75487d30fa1', now(), 'perfect_Horse0', '1a014a42-eea7-4dc2-bd80-c75487d30fa1', 'SimpleMessage', 'national Acorn squash for 2');

insert into AppUser(name, lastSeen) values ('399b2f3d-4008-4d1a-ae9d-0450c90e8fd0', now());
insert into Message(id, createdat, belongstochannel, createdbyuser, discriminator, content) values ('399b2f3d-4008-4d1a-ae9d-0450c90e8fd0', now(), 'perfect_Horse0', '399b2f3d-4008-4d1a-ae9d-0450c90e8fd0', 'SimpleMessage', 'successful Roasted garlic soup with parmesan');

insert into AppUser(name, lastSeen) values ('be3e4fb0-b0a8-4c6a-b271-387535ee3d6c', now());
insert into Message(id, createdat, belongstochannel, createdbyuser, discriminator, content) values ('be3e4fb0-b0a8-4c6a-b271-387535ee3d6c', now(), 'perfect_Horse0', 'be3e4fb0-b0a8-4c6a-b271-387535ee3d6c', 'SimpleMessage', 'cool Mrs allens date loaf');

insert into AppUser(name, lastSeen) values ('61bcccd0-82eb-4ffd-a9fb-4cb8b427b861', now());
insert into Message(id, createdat, belongstochannel, createdbyuser, discriminator, content) values ('61bcccd0-82eb-4ffd-a9fb-4cb8b427b861', now(), 'perfect_Horse0', '61bcccd0-82eb-4ffd-a9fb-4cb8b427b861', 'SimpleMessage', 'joint Healthy italian breadsticks or pizza crust');

insert into AppUser(name, lastSeen) values ('fefde157-5cd8-4adc-b49b-a2dd36dab2ed', now());
insert into Message(id, createdat, belongstochannel, createdbyuser, discriminator, content) values ('fefde157-5cd8-4adc-b49b-a2dd36dab2ed', now(), 'perfect_Horse0', 'fefde157-5cd8-4adc-b49b-a2dd36dab2ed', 'SimpleMessage', 'communist Amazing sweet italian sausage pasta soup');

insert into AppUser(name, lastSeen) values ('2b378b93-41a3-479f-ba5e-9105a4814088', now());
insert into Message(id, createdat, belongstochannel, createdbyuser, discriminator, content) values ('2b378b93-41a3-479f-ba5e-9105a4814088', now(), 'actual_Cow1', '2b378b93-41a3-479f-ba5e-9105a4814088', 'SimpleMessage', 'bad Crispy noodle salad with sweet and sour dressing');

insert into AppUser(name, lastSeen) values ('5d4dec68-6da3-4bdd-bfe2-0d501ce52b9b', now());
insert into Message(id, createdat, belongstochannel, createdbyuser, discriminator, content) values ('5d4dec68-6da3-4bdd-bfe2-0d501ce52b9b', now(), 'actual_Cow1', '5d4dec68-6da3-4bdd-bfe2-0d501ce52b9b', 'SimpleMessage', 'standard Blackened skillet shrimp');

insert into AppUser(name, lastSeen) values ('1b08bbf8-b4ae-434c-96cf-fe383b7156e1', now());
insert into Message(id, createdat, belongstochannel, createdbyuser, discriminator, content) values ('1b08bbf8-b4ae-434c-96cf-fe383b7156e1', now(), 'actual_Cow1', '1b08bbf8-b4ae-434c-96cf-fe383b7156e1', 'SimpleMessage', 'wild Grilled or baked salmon with lavender');

insert into AppUser(name, lastSeen) values ('71826cdb-a55b-4626-8774-a08c980c7db5', now());
insert into Message(id, createdat, belongstochannel, createdbyuser, discriminator, content) values ('71826cdb-a55b-4626-8774-a08c980c7db5', now(), 'actual_Cow1', '71826cdb-a55b-4626-8774-a08c980c7db5', 'SimpleMessage', 'front Kick a fried onion rings');

insert into AppUser(name, lastSeen) values ('cd66b5ec-231d-4626-9c78-092db2166aaf', now());
insert into Message(id, createdat, belongstochannel, createdbyuser, discriminator, content) values ('cd66b5ec-231d-4626-9c78-092db2166aaf', now(), 'actual_Cow1', 'cd66b5ec-231d-4626-9c78-092db2166aaf', 'SimpleMessage', 'rough Greek shrimp with rigatoni');

insert into AppUser(name, lastSeen) values ('60b21478-4250-495f-9329-9d3bac31a0d0', now());
insert into Message(id, createdat, belongstochannel, createdbyuser, discriminator, content) values ('60b21478-4250-495f-9329-9d3bac31a0d0', now(), 'actual_Cow1', '60b21478-4250-495f-9329-9d3bac31a0d0', 'SimpleMessage', 'past Spinach salad with feta cheese');

insert into AppUser(name, lastSeen) values ('0ade377f-d3b9-46a0-9d0e-15ac9db50426', now());
insert into Message(id, createdat, belongstochannel, createdbyuser, discriminator, content) values ('0ade377f-d3b9-46a0-9d0e-15ac9db50426', now(), 'actual_Cow1', '0ade377f-d3b9-46a0-9d0e-15ac9db50426', 'SimpleMessage', 'slight Tilapia in thai sauce');

insert into AppUser(name, lastSeen) values ('fc0e4d04-ef42-4562-b509-3ff7deb5e26b', now());
insert into Message(id, createdat, belongstochannel, createdbyuser, discriminator, content) values ('fc0e4d04-ef42-4562-b509-3ff7deb5e26b', now(), 'actual_Cow1', 'fc0e4d04-ef42-4562-b509-3ff7deb5e26b', 'SimpleMessage', 'outside Jiffy punch');

insert into AppUser(name, lastSeen) values ('daabdf1c-dd07-4166-a14d-60c5f6485aca', now());
insert into Message(id, createdat, belongstochannel, createdbyuser, discriminator, content) values ('daabdf1c-dd07-4166-a14d-60c5f6485aca', now(), 'actual_Cow1', 'daabdf1c-dd07-4166-a14d-60c5f6485aca', 'SimpleMessage', 'maximum Creamy beet salad');

insert into AppUser(name, lastSeen) values ('fa0da75f-4bdd-423a-9f61-7e6a32280774', now());
insert into Message(id, createdat, belongstochannel, createdbyuser, discriminator, content) values ('fa0da75f-4bdd-423a-9f61-7e6a32280774', now(), 'actual_Cow1', 'fa0da75f-4bdd-423a-9f61-7e6a32280774', 'SimpleMessage', 'guilty Parmesan fish in the oven');

insert into AppUser(name, lastSeen) values ('87b37755-f0da-47c8-8de0-34ce385fdbe2', now());
insert into Message(id, createdat, belongstochannel, createdbyuser, discriminator, content) values ('87b37755-f0da-47c8-8de0-34ce385fdbe2', now(), 'roman_Goose2', '87b37755-f0da-47c8-8de0-34ce385fdbe2', 'SimpleMessage', 'joint Layered bean taco dip');

insert into AppUser(name, lastSeen) values ('7b727f54-7c24-4952-a6e3-411b405f3366', now());
insert into Message(id, createdat, belongstochannel, createdbyuser, discriminator, content) values ('7b727f54-7c24-4952-a6e3-411b405f3366', now(), 'roman_Goose2', '7b727f54-7c24-4952-a6e3-411b405f3366', 'SimpleMessage', 'quiet Chocolate covered dipped strawberries');

insert into AppUser(name, lastSeen) values ('47ae821c-5814-4dd5-b3f0-aedd6b71a4ef', now());
insert into Message(id, createdat, belongstochannel, createdbyuser, discriminator, content) values ('47ae821c-5814-4dd5-b3f0-aedd6b71a4ef', now(), 'roman_Goose2', '47ae821c-5814-4dd5-b3f0-aedd6b71a4ef', 'SimpleMessage', 'wide Acorn squash for 2');

insert into AppUser(name, lastSeen) values ('c462eb3e-74bf-4db7-9b7c-54b4aa5bc879', now());
insert into Message(id, createdat, belongstochannel, createdbyuser, discriminator, content) values ('c462eb3e-74bf-4db7-9b7c-54b4aa5bc879', now(), 'roman_Goose2', 'c462eb3e-74bf-4db7-9b7c-54b4aa5bc879', 'SimpleMessage', 'scientific Fantastic mushrooms with garlic butter and parmesan');

insert into AppUser(name, lastSeen) values ('7da52437-0641-4847-8fbf-08dc25cd78c5', now());
insert into Message(id, createdat, belongstochannel, createdbyuser, discriminator, content) values ('7da52437-0641-4847-8fbf-08dc25cd78c5', now(), 'roman_Goose2', '7da52437-0641-4847-8fbf-08dc25cd78c5', 'SimpleMessage', 'conservative Jamaican pork tenderloin');

insert into AppUser(name, lastSeen) values ('b06e92cd-a555-43c0-91cf-78f55646eb3c', now());
insert into Message(id, createdat, belongstochannel, createdbyuser, discriminator, content) values ('b06e92cd-a555-43c0-91cf-78f55646eb3c', now(), 'roman_Goose2', 'b06e92cd-a555-43c0-91cf-78f55646eb3c', 'SimpleMessage', 'overall German apple cake with cream cheese frosting');

insert into AppUser(name, lastSeen) values ('c1dd3a65-7969-4296-a2d7-3dd4c0fe540b', now());
insert into Message(id, createdat, belongstochannel, createdbyuser, discriminator, content) values ('c1dd3a65-7969-4296-a2d7-3dd4c0fe540b', now(), 'roman_Goose2', 'c1dd3a65-7969-4296-a2d7-3dd4c0fe540b', 'SimpleMessage', 'religious Strawberry and baileys fool');

insert into AppUser(name, lastSeen) values ('ae407b09-6618-4f13-b26b-e9cd67f5bed6', now());
insert into Message(id, createdat, belongstochannel, createdbyuser, discriminator, content) values ('ae407b09-6618-4f13-b26b-e9cd67f5bed6', now(), 'roman_Goose2', 'ae407b09-6618-4f13-b26b-e9cd67f5bed6', 'SimpleMessage', 'right Tropical baked chicken');

insert into AppUser(name, lastSeen) values ('f6138947-8780-4b28-a616-41107c0d492f', now());
insert into Message(id, createdat, belongstochannel, createdbyuser, discriminator, content) values ('f6138947-8780-4b28-a616-41107c0d492f', now(), 'roman_Goose2', 'f6138947-8780-4b28-a616-41107c0d492f', 'SimpleMessage', 'visible Strawberry and baileys fool');

insert into AppUser(name, lastSeen) values ('17ade5fd-27f9-4fc0-8ecb-8fb7c6de9fbf', now());
insert into Message(id, createdat, belongstochannel, createdbyuser, discriminator, content) values ('17ade5fd-27f9-4fc0-8ecb-8fb7c6de9fbf', now(), 'roman_Goose2', '17ade5fd-27f9-4fc0-8ecb-8fb7c6de9fbf', 'SimpleMessage', 'desperate Roasted cherry or grape tomatoes');

insert into AppUser(name, lastSeen) values ('4774c9ad-d8f7-40fe-b080-8b05d0882d3b', now());
insert into Message(id, createdat, belongstochannel, createdbyuser, discriminator, content) values ('4774c9ad-d8f7-40fe-b080-8b05d0882d3b', now(), 'distinctive_Donkey3', '4774c9ad-d8f7-40fe-b080-8b05d0882d3b', 'SimpleMessage', 'round Oven fried zucchini sticks');

insert into AppUser(name, lastSeen) values ('60b7ad08-1f27-4a91-8616-5e7440e94aba', now());
insert into Message(id, createdat, belongstochannel, createdbyuser, discriminator, content) values ('60b7ad08-1f27-4a91-8616-5e7440e94aba', now(), 'distinctive_Donkey3', '60b7ad08-1f27-4a91-8616-5e7440e94aba', 'SimpleMessage', 'satisfactory Golden five spice sticky chicken');

insert into AppUser(name, lastSeen) values ('1f03ebb0-96fe-40f4-921e-f2551e20ceea', now());
insert into Message(id, createdat, belongstochannel, createdbyuser, discriminator, content) values ('1f03ebb0-96fe-40f4-921e-f2551e20ceea', now(), 'distinctive_Donkey3', '1f03ebb0-96fe-40f4-921e-f2551e20ceea', 'SimpleMessage', 'general Best ever bruschetta');

insert into AppUser(name, lastSeen) values ('7703596a-e015-4e3a-b64e-c8256ed12d2a', now());
insert into Message(id, createdat, belongstochannel, createdbyuser, discriminator, content) values ('7703596a-e015-4e3a-b64e-c8256ed12d2a', now(), 'distinctive_Donkey3', '7703596a-e015-4e3a-b64e-c8256ed12d2a', 'SimpleMessage', 'sole Feta marinated');

insert into AppUser(name, lastSeen) values ('28fe9e2e-a3fb-4c1f-9f5d-033aa0228111', now());
insert into Message(id, createdat, belongstochannel, createdbyuser, discriminator, content) values ('28fe9e2e-a3fb-4c1f-9f5d-033aa0228111', now(), 'distinctive_Donkey3', '28fe9e2e-a3fb-4c1f-9f5d-033aa0228111', 'SimpleMessage', 'major Number 400 seafood casserole');

insert into AppUser(name, lastSeen) values ('a1798364-ba1e-4992-a8a9-d10afcf71f6a', now());
insert into Message(id, createdat, belongstochannel, createdbyuser, discriminator, content) values ('a1798364-ba1e-4992-a8a9-d10afcf71f6a', now(), 'distinctive_Donkey3', 'a1798364-ba1e-4992-a8a9-d10afcf71f6a', 'SimpleMessage', 'outer Roasted potatoes and green beans');

insert into AppUser(name, lastSeen) values ('d337673f-89d1-4d70-a176-cfec4a1f1486', now());
insert into Message(id, createdat, belongstochannel, createdbyuser, discriminator, content) values ('d337673f-89d1-4d70-a176-cfec4a1f1486', now(), 'distinctive_Donkey3', 'd337673f-89d1-4d70-a176-cfec4a1f1486', 'SimpleMessage', 'communist Sausage mushroom appetizers');

insert into AppUser(name, lastSeen) values ('fd754452-031e-41c4-bf81-57cd2a052a98', now());
insert into Message(id, createdat, belongstochannel, createdbyuser, discriminator, content) values ('fd754452-031e-41c4-bf81-57cd2a052a98', now(), 'distinctive_Donkey3', 'fd754452-031e-41c4-bf81-57cd2a052a98', 'SimpleMessage', 'difficult Butterflied leg of lamb with lots of garlic and rosemary');

insert into AppUser(name, lastSeen) values ('c7051314-5cb6-4d86-8fdf-c2f9fa652e48', now());
insert into Message(id, createdat, belongstochannel, createdbyuser, discriminator, content) values ('c7051314-5cb6-4d86-8fdf-c2f9fa652e48', now(), 'distinctive_Donkey3', 'c7051314-5cb6-4d86-8fdf-c2f9fa652e48', 'SimpleMessage', 'white Chocolate almond roca bar');

insert into AppUser(name, lastSeen) values ('4a10c89b-5711-4a30-8bb6-9df23e1759d3', now());
insert into Message(id, createdat, belongstochannel, createdbyuser, discriminator, content) values ('4a10c89b-5711-4a30-8bb6-9df23e1759d3', now(), 'distinctive_Donkey3', '4a10c89b-5711-4a30-8bb6-9df23e1759d3', 'SimpleMessage', 'pink 15 minute no fry chicken enchiladas honest');

insert into AppUser(name, lastSeen) values ('50d4819c-a9e5-4360-b358-54b042feb60a', now());
insert into Message(id, createdat, belongstochannel, createdbyuser, discriminator, content) values ('50d4819c-a9e5-4360-b358-54b042feb60a', now(), 'conventional_Chicken4', '50d4819c-a9e5-4360-b358-54b042feb60a', 'SimpleMessage', 'first Spanish shrimp');

insert into AppUser(name, lastSeen) values ('02592b18-bc6f-4271-ad9f-112e44fff900', now());
insert into Message(id, createdat, belongstochannel, createdbyuser, discriminator, content) values ('02592b18-bc6f-4271-ad9f-112e44fff900', now(), 'conventional_Chicken4', '02592b18-bc6f-4271-ad9f-112e44fff900', 'SimpleMessage', 'pretty Provencal olives');

insert into AppUser(name, lastSeen) values ('e008e4fd-e08a-4c91-82be-8b161da86cd1', now());
insert into Message(id, createdat, belongstochannel, createdbyuser, discriminator, content) values ('e008e4fd-e08a-4c91-82be-8b161da86cd1', now(), 'conventional_Chicken4', 'e008e4fd-e08a-4c91-82be-8b161da86cd1', 'SimpleMessage', 'wooden Creamy strawberries');

insert into AppUser(name, lastSeen) values ('618069c2-305c-40be-9331-7e7163bfb808', now());
insert into Message(id, createdat, belongstochannel, createdbyuser, discriminator, content) values ('618069c2-305c-40be-9331-7e7163bfb808', now(), 'conventional_Chicken4', '618069c2-305c-40be-9331-7e7163bfb808', 'SimpleMessage', 'conservative Butterflied leg of lamb with lots of garlic and rosemary');

insert into AppUser(name, lastSeen) values ('9ab01609-6838-4ed1-9cda-935dabb7ad24', now());
insert into Message(id, createdat, belongstochannel, createdbyuser, discriminator, content) values ('9ab01609-6838-4ed1-9cda-935dabb7ad24', now(), 'conventional_Chicken4', '9ab01609-6838-4ed1-9cda-935dabb7ad24', 'SimpleMessage', 'quiet Fresh orange slices with honey and cinnamon');

insert into AppUser(name, lastSeen) values ('0a7e7f05-638f-4996-b640-bd576db18b9b', now());
insert into Message(id, createdat, belongstochannel, createdbyuser, discriminator, content) values ('0a7e7f05-638f-4996-b640-bd576db18b9b', now(), 'conventional_Chicken4', '0a7e7f05-638f-4996-b640-bd576db18b9b', 'SimpleMessage', 'frequent Flounder stuffed with shrimp and crabmeat');

insert into AppUser(name, lastSeen) values ('fd84f8c7-9fed-44c7-a992-d9e37f705c7a', now());
insert into Message(id, createdat, belongstochannel, createdbyuser, discriminator, content) values ('fd84f8c7-9fed-44c7-a992-d9e37f705c7a', now(), 'conventional_Chicken4', 'fd84f8c7-9fed-44c7-a992-d9e37f705c7a', 'SimpleMessage', 'illegal Spicy chicken soup with hints of lemongrass and coconut milk');

insert into AppUser(name, lastSeen) values ('4956145b-f544-4663-a4e6-a55730c5c889', now());
insert into Message(id, createdat, belongstochannel, createdbyuser, discriminator, content) values ('4956145b-f544-4663-a4e6-a55730c5c889', now(), 'conventional_Chicken4', '4956145b-f544-4663-a4e6-a55730c5c889', 'SimpleMessage', 'positive Caf a la russe chocolate coffee');

insert into AppUser(name, lastSeen) values ('fa36992c-841c-4d36-99ba-683d27d618fc', now());
insert into Message(id, createdat, belongstochannel, createdbyuser, discriminator, content) values ('fa36992c-841c-4d36-99ba-683d27d618fc', now(), 'conventional_Chicken4', 'fa36992c-841c-4d36-99ba-683d27d618fc', 'SimpleMessage', 'other Pork chops with apples stuffing');

insert into AppUser(name, lastSeen) values ('733e3301-1a11-4d6d-878f-e6459bc05c01', now());
insert into Message(id, createdat, belongstochannel, createdbyuser, discriminator, content) values ('733e3301-1a11-4d6d-878f-e6459bc05c01', now(), 'conventional_Chicken4', '733e3301-1a11-4d6d-878f-e6459bc05c01', 'SimpleMessage', 'tiny Chicken and penne casserole');

insert into AppUser(name, lastSeen) values ('20adfc28-d204-40ab-9aed-3b4ada786562', now());
insert into Message(id, createdat, belongstochannel, createdbyuser, discriminator, content) values ('20adfc28-d204-40ab-9aed-3b4ada786562', now(), 'practical_Donkey5', '20adfc28-d204-40ab-9aed-3b4ada786562', 'SimpleMessage', 'economic Creamy garlic prawns');

insert into AppUser(name, lastSeen) values ('3bc19b77-ff6d-49c5-96a0-02eb144a9b3c', now());
insert into Message(id, createdat, belongstochannel, createdbyuser, discriminator, content) values ('3bc19b77-ff6d-49c5-96a0-02eb144a9b3c', now(), 'practical_Donkey5', '3bc19b77-ff6d-49c5-96a0-02eb144a9b3c', 'SimpleMessage', 'huge Bo kaap cape malay curry powder south african spice mixture');

insert into AppUser(name, lastSeen) values ('c0d3a544-249e-4a2a-8635-7c94d65201c7', now());
insert into Message(id, createdat, belongstochannel, createdbyuser, discriminator, content) values ('c0d3a544-249e-4a2a-8635-7c94d65201c7', now(), 'practical_Donkey5', 'c0d3a544-249e-4a2a-8635-7c94d65201c7', 'SimpleMessage', 'imperial Crispy noodle salad with sweet and sour dressing');

insert into AppUser(name, lastSeen) values ('2b1668e8-97a1-4234-94b6-904a49881314', now());
insert into Message(id, createdat, belongstochannel, createdbyuser, discriminator, content) values ('2b1668e8-97a1-4234-94b6-904a49881314', now(), 'practical_Donkey5', '2b1668e8-97a1-4234-94b6-904a49881314', 'SimpleMessage', 'domestic Iced banana cream');

insert into AppUser(name, lastSeen) values ('392280d6-6dd0-4411-83e0-ca274af0863c', now());
insert into Message(id, createdat, belongstochannel, createdbyuser, discriminator, content) values ('392280d6-6dd0-4411-83e0-ca274af0863c', now(), 'practical_Donkey5', '392280d6-6dd0-4411-83e0-ca274af0863c', 'SimpleMessage', 'general Lindas asian salmon');

insert into AppUser(name, lastSeen) values ('b5deaa14-5bc1-4cc9-860d-99ef28ea930b', now());
insert into Message(id, createdat, belongstochannel, createdbyuser, discriminator, content) values ('b5deaa14-5bc1-4cc9-860d-99ef28ea930b', now(), 'practical_Donkey5', 'b5deaa14-5bc1-4cc9-860d-99ef28ea930b', 'SimpleMessage', 'recent Crispy noodle salad with sweet and sour dressing');

insert into AppUser(name, lastSeen) values ('3a747255-8afb-4773-bc70-35f71c5e3623', now());
insert into Message(id, createdat, belongstochannel, createdbyuser, discriminator, content) values ('3a747255-8afb-4773-bc70-35f71c5e3623', now(), 'practical_Donkey5', '3a747255-8afb-4773-bc70-35f71c5e3623', 'SimpleMessage', 'constant Spinach salad with feta cheese');

insert into AppUser(name, lastSeen) values ('c96dae6c-3dd4-4c45-a460-e911c21fe229', now());
insert into Message(id, createdat, belongstochannel, createdbyuser, discriminator, content) values ('c96dae6c-3dd4-4c45-a460-e911c21fe229', now(), 'practical_Donkey5', 'c96dae6c-3dd4-4c45-a460-e911c21fe229', 'SimpleMessage', 'valid Coconut pound cake');

insert into AppUser(name, lastSeen) values ('b85a3021-4fc1-49d4-bfb2-fd30f5449098', now());
insert into Message(id, createdat, belongstochannel, createdbyuser, discriminator, content) values ('b85a3021-4fc1-49d4-bfb2-fd30f5449098', now(), 'practical_Donkey5', 'b85a3021-4fc1-49d4-bfb2-fd30f5449098', 'SimpleMessage', 'firm Fresh tomato and cucumber salad');

insert into AppUser(name, lastSeen) values ('b5923c12-510b-4aee-b570-b68d677e8440', now());
insert into Message(id, createdat, belongstochannel, createdbyuser, discriminator, content) values ('b5923c12-510b-4aee-b570-b68d677e8440', now(), 'practical_Donkey5', 'b5923c12-510b-4aee-b570-b68d677e8440', 'SimpleMessage', 'sudden Roasted broccoli with cherry tomatoes');

insert into AppUser(name, lastSeen) values ('c4b4e8ba-a903-40cc-afc2-316595b71d83', now());
insert into Message(id, createdat, belongstochannel, createdbyuser, discriminator, content) values ('c4b4e8ba-a903-40cc-afc2-316595b71d83', now(), 'extensive_Sheep6', 'c4b4e8ba-a903-40cc-afc2-316595b71d83', 'SimpleMessage', 'dependent Bo kaap cape malay curry powder south african spice mixture');

insert into AppUser(name, lastSeen) values ('8aa3066d-df59-4a50-bf1f-7eca620656bf', now());
insert into Message(id, createdat, belongstochannel, createdbyuser, discriminator, content) values ('8aa3066d-df59-4a50-bf1f-7eca620656bf', now(), 'extensive_Sheep6', '8aa3066d-df59-4a50-bf1f-7eca620656bf', 'SimpleMessage', 'foreign Panzanella salad with bacon tomato and basil');

insert into AppUser(name, lastSeen) values ('89273bb9-b0a5-4c9f-bd68-7cff4553771a', now());
insert into Message(id, createdat, belongstochannel, createdbyuser, discriminator, content) values ('89273bb9-b0a5-4c9f-bd68-7cff4553771a', now(), 'extensive_Sheep6', '89273bb9-b0a5-4c9f-bd68-7cff4553771a', 'SimpleMessage', 'intellectual Hoisin marinated wing pieces');

insert into AppUser(name, lastSeen) values ('c14e73e7-2110-4817-afd2-faca481ebe03', now());
insert into Message(id, createdat, belongstochannel, createdbyuser, discriminator, content) values ('c14e73e7-2110-4817-afd2-faca481ebe03', now(), 'extensive_Sheep6', 'c14e73e7-2110-4817-afd2-faca481ebe03', 'SimpleMessage', 'ultimate Pink poodle');

insert into AppUser(name, lastSeen) values ('9e8adfbf-0bcf-4c8d-a0af-0763eb5f3569', now());
insert into Message(id, createdat, belongstochannel, createdbyuser, discriminator, content) values ('9e8adfbf-0bcf-4c8d-a0af-0763eb5f3569', now(), 'extensive_Sheep6', '9e8adfbf-0bcf-4c8d-a0af-0763eb5f3569', 'SimpleMessage', 'regular Strawberry angel trifle');

insert into AppUser(name, lastSeen) values ('a24613aa-9417-4ffc-95c8-8b00b66bf369', now());
insert into Message(id, createdat, belongstochannel, createdbyuser, discriminator, content) values ('a24613aa-9417-4ffc-95c8-8b00b66bf369', now(), 'extensive_Sheep6', 'a24613aa-9417-4ffc-95c8-8b00b66bf369', 'SimpleMessage', 'favourite Crock pot caramelized onion pot roast');

insert into AppUser(name, lastSeen) values ('9dd81bee-831a-4b6c-9483-860255a416cb', now());
insert into Message(id, createdat, belongstochannel, createdbyuser, discriminator, content) values ('9dd81bee-831a-4b6c-9483-860255a416cb', now(), 'extensive_Sheep6', '9dd81bee-831a-4b6c-9483-860255a416cb', 'SimpleMessage', 'dead Crock pot caramelized onion pot roast');

insert into AppUser(name, lastSeen) values ('6339cdfb-8354-4123-8e99-bcf96c69ea70', now());
insert into Message(id, createdat, belongstochannel, createdbyuser, discriminator, content) values ('6339cdfb-8354-4123-8e99-bcf96c69ea70', now(), 'extensive_Sheep6', '6339cdfb-8354-4123-8e99-bcf96c69ea70', 'SimpleMessage', 'practical Creamy lemon tarts');

insert into AppUser(name, lastSeen) values ('7efa77fb-2585-4441-af5c-1c052d9eaa06', now());
insert into Message(id, createdat, belongstochannel, createdbyuser, discriminator, content) values ('7efa77fb-2585-4441-af5c-1c052d9eaa06', now(), 'extensive_Sheep6', '7efa77fb-2585-4441-af5c-1c052d9eaa06', 'SimpleMessage', 'loose Cracker barrel baby carrots');

insert into AppUser(name, lastSeen) values ('0952abb9-e351-4e47-beec-1719b5e486de', now());
insert into Message(id, createdat, belongstochannel, createdbyuser, discriminator, content) values ('0952abb9-e351-4e47-beec-1719b5e486de', now(), 'extensive_Sheep6', '0952abb9-e351-4e47-beec-1719b5e486de', 'SimpleMessage', 'poor Wild addicting dip');

insert into AppUser(name, lastSeen) values ('04a5f70d-84b2-41b5-a029-49da8fd02237', now());
insert into Message(id, createdat, belongstochannel, createdbyuser, discriminator, content) values ('04a5f70d-84b2-41b5-a029-49da8fd02237', now(), 'internal_Cow7', '04a5f70d-84b2-41b5-a029-49da8fd02237', 'SimpleMessage', 'yellow Lindas chunky garlic mashed potatoes');

insert into AppUser(name, lastSeen) values ('ae57c252-d8fa-4e7a-9636-e8f14467ba4d', now());
insert into Message(id, createdat, belongstochannel, createdbyuser, discriminator, content) values ('ae57c252-d8fa-4e7a-9636-e8f14467ba4d', now(), 'internal_Cow7', 'ae57c252-d8fa-4e7a-9636-e8f14467ba4d', 'SimpleMessage', 'attractive Cafe mocha latte');

insert into AppUser(name, lastSeen) values ('5797ec7c-81a6-4a69-8c1f-00504300d143', now());
insert into Message(id, createdat, belongstochannel, createdbyuser, discriminator, content) values ('5797ec7c-81a6-4a69-8c1f-00504300d143', now(), 'internal_Cow7', '5797ec7c-81a6-4a69-8c1f-00504300d143', 'SimpleMessage', 'medieval Kick a fried onion rings');

insert into AppUser(name, lastSeen) values ('5c15a0d6-bf4e-43dc-98d3-06689e270a20', now());
insert into Message(id, createdat, belongstochannel, createdbyuser, discriminator, content) values ('5c15a0d6-bf4e-43dc-98d3-06689e270a20', now(), 'internal_Cow7', '5c15a0d6-bf4e-43dc-98d3-06689e270a20', 'SimpleMessage', 'cheap Caramelized onion dip spread');

insert into AppUser(name, lastSeen) values ('5edef60d-73c3-4852-b3bc-c18223971850', now());
insert into Message(id, createdat, belongstochannel, createdbyuser, discriminator, content) values ('5edef60d-73c3-4852-b3bc-c18223971850', now(), 'internal_Cow7', '5edef60d-73c3-4852-b3bc-c18223971850', 'SimpleMessage', 'constitutional Parslied new potatoes');

insert into AppUser(name, lastSeen) values ('17193b28-9cb3-47c8-9107-aa94f0f3a630', now());
insert into Message(id, createdat, belongstochannel, createdbyuser, discriminator, content) values ('17193b28-9cb3-47c8-9107-aa94f0f3a630', now(), 'internal_Cow7', '17193b28-9cb3-47c8-9107-aa94f0f3a630', 'SimpleMessage', 'literary Chocolate coconut dream bars');

insert into AppUser(name, lastSeen) values ('6dbb0dc3-9da6-4490-b372-037d1012c4b6', now());
insert into Message(id, createdat, belongstochannel, createdbyuser, discriminator, content) values ('6dbb0dc3-9da6-4490-b372-037d1012c4b6', now(), 'internal_Cow7', '6dbb0dc3-9da6-4490-b372-037d1012c4b6', 'SimpleMessage', 'mental Chocolate almond roca bar');

insert into AppUser(name, lastSeen) values ('1c4df223-a687-42e7-951c-e6ccf5d92a80', now());
insert into Message(id, createdat, belongstochannel, createdbyuser, discriminator, content) values ('1c4df223-a687-42e7-951c-e6ccf5d92a80', now(), 'internal_Cow7', '1c4df223-a687-42e7-951c-e6ccf5d92a80', 'SimpleMessage', 'fundamental Marinated grilled tuna steak');

insert into AppUser(name, lastSeen) values ('5fe7ea77-5217-4795-adce-d582bb582146', now());
insert into Message(id, createdat, belongstochannel, createdbyuser, discriminator, content) values ('5fe7ea77-5217-4795-adce-d582bb582146', now(), 'internal_Cow7', '5fe7ea77-5217-4795-adce-d582bb582146', 'SimpleMessage', 'external Kittencals banana almond muffins with almond streusel');

insert into AppUser(name, lastSeen) values ('029cd715-c849-4492-bf99-33b6efe0d569', now());
insert into Message(id, createdat, belongstochannel, createdbyuser, discriminator, content) values ('029cd715-c849-4492-bf99-33b6efe0d569', now(), 'internal_Cow7', '029cd715-c849-4492-bf99-33b6efe0d569', 'SimpleMessage', 'judicial Portuguese tomato rice');

insert into AppUser(name, lastSeen) values ('d1998f8b-18e9-4161-92c9-af7576407cab', now());
insert into Message(id, createdat, belongstochannel, createdbyuser, discriminator, content) values ('d1998f8b-18e9-4161-92c9-af7576407cab', now(), 'liable_Sheep8', 'd1998f8b-18e9-4161-92c9-af7576407cab', 'SimpleMessage', 'local Brown sugar roasted salmon with maple mustard dill sauce');

insert into AppUser(name, lastSeen) values ('38631f2a-e2a5-458b-b39a-6aa07c95f512', now());
insert into Message(id, createdat, belongstochannel, createdbyuser, discriminator, content) values ('38631f2a-e2a5-458b-b39a-6aa07c95f512', now(), 'liable_Sheep8', '38631f2a-e2a5-458b-b39a-6aa07c95f512', 'SimpleMessage', 'nuclear Spanish garlic shrimp taverna');

insert into AppUser(name, lastSeen) values ('ff686df6-7694-4475-a40c-6781f511a4c0', now());
insert into Message(id, createdat, belongstochannel, createdbyuser, discriminator, content) values ('ff686df6-7694-4475-a40c-6781f511a4c0', now(), 'liable_Sheep8', 'ff686df6-7694-4475-a40c-6781f511a4c0', 'SimpleMessage', 'minimum Strawberry and baileys fool');

insert into AppUser(name, lastSeen) values ('3ac9c42e-52b2-4796-87ee-6473a11deb4c', now());
insert into Message(id, createdat, belongstochannel, createdbyuser, discriminator, content) values ('3ac9c42e-52b2-4796-87ee-6473a11deb4c', now(), 'liable_Sheep8', '3ac9c42e-52b2-4796-87ee-6473a11deb4c', 'SimpleMessage', 'odd Sausage mushroom appetizers');

insert into AppUser(name, lastSeen) values ('a209ec6f-4f17-4aa4-81b1-96144cea1677', now());
insert into Message(id, createdat, belongstochannel, createdbyuser, discriminator, content) values ('a209ec6f-4f17-4aa4-81b1-96144cea1677', now(), 'liable_Sheep8', 'a209ec6f-4f17-4aa4-81b1-96144cea1677', 'SimpleMessage', 'apparent Tropical baked chicken');

insert into AppUser(name, lastSeen) values ('86b1d0af-8026-4944-b220-b46dd0fdcad3', now());
insert into Message(id, createdat, belongstochannel, createdbyuser, discriminator, content) values ('86b1d0af-8026-4944-b220-b46dd0fdcad3', now(), 'liable_Sheep8', '86b1d0af-8026-4944-b220-b46dd0fdcad3', 'SimpleMessage', 'regular Raspberry cranberry salad with sour cream cream cheese topping');

insert into AppUser(name, lastSeen) values ('f54e6855-0b8b-43b7-af14-aedb3c109503', now());
insert into Message(id, createdat, belongstochannel, createdbyuser, discriminator, content) values ('f54e6855-0b8b-43b7-af14-aedb3c109503', now(), 'liable_Sheep8', 'f54e6855-0b8b-43b7-af14-aedb3c109503', 'SimpleMessage', 'brown Hummus with pine nuts turkish style');

insert into AppUser(name, lastSeen) values ('9aec1750-266b-4310-a0ae-0ba25119a811', now());
insert into Message(id, createdat, belongstochannel, createdbyuser, discriminator, content) values ('9aec1750-266b-4310-a0ae-0ba25119a811', now(), 'liable_Sheep8', '9aec1750-266b-4310-a0ae-0ba25119a811', 'SimpleMessage', 'federal Confit d oignon french onion marmalade');

insert into AppUser(name, lastSeen) values ('2c4d2c72-8103-44be-804a-42c0e1bcb5ab', now());
insert into Message(id, createdat, belongstochannel, createdbyuser, discriminator, content) values ('2c4d2c72-8103-44be-804a-42c0e1bcb5ab', now(), 'liable_Sheep8', '2c4d2c72-8103-44be-804a-42c0e1bcb5ab', 'SimpleMessage', 'substantial Mushroom and chicken grilled quesadillas');

insert into AppUser(name, lastSeen) values ('808bf14d-432e-4ecf-8131-91d357cc3c7a', now());
insert into Message(id, createdat, belongstochannel, createdbyuser, discriminator, content) values ('808bf14d-432e-4ecf-8131-91d357cc3c7a', now(), 'liable_Sheep8', '808bf14d-432e-4ecf-8131-91d357cc3c7a', 'SimpleMessage', 'average Broccoli and cranberry salad');

insert into AppUser(name, lastSeen) values ('acf89a31-d840-4c5a-859e-e22ba8fb4fac', now());
insert into Message(id, createdat, belongstochannel, createdbyuser, discriminator, content) values ('acf89a31-d840-4c5a-859e-e22ba8fb4fac', now(), 'active_Goat9', 'acf89a31-d840-4c5a-859e-e22ba8fb4fac', 'SimpleMessage', 'sensitive Ribs');

insert into AppUser(name, lastSeen) values ('6e2c41d1-db9f-49fc-9635-a899826adefb', now());
insert into Message(id, createdat, belongstochannel, createdbyuser, discriminator, content) values ('6e2c41d1-db9f-49fc-9635-a899826adefb', now(), 'active_Goat9', '6e2c41d1-db9f-49fc-9635-a899826adefb', 'SimpleMessage', 'cultural Kittencals chicken cacciatore');

insert into AppUser(name, lastSeen) values ('7bde7ca0-86cb-4038-a865-ad8720d9cf24', now());
insert into Message(id, createdat, belongstochannel, createdbyuser, discriminator, content) values ('7bde7ca0-86cb-4038-a865-ad8720d9cf24', now(), 'active_Goat9', '7bde7ca0-86cb-4038-a865-ad8720d9cf24', 'SimpleMessage', 'structural Lemon and oregano lamb loin chops');

insert into AppUser(name, lastSeen) values ('d49214cc-4ddd-420c-98de-149bf478e138', now());
insert into Message(id, createdat, belongstochannel, createdbyuser, discriminator, content) values ('d49214cc-4ddd-420c-98de-149bf478e138', now(), 'active_Goat9', 'd49214cc-4ddd-420c-98de-149bf478e138', 'SimpleMessage', 'practical Just peachy grillin ribs rsc');

insert into AppUser(name, lastSeen) values ('94727491-e774-4200-8269-014d9c6f526b', now());
insert into Message(id, createdat, belongstochannel, createdbyuser, discriminator, content) values ('94727491-e774-4200-8269-014d9c6f526b', now(), 'active_Goat9', '94727491-e774-4200-8269-014d9c6f526b', 'SimpleMessage', 'clean Cream cheese potato soup');

insert into AppUser(name, lastSeen) values ('4fa016d0-e3d8-4480-be5f-7517765fa7aa', now());
insert into Message(id, createdat, belongstochannel, createdbyuser, discriminator, content) values ('4fa016d0-e3d8-4480-be5f-7517765fa7aa', now(), 'active_Goat9', '4fa016d0-e3d8-4480-be5f-7517765fa7aa', 'SimpleMessage', 'third Authentic pork lo mein chinese');

insert into AppUser(name, lastSeen) values ('0ba2704a-a154-4e04-a142-a76aeb4be13e', now());
insert into Message(id, createdat, belongstochannel, createdbyuser, discriminator, content) values ('0ba2704a-a154-4e04-a142-a76aeb4be13e', now(), 'active_Goat9', '0ba2704a-a154-4e04-a142-a76aeb4be13e', 'SimpleMessage', 'global Kahlua hot chocolate');

insert into AppUser(name, lastSeen) values ('659a15b6-64e8-498d-9d10-0e1b9a096207', now());
insert into Message(id, createdat, belongstochannel, createdbyuser, discriminator, content) values ('659a15b6-64e8-498d-9d10-0e1b9a096207', now(), 'active_Goat9', '659a15b6-64e8-498d-9d10-0e1b9a096207', 'SimpleMessage', 'fresh Sherry buttered shrimp');

insert into AppUser(name, lastSeen) values ('5ff18a93-a8e6-4e1e-b5ba-7153afd2a1a6', now());
insert into Message(id, createdat, belongstochannel, createdbyuser, discriminator, content) values ('5ff18a93-a8e6-4e1e-b5ba-7153afd2a1a6', now(), 'active_Goat9', '5ff18a93-a8e6-4e1e-b5ba-7153afd2a1a6', 'SimpleMessage', 'clear Crispy noodle salad with sweet and sour dressing');

insert into AppUser(name, lastSeen) values ('9ecc6ce2-184a-4b87-bdc6-0e592e4afa15', now());
insert into Message(id, createdat, belongstochannel, createdbyuser, discriminator, content) values ('9ecc6ce2-184a-4b87-bdc6-0e592e4afa15', now(), 'active_Goat9', '9ecc6ce2-184a-4b87-bdc6-0e592e4afa15', 'SimpleMessage', 'clear Raspberry cranberry salad with sour cream cream cheese topping');

insert into AppUser(name, lastSeen) values ('e28b91eb-fc82-4e28-8225-20be697f528e', now());
insert into Message(id, createdat, belongstochannel, createdbyuser, discriminator, content) values ('e28b91eb-fc82-4e28-8225-20be697f528e', now(), 'democratic_Goat0', 'e28b91eb-fc82-4e28-8225-20be697f528e', 'SimpleMessage', 'financial Strawberry pavlova');

insert into AppUser(name, lastSeen) values ('4fa0bf4a-aef2-4bc3-a85b-7bb4f20a9692', now());
insert into Message(id, createdat, belongstochannel, createdbyuser, discriminator, content) values ('4fa0bf4a-aef2-4bc3-a85b-7bb4f20a9692', now(), 'democratic_Goat0', '4fa0bf4a-aef2-4bc3-a85b-7bb4f20a9692', 'SimpleMessage', 'sensible Pumpkin knot yeast rolls');

insert into AppUser(name, lastSeen) values ('4a92d6d4-6852-4088-8b61-79a2f27193bd', now());
insert into Message(id, createdat, belongstochannel, createdbyuser, discriminator, content) values ('4a92d6d4-6852-4088-8b61-79a2f27193bd', now(), 'democratic_Goat0', '4a92d6d4-6852-4088-8b61-79a2f27193bd', 'SimpleMessage', 'radical Emerils stewed black eyed peas');

insert into AppUser(name, lastSeen) values ('f5282a8b-2fce-4b36-9471-dc7a4befbd06', now());
insert into Message(id, createdat, belongstochannel, createdbyuser, discriminator, content) values ('f5282a8b-2fce-4b36-9471-dc7a4befbd06', now(), 'democratic_Goat0', 'f5282a8b-2fce-4b36-9471-dc7a4befbd06', 'SimpleMessage', 'vital Bacon spaghetti squash');

insert into AppUser(name, lastSeen) values ('db2e3d98-a9c2-470a-bd18-180e3acaeaca', now());
insert into Message(id, createdat, belongstochannel, createdbyuser, discriminator, content) values ('db2e3d98-a9c2-470a-bd18-180e3acaeaca', now(), 'democratic_Goat0', 'db2e3d98-a9c2-470a-bd18-180e3acaeaca', 'SimpleMessage', 'short Calico peas');

insert into AppUser(name, lastSeen) values ('18c8318f-caba-4412-bf7c-faf3440f857e', now());
insert into Message(id, createdat, belongstochannel, createdbyuser, discriminator, content) values ('18c8318f-caba-4412-bf7c-faf3440f857e', now(), 'democratic_Goat0', '18c8318f-caba-4412-bf7c-faf3440f857e', 'SimpleMessage', 'sad T g i fridays mudslide');

insert into AppUser(name, lastSeen) values ('69b395bc-d666-4116-9e89-dafaf9b5ecfa', now());
insert into Message(id, createdat, belongstochannel, createdbyuser, discriminator, content) values ('69b395bc-d666-4116-9e89-dafaf9b5ecfa', now(), 'democratic_Goat0', '69b395bc-d666-4116-9e89-dafaf9b5ecfa', 'SimpleMessage', 'available New england roasted cornish game hens');

insert into AppUser(name, lastSeen) values ('f3c8a968-6eae-4976-b5dd-f9a337e3f246', now());
insert into Message(id, createdat, belongstochannel, createdbyuser, discriminator, content) values ('f3c8a968-6eae-4976-b5dd-f9a337e3f246', now(), 'democratic_Goat0', 'f3c8a968-6eae-4976-b5dd-f9a337e3f246', 'SimpleMessage', 'illegal White chocolate cheesecake');

insert into AppUser(name, lastSeen) values ('4f2f852a-73d1-458d-a610-acbe71dfeb51', now());
insert into Message(id, createdat, belongstochannel, createdbyuser, discriminator, content) values ('4f2f852a-73d1-458d-a610-acbe71dfeb51', now(), 'democratic_Goat0', '4f2f852a-73d1-458d-a610-acbe71dfeb51', 'SimpleMessage', 'long-term Brown sugar roasted salmon with maple mustard dill sauce');

insert into AppUser(name, lastSeen) values ('92904f52-f802-44d5-aba4-29611f7aa17c', now());
insert into Message(id, createdat, belongstochannel, createdbyuser, discriminator, content) values ('92904f52-f802-44d5-aba4-29611f7aa17c', now(), 'democratic_Goat0', '92904f52-f802-44d5-aba4-29611f7aa17c', 'SimpleMessage', 'basic Scallop saute');

insert into AppUser(name, lastSeen) values ('a3dcf21f-bf6b-4597-a4c1-36cc54a29031', now());
insert into Message(id, createdat, belongstochannel, createdbyuser, discriminator, content) values ('a3dcf21f-bf6b-4597-a4c1-36cc54a29031', now(), 'maximum_Horse1', 'a3dcf21f-bf6b-4597-a4c1-36cc54a29031', 'SimpleMessage', 'aware Spinach and mandarin orange salad');

insert into AppUser(name, lastSeen) values ('35ef83e6-5695-478c-8afc-47d8becc6059', now());
insert into Message(id, createdat, belongstochannel, createdbyuser, discriminator, content) values ('35ef83e6-5695-478c-8afc-47d8becc6059', now(), 'maximum_Horse1', '35ef83e6-5695-478c-8afc-47d8becc6059', 'SimpleMessage', 'solid Pumpkin knot yeast rolls');

insert into AppUser(name, lastSeen) values ('ccc90684-ef39-4929-aa5e-6944932bb55a', now());
insert into Message(id, createdat, belongstochannel, createdbyuser, discriminator, content) values ('ccc90684-ef39-4929-aa5e-6944932bb55a', now(), 'maximum_Horse1', 'ccc90684-ef39-4929-aa5e-6944932bb55a', 'SimpleMessage', 'previous Tortellini bow tie pasta salad');

insert into AppUser(name, lastSeen) values ('4761637b-72c6-4e6c-ba93-4d6bf0824d01', now());
insert into Message(id, createdat, belongstochannel, createdbyuser, discriminator, content) values ('4761637b-72c6-4e6c-ba93-4d6bf0824d01', now(), 'maximum_Horse1', '4761637b-72c6-4e6c-ba93-4d6bf0824d01', 'SimpleMessage', 'ill Roasted potatoes and green beans');

insert into AppUser(name, lastSeen) values ('dd99fe29-1326-4396-8971-643250e7e05f', now());
insert into Message(id, createdat, belongstochannel, createdbyuser, discriminator, content) values ('dd99fe29-1326-4396-8971-643250e7e05f', now(), 'maximum_Horse1', 'dd99fe29-1326-4396-8971-643250e7e05f', 'SimpleMessage', 'other Iced banana cream');

insert into AppUser(name, lastSeen) values ('f79e36aa-8b8c-4f51-9240-3a29857f6c13', now());
insert into Message(id, createdat, belongstochannel, createdbyuser, discriminator, content) values ('f79e36aa-8b8c-4f51-9240-3a29857f6c13', now(), 'maximum_Horse1', 'f79e36aa-8b8c-4f51-9240-3a29857f6c13', 'SimpleMessage', 'mass T g i fridays mudslide');

insert into AppUser(name, lastSeen) values ('1cfccc3b-b3eb-4266-8b66-ab41a24428ba', now());
insert into Message(id, createdat, belongstochannel, createdbyuser, discriminator, content) values ('1cfccc3b-b3eb-4266-8b66-ab41a24428ba', now(), 'maximum_Horse1', '1cfccc3b-b3eb-4266-8b66-ab41a24428ba', 'SimpleMessage', 'northern Emerils stewed black eyed peas');

insert into AppUser(name, lastSeen) values ('e955c078-aad6-4fbd-abce-8a9b14044931', now());
insert into Message(id, createdat, belongstochannel, createdbyuser, discriminator, content) values ('e955c078-aad6-4fbd-abce-8a9b14044931', now(), 'maximum_Horse1', 'e955c078-aad6-4fbd-abce-8a9b14044931', 'SimpleMessage', 'fundamental Ww shrimp scampi');

insert into AppUser(name, lastSeen) values ('db90b011-ea1c-4490-a493-917985d65578', now());
insert into Message(id, createdat, belongstochannel, createdbyuser, discriminator, content) values ('db90b011-ea1c-4490-a493-917985d65578', now(), 'maximum_Horse1', 'db90b011-ea1c-4490-a493-917985d65578', 'SimpleMessage', 'comfortable Celery and blue cheese salad');

insert into AppUser(name, lastSeen) values ('af9f8c97-0f36-47b6-bf43-271194e63d7e', now());
insert into Message(id, createdat, belongstochannel, createdbyuser, discriminator, content) values ('af9f8c97-0f36-47b6-bf43-271194e63d7e', now(), 'maximum_Horse1', 'af9f8c97-0f36-47b6-bf43-271194e63d7e', 'SimpleMessage', 'strange Celery and blue cheese salad');

insert into AppUser(name, lastSeen) values ('e596e246-d562-4f6b-a353-42ff492e31b5', now());
insert into Message(id, createdat, belongstochannel, createdbyuser, discriminator, content) values ('e596e246-d562-4f6b-a353-42ff492e31b5', now(), 'rural_Duck2', 'e596e246-d562-4f6b-a353-42ff492e31b5', 'SimpleMessage', 'honest De constructed chicken cordon bleu');

insert into AppUser(name, lastSeen) values ('93c72ba0-f660-4da3-9803-86cf5a746419', now());
insert into Message(id, createdat, belongstochannel, createdbyuser, discriminator, content) values ('93c72ba0-f660-4da3-9803-86cf5a746419', now(), 'rural_Duck2', '93c72ba0-f660-4da3-9803-86cf5a746419', 'SimpleMessage', 'rare Guacamole stuffed deviled eggs');

insert into AppUser(name, lastSeen) values ('94da95a5-3a9e-4cc5-a6aa-624b6e50466c', now());
insert into Message(id, createdat, belongstochannel, createdbyuser, discriminator, content) values ('94da95a5-3a9e-4cc5-a6aa-624b6e50466c', now(), 'rural_Duck2', '94da95a5-3a9e-4cc5-a6aa-624b6e50466c', 'SimpleMessage', 'tall Creamy cucumber dill dip');

insert into AppUser(name, lastSeen) values ('a1682973-9274-4de9-a4d2-b93e662b8625', now());
insert into Message(id, createdat, belongstochannel, createdbyuser, discriminator, content) values ('a1682973-9274-4de9-a4d2-b93e662b8625', now(), 'rural_Duck2', 'a1682973-9274-4de9-a4d2-b93e662b8625', 'SimpleMessage', 'conventional Grilled or baked salmon with lavender');

insert into AppUser(name, lastSeen) values ('020a956c-a92c-4617-ba1a-184ff289fce9', now());
insert into Message(id, createdat, belongstochannel, createdbyuser, discriminator, content) values ('020a956c-a92c-4617-ba1a-184ff289fce9', now(), 'rural_Duck2', '020a956c-a92c-4617-ba1a-184ff289fce9', 'SimpleMessage', 'open Italian style roast');

insert into AppUser(name, lastSeen) values ('56b7a4a8-3106-4c5f-9aee-653b2ba3e775', now());
insert into Message(id, createdat, belongstochannel, createdbyuser, discriminator, content) values ('56b7a4a8-3106-4c5f-9aee-653b2ba3e775', now(), 'rural_Duck2', '56b7a4a8-3106-4c5f-9aee-653b2ba3e775', 'SimpleMessage', 'lovely Caribbean sunset');

insert into AppUser(name, lastSeen) values ('678bc15b-8283-4aed-9606-f903994b76a6', now());
insert into Message(id, createdat, belongstochannel, createdbyuser, discriminator, content) values ('678bc15b-8283-4aed-9606-f903994b76a6', now(), 'rural_Duck2', '678bc15b-8283-4aed-9606-f903994b76a6', 'SimpleMessage', 'efficient Mushroom and chicken grilled quesadillas');

insert into AppUser(name, lastSeen) values ('4b953efe-c1d0-41be-9c9c-f85e69bdaa67', now());
insert into Message(id, createdat, belongstochannel, createdbyuser, discriminator, content) values ('4b953efe-c1d0-41be-9c9c-f85e69bdaa67', now(), 'rural_Duck2', '4b953efe-c1d0-41be-9c9c-f85e69bdaa67', 'SimpleMessage', 'bad Gorgonzola and toasted walnut salad');

insert into AppUser(name, lastSeen) values ('a254c335-04fe-444c-a18c-5bf2fdc1a002', now());
insert into Message(id, createdat, belongstochannel, createdbyuser, discriminator, content) values ('a254c335-04fe-444c-a18c-5bf2fdc1a002', now(), 'rural_Duck2', 'a254c335-04fe-444c-a18c-5bf2fdc1a002', 'SimpleMessage', 'silly Spicy catfish tenders with cajun tartar sauce');

insert into AppUser(name, lastSeen) values ('c3d1d3dd-c902-4e03-9a85-68a1d9c1af2e', now());
insert into Message(id, createdat, belongstochannel, createdbyuser, discriminator, content) values ('c3d1d3dd-c902-4e03-9a85-68a1d9c1af2e', now(), 'rural_Duck2', 'c3d1d3dd-c902-4e03-9a85-68a1d9c1af2e', 'SimpleMessage', 'dark Iced banana cream');

insert into AppUser(name, lastSeen) values ('9a407ddf-ea86-489d-926b-93d147586be8', now());
insert into Message(id, createdat, belongstochannel, createdbyuser, discriminator, content) values ('9a407ddf-ea86-489d-926b-93d147586be8', now(), 'distinctive_Goat3', '9a407ddf-ea86-489d-926b-93d147586be8', 'SimpleMessage', 'impressive Mrs allens date loaf');

insert into AppUser(name, lastSeen) values ('2de1e983-7734-4661-82b9-35e1520e9ac0', now());
insert into Message(id, createdat, belongstochannel, createdbyuser, discriminator, content) values ('2de1e983-7734-4661-82b9-35e1520e9ac0', now(), 'distinctive_Goat3', '2de1e983-7734-4661-82b9-35e1520e9ac0', 'SimpleMessage', 'ethnic Lindas special potato salad');

insert into AppUser(name, lastSeen) values ('ee06231c-9612-4023-a17e-23000ce3edfc', now());
insert into Message(id, createdat, belongstochannel, createdbyuser, discriminator, content) values ('ee06231c-9612-4023-a17e-23000ce3edfc', now(), 'distinctive_Goat3', 'ee06231c-9612-4023-a17e-23000ce3edfc', 'SimpleMessage', 'blue Baby shower pink cloud punch');

insert into AppUser(name, lastSeen) values ('4c042e97-ab46-4104-a6c2-4f4bd1dc3c5d', now());
insert into Message(id, createdat, belongstochannel, createdbyuser, discriminator, content) values ('4c042e97-ab46-4104-a6c2-4f4bd1dc3c5d', now(), 'distinctive_Goat3', '4c042e97-ab46-4104-a6c2-4f4bd1dc3c5d', 'SimpleMessage', 'statutory Creamy beet salad');

insert into AppUser(name, lastSeen) values ('f1bfdcb0-149c-4d9f-bcdb-854ca35ccac2', now());
insert into Message(id, createdat, belongstochannel, createdbyuser, discriminator, content) values ('f1bfdcb0-149c-4d9f-bcdb-854ca35ccac2', now(), 'distinctive_Goat3', 'f1bfdcb0-149c-4d9f-bcdb-854ca35ccac2', 'SimpleMessage', 'illegal Acorn squash for 2');

insert into AppUser(name, lastSeen) values ('e701e973-2e70-4e94-97e6-54f72fe45183', now());
insert into Message(id, createdat, belongstochannel, createdbyuser, discriminator, content) values ('e701e973-2e70-4e94-97e6-54f72fe45183', now(), 'distinctive_Goat3', 'e701e973-2e70-4e94-97e6-54f72fe45183', 'SimpleMessage', 'strong Just peachy grillin ribs rsc');

insert into AppUser(name, lastSeen) values ('b7fe18c0-97bb-4175-98c5-979754b535e4', now());
insert into Message(id, createdat, belongstochannel, createdbyuser, discriminator, content) values ('b7fe18c0-97bb-4175-98c5-979754b535e4', now(), 'distinctive_Goat3', 'b7fe18c0-97bb-4175-98c5-979754b535e4', 'SimpleMessage', 'fifth Pumpkin knot yeast rolls');

insert into AppUser(name, lastSeen) values ('23b69af8-c407-4ebc-93e5-05eb58165860', now());
insert into Message(id, createdat, belongstochannel, createdbyuser, discriminator, content) values ('23b69af8-c407-4ebc-93e5-05eb58165860', now(), 'distinctive_Goat3', '23b69af8-c407-4ebc-93e5-05eb58165860', 'SimpleMessage', 'natural Bergy dim sum 5 steamed shrimp dumplings');

insert into AppUser(name, lastSeen) values ('f22d9f1a-bd9c-4c78-b994-98a106be86ab', now());
insert into Message(id, createdat, belongstochannel, createdbyuser, discriminator, content) values ('f22d9f1a-bd9c-4c78-b994-98a106be86ab', now(), 'distinctive_Goat3', 'f22d9f1a-bd9c-4c78-b994-98a106be86ab', 'SimpleMessage', 'southern Herb crusted fish fillets');

insert into AppUser(name, lastSeen) values ('074daf78-2e1b-49d2-83e4-aa19271fefa2', now());
insert into Message(id, createdat, belongstochannel, createdbyuser, discriminator, content) values ('074daf78-2e1b-49d2-83e4-aa19271fefa2', now(), 'distinctive_Goat3', '074daf78-2e1b-49d2-83e4-aa19271fefa2', 'SimpleMessage', 'afraid Strawberry and cream cheese parfait');

insert into AppUser(name, lastSeen) values ('8b97952e-b980-4a61-8170-d5d08bb60423', now());
insert into Message(id, createdat, belongstochannel, createdbyuser, discriminator, content) values ('8b97952e-b980-4a61-8170-d5d08bb60423', now(), 'main_Turkey4', '8b97952e-b980-4a61-8170-d5d08bb60423', 'SimpleMessage', 'efficient Spanish shrimp');

insert into AppUser(name, lastSeen) values ('75669378-21b6-4a79-be36-620b344132e7', now());
insert into Message(id, createdat, belongstochannel, createdbyuser, discriminator, content) values ('75669378-21b6-4a79-be36-620b344132e7', now(), 'main_Turkey4', '75669378-21b6-4a79-be36-620b344132e7', 'SimpleMessage', 'alone Provencal olives');

insert into AppUser(name, lastSeen) values ('873e0d0e-32db-49c4-934f-43686ff5d5ff', now());
insert into Message(id, createdat, belongstochannel, createdbyuser, discriminator, content) values ('873e0d0e-32db-49c4-934f-43686ff5d5ff', now(), 'main_Turkey4', '873e0d0e-32db-49c4-934f-43686ff5d5ff', 'SimpleMessage', 'present Flounder stuffed with shrimp and crabmeat');

insert into AppUser(name, lastSeen) values ('d450bca4-048e-4f76-ad6a-59172d714178', now());
insert into Message(id, createdat, belongstochannel, createdbyuser, discriminator, content) values ('d450bca4-048e-4f76-ad6a-59172d714178', now(), 'main_Turkey4', 'd450bca4-048e-4f76-ad6a-59172d714178', 'SimpleMessage', 'sexual Lemon and parsley potatoes');

insert into AppUser(name, lastSeen) values ('c3e5d7db-f1ac-47cf-8fae-3c71c0d2dfbd', now());
insert into Message(id, createdat, belongstochannel, createdbyuser, discriminator, content) values ('c3e5d7db-f1ac-47cf-8fae-3c71c0d2dfbd', now(), 'main_Turkey4', 'c3e5d7db-f1ac-47cf-8fae-3c71c0d2dfbd', 'SimpleMessage', 'brilliant Ultimate crab and spinach manicotti with parmesan cheese sauce');

insert into AppUser(name, lastSeen) values ('22559fb7-76ff-4737-a8e3-b1d4f2a3969c', now());
insert into Message(id, createdat, belongstochannel, createdbyuser, discriminator, content) values ('22559fb7-76ff-4737-a8e3-b1d4f2a3969c', now(), 'main_Turkey4', '22559fb7-76ff-4737-a8e3-b1d4f2a3969c', 'SimpleMessage', 'dark Herb crusted fish fillets');

insert into AppUser(name, lastSeen) values ('140a2402-155e-4388-8b75-736ae8b76c41', now());
insert into Message(id, createdat, belongstochannel, createdbyuser, discriminator, content) values ('140a2402-155e-4388-8b75-736ae8b76c41', now(), 'main_Turkey4', '140a2402-155e-4388-8b75-736ae8b76c41', 'SimpleMessage', 'criminal Kittencals banana almond muffins with almond streusel');

insert into AppUser(name, lastSeen) values ('7c183027-7ac2-4b06-a0fa-15f8066651e9', now());
insert into Message(id, createdat, belongstochannel, createdbyuser, discriminator, content) values ('7c183027-7ac2-4b06-a0fa-15f8066651e9', now(), 'main_Turkey4', '7c183027-7ac2-4b06-a0fa-15f8066651e9', 'SimpleMessage', 'valuable Sherry buttered shrimp');

insert into AppUser(name, lastSeen) values ('55703c6e-122e-4b74-97c8-76461fad6f38', now());
insert into Message(id, createdat, belongstochannel, createdbyuser, discriminator, content) values ('55703c6e-122e-4b74-97c8-76461fad6f38', now(), 'main_Turkey4', '55703c6e-122e-4b74-97c8-76461fad6f38', 'SimpleMessage', 'possible Crunchy rosemary potatoes');

insert into AppUser(name, lastSeen) values ('159636a2-af2f-4bea-a1ae-e8edf44b21be', now());
insert into Message(id, createdat, belongstochannel, createdbyuser, discriminator, content) values ('159636a2-af2f-4bea-a1ae-e8edf44b21be', now(), 'main_Turkey4', '159636a2-af2f-4bea-a1ae-e8edf44b21be', 'SimpleMessage', 'official Caribbean sunset');

insert into AppUser(name, lastSeen) values ('6b828d19-780e-45b6-ad20-84bb8c2b51ac', now());
insert into Message(id, createdat, belongstochannel, createdbyuser, discriminator, content) values ('6b828d19-780e-45b6-ad20-84bb8c2b51ac', now(), 'long-term_Llama5', '6b828d19-780e-45b6-ad20-84bb8c2b51ac', 'SimpleMessage', 'small Raspberry cranberry salad with sour cream cream cheese topping');

insert into AppUser(name, lastSeen) values ('936be70a-b6c1-4fd3-bd79-1285a335e65b', now());
insert into Message(id, createdat, belongstochannel, createdbyuser, discriminator, content) values ('936be70a-b6c1-4fd3-bd79-1285a335e65b', now(), 'long-term_Llama5', '936be70a-b6c1-4fd3-bd79-1285a335e65b', 'SimpleMessage', 'cool Lindas special potato salad');

insert into AppUser(name, lastSeen) values ('c717406d-24c4-4662-90a6-3f319fc1313d', now());
insert into Message(id, createdat, belongstochannel, createdbyuser, discriminator, content) values ('c717406d-24c4-4662-90a6-3f319fc1313d', now(), 'long-term_Llama5', 'c717406d-24c4-4662-90a6-3f319fc1313d', 'SimpleMessage', 'evident Strawberry and cream cheese parfait');

insert into AppUser(name, lastSeen) values ('3b42ef0a-0fe2-4c49-8351-1725c0131678', now());
insert into Message(id, createdat, belongstochannel, createdbyuser, discriminator, content) values ('3b42ef0a-0fe2-4c49-8351-1725c0131678', now(), 'long-term_Llama5', '3b42ef0a-0fe2-4c49-8351-1725c0131678', 'SimpleMessage', 'true Lindas asian salmon');

insert into AppUser(name, lastSeen) values ('1807321b-6f0d-4330-a5d3-f1ec12bcc7ab', now());
insert into Message(id, createdat, belongstochannel, createdbyuser, discriminator, content) values ('1807321b-6f0d-4330-a5d3-f1ec12bcc7ab', now(), 'long-term_Llama5', '1807321b-6f0d-4330-a5d3-f1ec12bcc7ab', 'SimpleMessage', 'easy Garlic mashed potatoes and cashew gravy');

insert into AppUser(name, lastSeen) values ('6a52b09a-7f0b-4e8c-a2bf-27234a2cbd84', now());
insert into Message(id, createdat, belongstochannel, createdbyuser, discriminator, content) values ('6a52b09a-7f0b-4e8c-a2bf-27234a2cbd84', now(), 'long-term_Llama5', '6a52b09a-7f0b-4e8c-a2bf-27234a2cbd84', 'SimpleMessage', 'electoral Kittencals chicken cacciatore');

insert into AppUser(name, lastSeen) values ('e29432ca-8534-4875-a6ff-b3201aef3ba0', now());
insert into Message(id, createdat, belongstochannel, createdbyuser, discriminator, content) values ('e29432ca-8534-4875-a6ff-b3201aef3ba0', now(), 'long-term_Llama5', 'e29432ca-8534-4875-a6ff-b3201aef3ba0', 'SimpleMessage', 'critical Fresh tomato and cucumber salad');

insert into AppUser(name, lastSeen) values ('ac04f319-5b26-48a7-bf76-b5c78bcefb89', now());
insert into Message(id, createdat, belongstochannel, createdbyuser, discriminator, content) values ('ac04f319-5b26-48a7-bf76-b5c78bcefb89', now(), 'long-term_Llama5', 'ac04f319-5b26-48a7-bf76-b5c78bcefb89', 'SimpleMessage', 'major White chocolate cheesecake');

insert into AppUser(name, lastSeen) values ('17981109-82ce-4b95-9934-7a19bfd74713', now());
insert into Message(id, createdat, belongstochannel, createdbyuser, discriminator, content) values ('17981109-82ce-4b95-9934-7a19bfd74713', now(), 'long-term_Llama5', '17981109-82ce-4b95-9934-7a19bfd74713', 'SimpleMessage', 'corporate Caribbean sunset');

insert into AppUser(name, lastSeen) values ('2ded6399-d9e4-4597-ab6a-4d3b801e37a9', now());
insert into Message(id, createdat, belongstochannel, createdbyuser, discriminator, content) values ('2ded6399-d9e4-4597-ab6a-4d3b801e37a9', now(), 'long-term_Llama5', '2ded6399-d9e4-4597-ab6a-4d3b801e37a9', 'SimpleMessage', 'exact Kittencals extra crispy fried chicken breast');

insert into AppUser(name, lastSeen) values ('0d1cc7cf-c2de-42e4-b934-9d813c2ef80b', now());
insert into Message(id, createdat, belongstochannel, createdbyuser, discriminator, content) values ('0d1cc7cf-c2de-42e4-b934-9d813c2ef80b', now(), 'middle_Goose6', '0d1cc7cf-c2de-42e4-b934-9d813c2ef80b', 'SimpleMessage', 'funny Mashed potatoes with bacon and cheddar');

insert into AppUser(name, lastSeen) values ('33b90346-750c-422d-8fc2-2c976d70a792', now());
insert into Message(id, createdat, belongstochannel, createdbyuser, discriminator, content) values ('33b90346-750c-422d-8fc2-2c976d70a792', now(), 'middle_Goose6', '33b90346-750c-422d-8fc2-2c976d70a792', 'SimpleMessage', 'long-term Whipped cream cream cheese frosting');

insert into AppUser(name, lastSeen) values ('ebe9f2dc-cb6c-469f-a2fa-e70d989709c1', now());
insert into Message(id, createdat, belongstochannel, createdbyuser, discriminator, content) values ('ebe9f2dc-cb6c-469f-a2fa-e70d989709c1', now(), 'middle_Goose6', 'ebe9f2dc-cb6c-469f-a2fa-e70d989709c1', 'SimpleMessage', 'so-called Roasted broccoli with cherry tomatoes');

insert into AppUser(name, lastSeen) values ('843e03bb-34c5-4a9c-85c5-a689a4b0e456', now());
insert into Message(id, createdat, belongstochannel, createdbyuser, discriminator, content) values ('843e03bb-34c5-4a9c-85c5-a689a4b0e456', now(), 'middle_Goose6', '843e03bb-34c5-4a9c-85c5-a689a4b0e456', 'SimpleMessage', 'wet Provencal olives');

insert into AppUser(name, lastSeen) values ('9613a047-8375-4206-b538-dc4b6355f10e', now());
insert into Message(id, createdat, belongstochannel, createdbyuser, discriminator, content) values ('9613a047-8375-4206-b538-dc4b6355f10e', now(), 'middle_Goose6', '9613a047-8375-4206-b538-dc4b6355f10e', 'SimpleMessage', 'extreme Garlic prime rib');

insert into AppUser(name, lastSeen) values ('1f5cb72c-3552-4151-96c4-fba66fc1b4f8', now());
insert into Message(id, createdat, belongstochannel, createdbyuser, discriminator, content) values ('1f5cb72c-3552-4151-96c4-fba66fc1b4f8', now(), 'middle_Goose6', '1f5cb72c-3552-4151-96c4-fba66fc1b4f8', 'SimpleMessage', 'weak Pork chops with apples stuffing');

insert into AppUser(name, lastSeen) values ('20db48c0-7eee-4395-9889-91c1623b4d82', now());
insert into Message(id, createdat, belongstochannel, createdbyuser, discriminator, content) values ('20db48c0-7eee-4395-9889-91c1623b4d82', now(), 'middle_Goose6', '20db48c0-7eee-4395-9889-91c1623b4d82', 'SimpleMessage', 'alright Sausage mushroom appetizers');

insert into AppUser(name, lastSeen) values ('926a5073-f1b9-4719-9869-9b03f8f22c16', now());
insert into Message(id, createdat, belongstochannel, createdbyuser, discriminator, content) values ('926a5073-f1b9-4719-9869-9b03f8f22c16', now(), 'middle_Goose6', '926a5073-f1b9-4719-9869-9b03f8f22c16', 'SimpleMessage', 'special French napoleons');

insert into AppUser(name, lastSeen) values ('20d52c22-8dbf-400c-951b-07efb985a4a6', now());
insert into Message(id, createdat, belongstochannel, createdbyuser, discriminator, content) values ('20d52c22-8dbf-400c-951b-07efb985a4a6', now(), 'middle_Goose6', '20d52c22-8dbf-400c-951b-07efb985a4a6', 'SimpleMessage', 'contemporary Roasted cherry or grape tomatoes');

insert into AppUser(name, lastSeen) values ('433a8ddf-1332-4ee3-a4ab-db7ae82e2612', now());
insert into Message(id, createdat, belongstochannel, createdbyuser, discriminator, content) values ('433a8ddf-1332-4ee3-a4ab-db7ae82e2612', now(), 'middle_Goose6', '433a8ddf-1332-4ee3-a4ab-db7ae82e2612', 'SimpleMessage', 'true Fried almonds');

insert into AppUser(name, lastSeen) values ('bcb0acd7-b632-4191-ade7-cceae524707a', now());
insert into Message(id, createdat, belongstochannel, createdbyuser, discriminator, content) values ('bcb0acd7-b632-4191-ade7-cceae524707a', now(), 'substantial_Duck7', 'bcb0acd7-b632-4191-ade7-cceae524707a', 'SimpleMessage', 'level Cucumber open faced sandwiches');

insert into AppUser(name, lastSeen) values ('e67bd2f4-48b6-449f-a59d-5605b7bf7751', now());
insert into Message(id, createdat, belongstochannel, createdbyuser, discriminator, content) values ('e67bd2f4-48b6-449f-a59d-5605b7bf7751', now(), 'substantial_Duck7', 'e67bd2f4-48b6-449f-a59d-5605b7bf7751', 'SimpleMessage', 'prime Kittencals greek garden salad with greek style dressing');

insert into AppUser(name, lastSeen) values ('4bbdc670-e49f-43ee-9c10-d6f7de933309', now());
insert into Message(id, createdat, belongstochannel, createdbyuser, discriminator, content) values ('4bbdc670-e49f-43ee-9c10-d6f7de933309', now(), 'substantial_Duck7', '4bbdc670-e49f-43ee-9c10-d6f7de933309', 'SimpleMessage', 'latter Peanut butter gooey cake');

insert into AppUser(name, lastSeen) values ('914a3aad-6944-46d8-bbab-a43c12558252', now());
insert into Message(id, createdat, belongstochannel, createdbyuser, discriminator, content) values ('914a3aad-6944-46d8-bbab-a43c12558252', now(), 'substantial_Duck7', '914a3aad-6944-46d8-bbab-a43c12558252', 'SimpleMessage', 'proud Kittencals tender microwave corn with husks on');

insert into AppUser(name, lastSeen) values ('df3f49ed-a202-4351-a9b1-141ba1bf880e', now());
insert into Message(id, createdat, belongstochannel, createdbyuser, discriminator, content) values ('df3f49ed-a202-4351-a9b1-141ba1bf880e', now(), 'substantial_Duck7', 'df3f49ed-a202-4351-a9b1-141ba1bf880e', 'SimpleMessage', 'upper Savory pita chips');

insert into AppUser(name, lastSeen) values ('f4b0edae-f1e3-410f-8d0d-ec87ab7d0b5b', now());
insert into Message(id, createdat, belongstochannel, createdbyuser, discriminator, content) values ('f4b0edae-f1e3-410f-8d0d-ec87ab7d0b5b', now(), 'substantial_Duck7', 'f4b0edae-f1e3-410f-8d0d-ec87ab7d0b5b', 'SimpleMessage', 'pleasant Delicious cheesy bacon and green onion potato skins');

insert into AppUser(name, lastSeen) values ('98d6f477-f404-4296-a3ed-83a5c5ecbf37', now());
insert into Message(id, createdat, belongstochannel, createdbyuser, discriminator, content) values ('98d6f477-f404-4296-a3ed-83a5c5ecbf37', now(), 'substantial_Duck7', '98d6f477-f404-4296-a3ed-83a5c5ecbf37', 'SimpleMessage', 'structural Confit d oignon french onion marmalade');

insert into AppUser(name, lastSeen) values ('961b5f6c-cf95-425c-99df-894983ee2bca', now());
insert into Message(id, createdat, belongstochannel, createdbyuser, discriminator, content) values ('961b5f6c-cf95-425c-99df-894983ee2bca', now(), 'substantial_Duck7', '961b5f6c-cf95-425c-99df-894983ee2bca', 'SimpleMessage', 'third The realtors cream cheese corn');

insert into AppUser(name, lastSeen) values ('8acc5edb-2172-4074-90e6-c652b3b7ed74', now());
insert into Message(id, createdat, belongstochannel, createdbyuser, discriminator, content) values ('8acc5edb-2172-4074-90e6-c652b3b7ed74', now(), 'substantial_Duck7', '8acc5edb-2172-4074-90e6-c652b3b7ed74', 'SimpleMessage', 'powerful Healthy italian breadsticks or pizza crust');

insert into AppUser(name, lastSeen) values ('ce2a4b7e-e7ea-4c48-b591-6baf6b27e84d', now());
insert into Message(id, createdat, belongstochannel, createdbyuser, discriminator, content) values ('ce2a4b7e-e7ea-4c48-b591-6baf6b27e84d', now(), 'substantial_Duck7', 'ce2a4b7e-e7ea-4c48-b591-6baf6b27e84d', 'SimpleMessage', 'distinct Strawberry pavlova');

insert into AppUser(name, lastSeen) values ('d26cca43-b030-4f9e-b06e-9d4bb2114a6c', now());
insert into Message(id, createdat, belongstochannel, createdbyuser, discriminator, content) values ('d26cca43-b030-4f9e-b06e-9d4bb2114a6c', now(), 'civil_Duck8', 'd26cca43-b030-4f9e-b06e-9d4bb2114a6c', 'SimpleMessage', 'due Awesome twice baked potatoes');

insert into AppUser(name, lastSeen) values ('3226939e-2910-422a-bc31-8451e1cc3f66', now());
insert into Message(id, createdat, belongstochannel, createdbyuser, discriminator, content) values ('3226939e-2910-422a-bc31-8451e1cc3f66', now(), 'civil_Duck8', '3226939e-2910-422a-bc31-8451e1cc3f66', 'SimpleMessage', 'formal Healthy italian breadsticks or pizza crust');

insert into AppUser(name, lastSeen) values ('4bd2bcbf-df43-4d12-a356-0031c66b8c48', now());
insert into Message(id, createdat, belongstochannel, createdbyuser, discriminator, content) values ('4bd2bcbf-df43-4d12-a356-0031c66b8c48', now(), 'civil_Duck8', '4bd2bcbf-df43-4d12-a356-0031c66b8c48', 'SimpleMessage', 'clever Peanut butter gooey cake');

insert into AppUser(name, lastSeen) values ('b3e30b91-f8c2-4243-b1b0-609458905e6b', now());
insert into Message(id, createdat, belongstochannel, createdbyuser, discriminator, content) values ('b3e30b91-f8c2-4243-b1b0-609458905e6b', now(), 'civil_Duck8', 'b3e30b91-f8c2-4243-b1b0-609458905e6b', 'SimpleMessage', 'small Coconut pound cake');

insert into AppUser(name, lastSeen) values ('2515f99a-52db-444c-a067-171df474af25', now());
insert into Message(id, createdat, belongstochannel, createdbyuser, discriminator, content) values ('2515f99a-52db-444c-a067-171df474af25', now(), 'civil_Duck8', '2515f99a-52db-444c-a067-171df474af25', 'SimpleMessage', 'significant Spinach with lemon garlic');

insert into AppUser(name, lastSeen) values ('ca37be08-c146-40b4-a7c9-bf3afcb65cfc', now());
insert into Message(id, createdat, belongstochannel, createdbyuser, discriminator, content) values ('ca37be08-c146-40b4-a7c9-bf3afcb65cfc', now(), 'civil_Duck8', 'ca37be08-c146-40b4-a7c9-bf3afcb65cfc', 'SimpleMessage', 'previous Sherry buttered shrimp');

insert into AppUser(name, lastSeen) values ('285806be-7d9e-4aa9-a865-cb330b6bfdfe', now());
insert into Message(id, createdat, belongstochannel, createdbyuser, discriminator, content) values ('285806be-7d9e-4aa9-a865-cb330b6bfdfe', now(), 'civil_Duck8', '285806be-7d9e-4aa9-a865-cb330b6bfdfe', 'SimpleMessage', 'enormous Savory pita chips');

insert into AppUser(name, lastSeen) values ('40daebf7-9dec-4625-bb6d-99c1198fd2ba', now());
insert into Message(id, createdat, belongstochannel, createdbyuser, discriminator, content) values ('40daebf7-9dec-4625-bb6d-99c1198fd2ba', now(), 'civil_Duck8', '40daebf7-9dec-4625-bb6d-99c1198fd2ba', 'SimpleMessage', 'sad Ww shrimp scampi');

insert into AppUser(name, lastSeen) values ('978e2497-90a9-4f80-beb1-a2ff88ec8990', now());
insert into Message(id, createdat, belongstochannel, createdbyuser, discriminator, content) values ('978e2497-90a9-4f80-beb1-a2ff88ec8990', now(), 'civil_Duck8', '978e2497-90a9-4f80-beb1-a2ff88ec8990', 'SimpleMessage', 'full Healthy italian breadsticks or pizza crust');

insert into AppUser(name, lastSeen) values ('57b4e1e3-a74b-45a9-83fd-b90e2e51d9c8', now());
insert into Message(id, createdat, belongstochannel, createdbyuser, discriminator, content) values ('57b4e1e3-a74b-45a9-83fd-b90e2e51d9c8', now(), 'civil_Duck8', '57b4e1e3-a74b-45a9-83fd-b90e2e51d9c8', 'SimpleMessage', 'international Creamy garlic prawns');

insert into AppUser(name, lastSeen) values ('a5df1af3-8e1d-42cb-ae27-2af4bab958de', now());
insert into Message(id, createdat, belongstochannel, createdbyuser, discriminator, content) values ('a5df1af3-8e1d-42cb-ae27-2af4bab958de', now(), 'southern_Turkey9', 'a5df1af3-8e1d-42cb-ae27-2af4bab958de', 'SimpleMessage', 'mere Raspberry cranberry salad with sour cream cream cheese topping');

insert into AppUser(name, lastSeen) values ('6bc51756-ff4c-465a-ab5e-939c0838ef48', now());
insert into Message(id, createdat, belongstochannel, createdbyuser, discriminator, content) values ('6bc51756-ff4c-465a-ab5e-939c0838ef48', now(), 'southern_Turkey9', '6bc51756-ff4c-465a-ab5e-939c0838ef48', 'SimpleMessage', 'outstanding Number 400 seafood casserole');

insert into AppUser(name, lastSeen) values ('c47060be-0d7b-4283-9ced-33504b8d407c', now());
insert into Message(id, createdat, belongstochannel, createdbyuser, discriminator, content) values ('c47060be-0d7b-4283-9ced-33504b8d407c', now(), 'southern_Turkey9', 'c47060be-0d7b-4283-9ced-33504b8d407c', 'SimpleMessage', 'fair Orange brownie');

insert into AppUser(name, lastSeen) values ('1448a89d-1099-4c75-82c2-3f15e7b7b5a4', now());
insert into Message(id, createdat, belongstochannel, createdbyuser, discriminator, content) values ('1448a89d-1099-4c75-82c2-3f15e7b7b5a4', now(), 'southern_Turkey9', '1448a89d-1099-4c75-82c2-3f15e7b7b5a4', 'SimpleMessage', 'subject Brown sugar roasted salmon with maple mustard dill sauce');

insert into AppUser(name, lastSeen) values ('1319ebaf-4156-48ef-9995-ce1f6ecacbab', now());
insert into Message(id, createdat, belongstochannel, createdbyuser, discriminator, content) values ('1319ebaf-4156-48ef-9995-ce1f6ecacbab', now(), 'southern_Turkey9', '1319ebaf-4156-48ef-9995-ce1f6ecacbab', 'SimpleMessage', 'famous Crunchy rosemary potatoes');

insert into AppUser(name, lastSeen) values ('0b5d8b7e-e808-4947-8806-c0915007d2ec', now());
insert into Message(id, createdat, belongstochannel, createdbyuser, discriminator, content) values ('0b5d8b7e-e808-4947-8806-c0915007d2ec', now(), 'southern_Turkey9', '0b5d8b7e-e808-4947-8806-c0915007d2ec', 'SimpleMessage', 'soft Roasted asparagus with sage and lemon butter');

insert into AppUser(name, lastSeen) values ('f2d6e7f5-4d5a-4eb0-b9d1-a86044b67f72', now());
insert into Message(id, createdat, belongstochannel, createdbyuser, discriminator, content) values ('f2d6e7f5-4d5a-4eb0-b9d1-a86044b67f72', now(), 'southern_Turkey9', 'f2d6e7f5-4d5a-4eb0-b9d1-a86044b67f72', 'SimpleMessage', 'revolutionary Cornish game hens with peach glaze');

insert into AppUser(name, lastSeen) values ('09eff7f7-ba61-4acd-a854-cdc5b686ee07', now());
insert into Message(id, createdat, belongstochannel, createdbyuser, discriminator, content) values ('09eff7f7-ba61-4acd-a854-cdc5b686ee07', now(), 'southern_Turkey9', '09eff7f7-ba61-4acd-a854-cdc5b686ee07', 'SimpleMessage', 'pleasant T g i fridays mudslide');

insert into AppUser(name, lastSeen) values ('a083be1f-4e60-4b92-9f68-00ec54fc453e', now());
insert into Message(id, createdat, belongstochannel, createdbyuser, discriminator, content) values ('a083be1f-4e60-4b92-9f68-00ec54fc453e', now(), 'southern_Turkey9', 'a083be1f-4e60-4b92-9f68-00ec54fc453e', 'SimpleMessage', 'next Strawberry pavlova');

insert into AppUser(name, lastSeen) values ('4465eab5-7035-45bf-991d-b661f567f94a', now());
insert into Message(id, createdat, belongstochannel, createdbyuser, discriminator, content) values ('4465eab5-7035-45bf-991d-b661f567f94a', now(), 'southern_Turkey9', '4465eab5-7035-45bf-991d-b661f567f94a', 'SimpleMessage', 'lucky Creamy cucumber dill dip');

insert into AppUser(name, lastSeen) values ('092d8dc7-18d6-4231-96a5-5dedaa24eddd', now());
insert into Message(id, createdat, belongstochannel, createdbyuser, discriminator, content) values ('092d8dc7-18d6-4231-96a5-5dedaa24eddd', now(), 'other_Donkey0', '092d8dc7-18d6-4231-96a5-5dedaa24eddd', 'SimpleMessage', 'conventional Goat cheese black olive mashed potatoes');

insert into AppUser(name, lastSeen) values ('cc22d305-07f4-4872-9f37-b39500053ecb', now());
insert into Message(id, createdat, belongstochannel, createdbyuser, discriminator, content) values ('cc22d305-07f4-4872-9f37-b39500053ecb', now(), 'other_Donkey0', 'cc22d305-07f4-4872-9f37-b39500053ecb', 'SimpleMessage', 'black Broccoli and cranberry salad');

insert into AppUser(name, lastSeen) values ('e4be983e-c51a-490d-88e1-23228b53ac61', now());
insert into Message(id, createdat, belongstochannel, createdbyuser, discriminator, content) values ('e4be983e-c51a-490d-88e1-23228b53ac61', now(), 'other_Donkey0', 'e4be983e-c51a-490d-88e1-23228b53ac61', 'SimpleMessage', 'violent Sausage mushroom appetizers');

insert into AppUser(name, lastSeen) values ('e75e8a20-6631-4d99-82bf-9852b1f561ff', now());
insert into Message(id, createdat, belongstochannel, createdbyuser, discriminator, content) values ('e75e8a20-6631-4d99-82bf-9852b1f561ff', now(), 'other_Donkey0', 'e75e8a20-6631-4d99-82bf-9852b1f561ff', 'SimpleMessage', 'initial Sherry buttered shrimp');

insert into AppUser(name, lastSeen) values ('2a3f3d55-8bfe-425e-b3e2-6f79434e5602', now());
insert into Message(id, createdat, belongstochannel, createdbyuser, discriminator, content) values ('2a3f3d55-8bfe-425e-b3e2-6f79434e5602', now(), 'other_Donkey0', '2a3f3d55-8bfe-425e-b3e2-6f79434e5602', 'SimpleMessage', 'natural No bake hersheys bar pie');

insert into AppUser(name, lastSeen) values ('9a6e731e-25d3-4ede-96a2-63322537e5e1', now());
insert into Message(id, createdat, belongstochannel, createdbyuser, discriminator, content) values ('9a6e731e-25d3-4ede-96a2-63322537e5e1', now(), 'other_Donkey0', '9a6e731e-25d3-4ede-96a2-63322537e5e1', 'SimpleMessage', 'modern Calico peas');

insert into AppUser(name, lastSeen) values ('dbbab1ec-c5b6-4984-8dcc-4c0a104abb25', now());
insert into Message(id, createdat, belongstochannel, createdbyuser, discriminator, content) values ('dbbab1ec-c5b6-4984-8dcc-4c0a104abb25', now(), 'other_Donkey0', 'dbbab1ec-c5b6-4984-8dcc-4c0a104abb25', 'SimpleMessage', 'conventional Kittencals chicken cacciatore');

insert into AppUser(name, lastSeen) values ('ddf44fc4-fef0-4175-866c-875ce54da694', now());
insert into Message(id, createdat, belongstochannel, createdbyuser, discriminator, content) values ('ddf44fc4-fef0-4175-866c-875ce54da694', now(), 'other_Donkey0', 'ddf44fc4-fef0-4175-866c-875ce54da694', 'SimpleMessage', 'overall Blue margaritas');

insert into AppUser(name, lastSeen) values ('e27c9ffd-c133-4246-aeb9-49b607e9f588', now());
insert into Message(id, createdat, belongstochannel, createdbyuser, discriminator, content) values ('e27c9ffd-c133-4246-aeb9-49b607e9f588', now(), 'other_Donkey0', 'e27c9ffd-c133-4246-aeb9-49b607e9f588', 'SimpleMessage', 'helpful Frozen kahlua creme');

insert into AppUser(name, lastSeen) values ('3f011700-8872-4210-bf1b-0b3200932b32', now());
insert into Message(id, createdat, belongstochannel, createdbyuser, discriminator, content) values ('3f011700-8872-4210-bf1b-0b3200932b32', now(), 'other_Donkey0', '3f011700-8872-4210-bf1b-0b3200932b32', 'SimpleMessage', 'vast Jalapeno pepper jelly chicken');

insert into AppUser(name, lastSeen) values ('c905dbb4-8dd3-4d2b-a209-b8232c75a352', now());
insert into Message(id, createdat, belongstochannel, createdbyuser, discriminator, content) values ('c905dbb4-8dd3-4d2b-a209-b8232c75a352', now(), 'glad_Duck1', 'c905dbb4-8dd3-4d2b-a209-b8232c75a352', 'SimpleMessage', 'simple German apple cake with cream cheese frosting');

insert into AppUser(name, lastSeen) values ('29ab29e7-5df6-4989-8521-744a923bfea2', now());
insert into Message(id, createdat, belongstochannel, createdbyuser, discriminator, content) values ('29ab29e7-5df6-4989-8521-744a923bfea2', now(), 'glad_Duck1', '29ab29e7-5df6-4989-8521-744a923bfea2', 'SimpleMessage', 'raw Bergy dim sum 5 steamed shrimp dumplings');

insert into AppUser(name, lastSeen) values ('11ea3cb3-10ba-4746-bfeb-a0820a9791fc', now());
insert into Message(id, createdat, belongstochannel, createdbyuser, discriminator, content) values ('11ea3cb3-10ba-4746-bfeb-a0820a9791fc', now(), 'glad_Duck1', '11ea3cb3-10ba-4746-bfeb-a0820a9791fc', 'SimpleMessage', 'near T g i fridays mudslide');

insert into AppUser(name, lastSeen) values ('87bcddc5-101c-422f-89f8-a8c8a02ad226', now());
insert into Message(id, createdat, belongstochannel, createdbyuser, discriminator, content) values ('87bcddc5-101c-422f-89f8-a8c8a02ad226', now(), 'glad_Duck1', '87bcddc5-101c-422f-89f8-a8c8a02ad226', 'SimpleMessage', 'negative Ribs');

insert into AppUser(name, lastSeen) values ('d25ab0f5-5db7-4a0a-845e-89ec8c36a89e', now());
insert into Message(id, createdat, belongstochannel, createdbyuser, discriminator, content) values ('d25ab0f5-5db7-4a0a-845e-89ec8c36a89e', now(), 'glad_Duck1', 'd25ab0f5-5db7-4a0a-845e-89ec8c36a89e', 'SimpleMessage', 'firm Cafe mocha latte');

insert into AppUser(name, lastSeen) values ('1d1077a1-7b58-44de-b578-9cd5713a226e', now());
insert into Message(id, createdat, belongstochannel, createdbyuser, discriminator, content) values ('1d1077a1-7b58-44de-b578-9cd5713a226e', now(), 'glad_Duck1', '1d1077a1-7b58-44de-b578-9cd5713a226e', 'SimpleMessage', 'apparent Heavenly lemon bread pudding');

insert into AppUser(name, lastSeen) values ('8c7633f6-b1c9-449d-8d89-7bfb0c919839', now());
insert into Message(id, createdat, belongstochannel, createdbyuser, discriminator, content) values ('8c7633f6-b1c9-449d-8d89-7bfb0c919839', now(), 'glad_Duck1', '8c7633f6-b1c9-449d-8d89-7bfb0c919839', 'SimpleMessage', 'recent Amazing sweet italian sausage pasta soup');

insert into AppUser(name, lastSeen) values ('99fc9543-3291-48c5-ad73-52fb45635f81', now());
insert into Message(id, createdat, belongstochannel, createdbyuser, discriminator, content) values ('99fc9543-3291-48c5-ad73-52fb45635f81', now(), 'glad_Duck1', '99fc9543-3291-48c5-ad73-52fb45635f81', 'SimpleMessage', 'minor Cookie monster fruit salad');

insert into AppUser(name, lastSeen) values ('7ba13ae1-c80b-4896-8e2f-e5d822d3c921', now());
insert into Message(id, createdat, belongstochannel, createdbyuser, discriminator, content) values ('7ba13ae1-c80b-4896-8e2f-e5d822d3c921', now(), 'glad_Duck1', '7ba13ae1-c80b-4896-8e2f-e5d822d3c921', 'SimpleMessage', 'plain Sweet and sour kielbasa kabobs');

insert into AppUser(name, lastSeen) values ('3fdff2ce-782d-476c-b3c2-5a97fc63c8ad', now());
insert into Message(id, createdat, belongstochannel, createdbyuser, discriminator, content) values ('3fdff2ce-782d-476c-b3c2-5a97fc63c8ad', now(), 'glad_Duck1', '3fdff2ce-782d-476c-b3c2-5a97fc63c8ad', 'SimpleMessage', 'bad Fantastic mushrooms with garlic butter and parmesan');

insert into AppUser(name, lastSeen) values ('a5280f27-4425-4300-971c-b302a5fef549', now());
insert into Message(id, createdat, belongstochannel, createdbyuser, discriminator, content) values ('a5280f27-4425-4300-971c-b302a5fef549', now(), 'nuclear_Turkey2', 'a5280f27-4425-4300-971c-b302a5fef549', 'SimpleMessage', 'visual Ultimate crab and spinach manicotti with parmesan cheese sauce');

insert into AppUser(name, lastSeen) values ('5529b241-33a0-4729-963a-a0b21900ea1f', now());
insert into Message(id, createdat, belongstochannel, createdbyuser, discriminator, content) values ('5529b241-33a0-4729-963a-a0b21900ea1f', now(), 'nuclear_Turkey2', '5529b241-33a0-4729-963a-a0b21900ea1f', 'SimpleMessage', 'administrative Guava mojito');

insert into AppUser(name, lastSeen) values ('3345bb2d-d92f-4b5c-a5dd-620f5fa9f15b', now());
insert into Message(id, createdat, belongstochannel, createdbyuser, discriminator, content) values ('3345bb2d-d92f-4b5c-a5dd-620f5fa9f15b', now(), 'nuclear_Turkey2', '3345bb2d-d92f-4b5c-a5dd-620f5fa9f15b', 'SimpleMessage', 'linguistic Tropical baked chicken');

insert into AppUser(name, lastSeen) values ('e9958173-2de0-4f2d-9fc8-e316cc12a4a1', now());
insert into Message(id, createdat, belongstochannel, createdbyuser, discriminator, content) values ('e9958173-2de0-4f2d-9fc8-e316cc12a4a1', now(), 'nuclear_Turkey2', 'e9958173-2de0-4f2d-9fc8-e316cc12a4a1', 'SimpleMessage', 'sure Creamy garlic prawns');

insert into AppUser(name, lastSeen) values ('7950f73f-b26c-4ce9-868f-2672c7c0f1a5', now());
insert into Message(id, createdat, belongstochannel, createdbyuser, discriminator, content) values ('7950f73f-b26c-4ce9-868f-2672c7c0f1a5', now(), 'nuclear_Turkey2', '7950f73f-b26c-4ce9-868f-2672c7c0f1a5', 'SimpleMessage', 'equivalent Grilled pork chops with lime cilantro garlic');

insert into AppUser(name, lastSeen) values ('e9afac0e-2191-4bca-b877-2d7768b1d2bd', now());
insert into Message(id, createdat, belongstochannel, createdbyuser, discriminator, content) values ('e9afac0e-2191-4bca-b877-2d7768b1d2bd', now(), 'nuclear_Turkey2', 'e9afac0e-2191-4bca-b877-2d7768b1d2bd', 'SimpleMessage', 'reasonable Caponata eggplant and lots of good things');

insert into AppUser(name, lastSeen) values ('61c34a2e-35e9-479e-9d9d-278b711063a0', now());
insert into Message(id, createdat, belongstochannel, createdbyuser, discriminator, content) values ('61c34a2e-35e9-479e-9d9d-278b711063a0', now(), 'nuclear_Turkey2', '61c34a2e-35e9-479e-9d9d-278b711063a0', 'SimpleMessage', 'electoral Rachael rays mimosa');

insert into AppUser(name, lastSeen) values ('775cf836-4771-4446-bf03-547553e589d5', now());
insert into Message(id, createdat, belongstochannel, createdbyuser, discriminator, content) values ('775cf836-4771-4446-bf03-547553e589d5', now(), 'nuclear_Turkey2', '775cf836-4771-4446-bf03-547553e589d5', 'SimpleMessage', 'soft Roasted beet salad with horseradish cream dressing');

insert into AppUser(name, lastSeen) values ('27234791-8589-4b74-b57d-8d7b7b7103cf', now());
insert into Message(id, createdat, belongstochannel, createdbyuser, discriminator, content) values ('27234791-8589-4b74-b57d-8d7b7b7103cf', now(), 'nuclear_Turkey2', '27234791-8589-4b74-b57d-8d7b7b7103cf', 'SimpleMessage', 'electrical Sweet and sour kielbasa kabobs');

insert into AppUser(name, lastSeen) values ('d6233ccd-0e1e-49fd-b364-c12b35ea5646', now());
insert into Message(id, createdat, belongstochannel, createdbyuser, discriminator, content) values ('d6233ccd-0e1e-49fd-b364-c12b35ea5646', now(), 'nuclear_Turkey2', 'd6233ccd-0e1e-49fd-b364-c12b35ea5646', 'SimpleMessage', 'classical Just peachy grillin ribs rsc');

insert into AppUser(name, lastSeen) values ('603137fe-fad4-466f-9f6e-8ec33fae7aad', now());
insert into Message(id, createdat, belongstochannel, createdbyuser, discriminator, content) values ('603137fe-fad4-466f-9f6e-8ec33fae7aad', now(), 'commercial_Llama3', '603137fe-fad4-466f-9f6e-8ec33fae7aad', 'SimpleMessage', 'minimum Sherry buttered shrimp');

insert into AppUser(name, lastSeen) values ('7f3d82d9-73aa-4ac0-a26a-8624cbc7a163', now());
insert into Message(id, createdat, belongstochannel, createdbyuser, discriminator, content) values ('7f3d82d9-73aa-4ac0-a26a-8624cbc7a163', now(), 'commercial_Llama3', '7f3d82d9-73aa-4ac0-a26a-8624cbc7a163', 'SimpleMessage', 'recent Kittencals greek garden salad with greek style dressing');

insert into AppUser(name, lastSeen) values ('79ba0baf-3043-4afd-aa8b-e67f1ca7194f', now());
insert into Message(id, createdat, belongstochannel, createdbyuser, discriminator, content) values ('79ba0baf-3043-4afd-aa8b-e67f1ca7194f', now(), 'commercial_Llama3', '79ba0baf-3043-4afd-aa8b-e67f1ca7194f', 'SimpleMessage', 'active Calico peas');

insert into AppUser(name, lastSeen) values ('b6b99ea0-6532-4c31-a365-4207f993382f', now());
insert into Message(id, createdat, belongstochannel, createdbyuser, discriminator, content) values ('b6b99ea0-6532-4c31-a365-4207f993382f', now(), 'commercial_Llama3', 'b6b99ea0-6532-4c31-a365-4207f993382f', 'SimpleMessage', 'unknown Strawberry pavlova');

insert into AppUser(name, lastSeen) values ('d1e86030-8864-4158-a6de-a4543dc5f954', now());
insert into Message(id, createdat, belongstochannel, createdbyuser, discriminator, content) values ('d1e86030-8864-4158-a6de-a4543dc5f954', now(), 'commercial_Llama3', 'd1e86030-8864-4158-a6de-a4543dc5f954', 'SimpleMessage', 'early Parmesan fish in the oven');

insert into AppUser(name, lastSeen) values ('09c37f80-6dea-4913-a3ea-fd63975047dc', now());
insert into Message(id, createdat, belongstochannel, createdbyuser, discriminator, content) values ('09c37f80-6dea-4913-a3ea-fd63975047dc', now(), 'commercial_Llama3', '09c37f80-6dea-4913-a3ea-fd63975047dc', 'SimpleMessage', 'brilliant Orange glazed pork chops');

insert into AppUser(name, lastSeen) values ('445e0a1b-52cf-47b5-8967-d1fbb007371b', now());
insert into Message(id, createdat, belongstochannel, createdbyuser, discriminator, content) values ('445e0a1b-52cf-47b5-8967-d1fbb007371b', now(), 'commercial_Llama3', '445e0a1b-52cf-47b5-8967-d1fbb007371b', 'SimpleMessage', 'relative Crock pot caramelized onion pot roast');

insert into AppUser(name, lastSeen) values ('0b9f85b5-ef49-4a3b-9211-c869728f7e71', now());
insert into Message(id, createdat, belongstochannel, createdbyuser, discriminator, content) values ('0b9f85b5-ef49-4a3b-9211-c869728f7e71', now(), 'commercial_Llama3', '0b9f85b5-ef49-4a3b-9211-c869728f7e71', 'SimpleMessage', 'pleasant Creamy garlic prawns');

insert into AppUser(name, lastSeen) values ('ed53679f-a1d9-4c5d-88db-b33c0d66b8f5', now());
insert into Message(id, createdat, belongstochannel, createdbyuser, discriminator, content) values ('ed53679f-a1d9-4c5d-88db-b33c0d66b8f5', now(), 'commercial_Llama3', 'ed53679f-a1d9-4c5d-88db-b33c0d66b8f5', 'SimpleMessage', 'second Celery and blue cheese salad');

insert into AppUser(name, lastSeen) values ('d19abb32-078d-4c55-9e96-68b712b04bef', now());
insert into Message(id, createdat, belongstochannel, createdbyuser, discriminator, content) values ('d19abb32-078d-4c55-9e96-68b712b04bef', now(), 'commercial_Llama3', 'd19abb32-078d-4c55-9e96-68b712b04bef', 'SimpleMessage', 'natural Strawberry and baileys fool');

insert into AppUser(name, lastSeen) values ('eb56085c-3a6a-4dce-8d3d-6d631b20701f', now());
insert into Message(id, createdat, belongstochannel, createdbyuser, discriminator, content) values ('eb56085c-3a6a-4dce-8d3d-6d631b20701f', now(), 'dark_Goose4', 'eb56085c-3a6a-4dce-8d3d-6d631b20701f', 'SimpleMessage', 'extraordinary Spanish shrimp');

insert into AppUser(name, lastSeen) values ('f6c93979-239b-414d-8d26-a2203faa1149', now());
insert into Message(id, createdat, belongstochannel, createdbyuser, discriminator, content) values ('f6c93979-239b-414d-8d26-a2203faa1149', now(), 'dark_Goose4', 'f6c93979-239b-414d-8d26-a2203faa1149', 'SimpleMessage', 'generous Crunchy rosemary potatoes');

insert into AppUser(name, lastSeen) values ('7403ea30-fa0f-4c17-9a1d-ce969bbb1cad', now());
insert into Message(id, createdat, belongstochannel, createdbyuser, discriminator, content) values ('7403ea30-fa0f-4c17-9a1d-ce969bbb1cad', now(), 'dark_Goose4', '7403ea30-fa0f-4c17-9a1d-ce969bbb1cad', 'SimpleMessage', 'nice Buttermilk mashed potatoes with country mustard');

insert into AppUser(name, lastSeen) values ('5af16176-2830-4b49-b7f8-9f0186d272af', now());
insert into Message(id, createdat, belongstochannel, createdbyuser, discriminator, content) values ('5af16176-2830-4b49-b7f8-9f0186d272af', now(), 'dark_Goose4', '5af16176-2830-4b49-b7f8-9f0186d272af', 'SimpleMessage', 'blind Raspberry cranberry salad with sour cream cream cheese topping');

insert into AppUser(name, lastSeen) values ('f6daaf83-d334-4e5e-8f4f-f352c254017c', now());
insert into Message(id, createdat, belongstochannel, createdbyuser, discriminator, content) values ('f6daaf83-d334-4e5e-8f4f-f352c254017c', now(), 'dark_Goose4', 'f6daaf83-d334-4e5e-8f4f-f352c254017c', 'SimpleMessage', 'foreign Ww potato gratin 5 points');

insert into AppUser(name, lastSeen) values ('375e7f35-b5a1-480a-a260-c453dc928d49', now());
insert into Message(id, createdat, belongstochannel, createdbyuser, discriminator, content) values ('375e7f35-b5a1-480a-a260-c453dc928d49', now(), 'dark_Goose4', '375e7f35-b5a1-480a-a260-c453dc928d49', 'SimpleMessage', 'fifth Lemon and parsley potatoes');

insert into AppUser(name, lastSeen) values ('4642cb22-dcd5-456c-bef6-30145dd5daed', now());
insert into Message(id, createdat, belongstochannel, createdbyuser, discriminator, content) values ('4642cb22-dcd5-456c-bef6-30145dd5daed', now(), 'dark_Goose4', '4642cb22-dcd5-456c-bef6-30145dd5daed', 'SimpleMessage', 'expensive Swedish cucumber salad pressgurka');

insert into AppUser(name, lastSeen) values ('4245476a-c14b-4029-9d7d-b1dee08ff90b', now());
insert into Message(id, createdat, belongstochannel, createdbyuser, discriminator, content) values ('4245476a-c14b-4029-9d7d-b1dee08ff90b', now(), 'dark_Goose4', '4245476a-c14b-4029-9d7d-b1dee08ff90b', 'SimpleMessage', 'residential Layered bean taco dip');

insert into AppUser(name, lastSeen) values ('ae227c9c-eeda-488e-99fc-4e9b5d7cc555', now());
insert into Message(id, createdat, belongstochannel, createdbyuser, discriminator, content) values ('ae227c9c-eeda-488e-99fc-4e9b5d7cc555', now(), 'dark_Goose4', 'ae227c9c-eeda-488e-99fc-4e9b5d7cc555', 'SimpleMessage', 'near Kittencals greek garden salad with greek style dressing');

insert into AppUser(name, lastSeen) values ('cb1e4408-3694-4ad0-a60f-89b966f5c18b', now());
insert into Message(id, createdat, belongstochannel, createdbyuser, discriminator, content) values ('cb1e4408-3694-4ad0-a60f-89b966f5c18b', now(), 'dark_Goose4', 'cb1e4408-3694-4ad0-a60f-89b966f5c18b', 'SimpleMessage', 'rural Buttermilk mashed potatoes with country mustard');

insert into AppUser(name, lastSeen) values ('999a33cc-e1a9-4217-b032-33adcd247ed7', now());
insert into Message(id, createdat, belongstochannel, createdbyuser, discriminator, content) values ('999a33cc-e1a9-4217-b032-33adcd247ed7', now(), 'various_Llama5', '999a33cc-e1a9-4217-b032-33adcd247ed7', 'SimpleMessage', 'total Italian style roast');

insert into AppUser(name, lastSeen) values ('5fb673e2-1276-4352-ad05-c946122c26ec', now());
insert into Message(id, createdat, belongstochannel, createdbyuser, discriminator, content) values ('5fb673e2-1276-4352-ad05-c946122c26ec', now(), 'various_Llama5', '5fb673e2-1276-4352-ad05-c946122c26ec', 'SimpleMessage', 'classic Kittencals crock pot french dip roast');

insert into AppUser(name, lastSeen) values ('226bd7db-5b97-4d69-b728-ddd8b2af4e33', now());
insert into Message(id, createdat, belongstochannel, createdbyuser, discriminator, content) values ('226bd7db-5b97-4d69-b728-ddd8b2af4e33', now(), 'various_Llama5', '226bd7db-5b97-4d69-b728-ddd8b2af4e33', 'SimpleMessage', 'long Apricot glazed roasted asparagus low fat');

insert into AppUser(name, lastSeen) values ('c29195bf-a8bd-48f7-93fe-b2bf713bc5ea', now());
insert into Message(id, createdat, belongstochannel, createdbyuser, discriminator, content) values ('c29195bf-a8bd-48f7-93fe-b2bf713bc5ea', now(), 'various_Llama5', 'c29195bf-a8bd-48f7-93fe-b2bf713bc5ea', 'SimpleMessage', 'strategic Green goddess dressing');

insert into AppUser(name, lastSeen) values ('c80d22a5-cfb5-464c-b1b8-a3a5b8fcaae3', now());
insert into Message(id, createdat, belongstochannel, createdbyuser, discriminator, content) values ('c80d22a5-cfb5-464c-b1b8-a3a5b8fcaae3', now(), 'various_Llama5', 'c80d22a5-cfb5-464c-b1b8-a3a5b8fcaae3', 'SimpleMessage', 'positive Cookie monster fruit salad');

insert into AppUser(name, lastSeen) values ('08e38853-af34-4c5d-9433-6f5c18b836a5', now());
insert into Message(id, createdat, belongstochannel, createdbyuser, discriminator, content) values ('08e38853-af34-4c5d-9433-6f5c18b836a5', now(), 'various_Llama5', '08e38853-af34-4c5d-9433-6f5c18b836a5', 'SimpleMessage', 'valuable Garlic herbed roasted red skin potatoes');

insert into AppUser(name, lastSeen) values ('86f58582-1662-416f-9634-bb5f1a0fdaa4', now());
insert into Message(id, createdat, belongstochannel, createdbyuser, discriminator, content) values ('86f58582-1662-416f-9634-bb5f1a0fdaa4', now(), 'various_Llama5', '86f58582-1662-416f-9634-bb5f1a0fdaa4', 'SimpleMessage', 'western Spinach salad with blue cheese');

insert into AppUser(name, lastSeen) values ('c6ddc662-1c84-4916-b777-9a9ccc3e6088', now());
insert into Message(id, createdat, belongstochannel, createdbyuser, discriminator, content) values ('c6ddc662-1c84-4916-b777-9a9ccc3e6088', now(), 'various_Llama5', 'c6ddc662-1c84-4916-b777-9a9ccc3e6088', 'SimpleMessage', 'continuous Fresh tomato and cucumber salad');

insert into AppUser(name, lastSeen) values ('fd40d4ce-4201-46ff-90fb-85c5b83f27da', now());
insert into Message(id, createdat, belongstochannel, createdbyuser, discriminator, content) values ('fd40d4ce-4201-46ff-90fb-85c5b83f27da', now(), 'various_Llama5', 'fd40d4ce-4201-46ff-90fb-85c5b83f27da', 'SimpleMessage', 'great White chocolate cheesecake');

insert into AppUser(name, lastSeen) values ('1c6ac16b-e276-4987-8b9c-44eff5d25ad9', now());
insert into Message(id, createdat, belongstochannel, createdbyuser, discriminator, content) values ('1c6ac16b-e276-4987-8b9c-44eff5d25ad9', now(), 'various_Llama5', '1c6ac16b-e276-4987-8b9c-44eff5d25ad9', 'SimpleMessage', 'suitable Lubys cafeteria butternut brownie pie');

insert into AppUser(name, lastSeen) values ('f20e2e53-8b4c-450c-870e-bcc7df735760', now());
insert into Message(id, createdat, belongstochannel, createdbyuser, discriminator, content) values ('f20e2e53-8b4c-450c-870e-bcc7df735760', now(), 'dependent_Pig6', 'f20e2e53-8b4c-450c-870e-bcc7df735760', 'SimpleMessage', 'mental Long island iced tea applebees tgi fridays style');

insert into AppUser(name, lastSeen) values ('e349a4d6-be29-4d09-9909-c48dc3adbd91', now());
insert into Message(id, createdat, belongstochannel, createdbyuser, discriminator, content) values ('e349a4d6-be29-4d09-9909-c48dc3adbd91', now(), 'dependent_Pig6', 'e349a4d6-be29-4d09-9909-c48dc3adbd91', 'SimpleMessage', 'free Spanish garlic shrimp taverna');

insert into AppUser(name, lastSeen) values ('9ff3f98e-bbe6-41ca-9d84-58b8a0f340b0', now());
insert into Message(id, createdat, belongstochannel, createdbyuser, discriminator, content) values ('9ff3f98e-bbe6-41ca-9d84-58b8a0f340b0', now(), 'dependent_Pig6', '9ff3f98e-bbe6-41ca-9d84-58b8a0f340b0', 'SimpleMessage', 'tough Caribbean sunset');

insert into AppUser(name, lastSeen) values ('cb5160ca-d639-472d-8f62-3e7e378ebbcb', now());
insert into Message(id, createdat, belongstochannel, createdbyuser, discriminator, content) values ('cb5160ca-d639-472d-8f62-3e7e378ebbcb', now(), 'dependent_Pig6', 'cb5160ca-d639-472d-8f62-3e7e378ebbcb', 'SimpleMessage', 'ready Orzo with tomatoes feta and green onions');

insert into AppUser(name, lastSeen) values ('b147a586-4fe9-4f26-abfd-14ffee03cafd', now());
insert into Message(id, createdat, belongstochannel, createdbyuser, discriminator, content) values ('b147a586-4fe9-4f26-abfd-14ffee03cafd', now(), 'dependent_Pig6', 'b147a586-4fe9-4f26-abfd-14ffee03cafd', 'SimpleMessage', 'eastern Rachael rays mimosa');

insert into AppUser(name, lastSeen) values ('b164c2f5-5590-4399-92be-e470fe7dfeba', now());
insert into Message(id, createdat, belongstochannel, createdbyuser, discriminator, content) values ('b164c2f5-5590-4399-92be-e470fe7dfeba', now(), 'dependent_Pig6', 'b164c2f5-5590-4399-92be-e470fe7dfeba', 'SimpleMessage', 'keen Marinated grilled tuna steak');

insert into AppUser(name, lastSeen) values ('a15ad3b2-e95f-469d-967b-740dacc00e38', now());
insert into Message(id, createdat, belongstochannel, createdbyuser, discriminator, content) values ('a15ad3b2-e95f-469d-967b-740dacc00e38', now(), 'dependent_Pig6', 'a15ad3b2-e95f-469d-967b-740dacc00e38', 'SimpleMessage', 'raw Bo kaap cape malay curry powder south african spice mixture');

insert into AppUser(name, lastSeen) values ('11fe0929-2461-4ba9-92be-682082771bec', now());
insert into Message(id, createdat, belongstochannel, createdbyuser, discriminator, content) values ('11fe0929-2461-4ba9-92be-682082771bec', now(), 'dependent_Pig6', '11fe0929-2461-4ba9-92be-682082771bec', 'SimpleMessage', 'happy German style eiskaffee iced coffee drink');

insert into AppUser(name, lastSeen) values ('03916f7a-adaf-46a8-bb7b-f04e10b6d9bc', now());
insert into Message(id, createdat, belongstochannel, createdbyuser, discriminator, content) values ('03916f7a-adaf-46a8-bb7b-f04e10b6d9bc', now(), 'dependent_Pig6', '03916f7a-adaf-46a8-bb7b-f04e10b6d9bc', 'SimpleMessage', 'practical Flounder stuffed with shrimp and crabmeat');

insert into AppUser(name, lastSeen) values ('ab354a15-6ff3-431d-9f3c-8be934afa70d', now());
insert into Message(id, createdat, belongstochannel, createdbyuser, discriminator, content) values ('ab354a15-6ff3-431d-9f3c-8be934afa70d', now(), 'dependent_Pig6', 'ab354a15-6ff3-431d-9f3c-8be934afa70d', 'SimpleMessage', 'one Creole potato salad');

insert into AppUser(name, lastSeen) values ('33def949-602f-4b9e-a3bb-0d9ce0a0135c', now());
insert into Message(id, createdat, belongstochannel, createdbyuser, discriminator, content) values ('33def949-602f-4b9e-a3bb-0d9ce0a0135c', now(), 'thick_Llama7', '33def949-602f-4b9e-a3bb-0d9ce0a0135c', 'SimpleMessage', 'ready Nude beach');

insert into AppUser(name, lastSeen) values ('7fd4ead4-e21a-48d9-aa14-55dff1f5dc0d', now());
insert into Message(id, createdat, belongstochannel, createdbyuser, discriminator, content) values ('7fd4ead4-e21a-48d9-aa14-55dff1f5dc0d', now(), 'thick_Llama7', '7fd4ead4-e21a-48d9-aa14-55dff1f5dc0d', 'SimpleMessage', 'particular Agua de valencia knock your socks off spanish cava punch');

insert into AppUser(name, lastSeen) values ('dd536e72-5741-4e9d-97c5-436b7a88b1ca', now());
insert into Message(id, createdat, belongstochannel, createdbyuser, discriminator, content) values ('dd536e72-5741-4e9d-97c5-436b7a88b1ca', now(), 'thick_Llama7', 'dd536e72-5741-4e9d-97c5-436b7a88b1ca', 'SimpleMessage', 'terrible Jamaican pork tenderloin');

insert into AppUser(name, lastSeen) values ('b17d7cb9-a7b3-44a7-a670-b662e03db17d', now());
insert into Message(id, createdat, belongstochannel, createdbyuser, discriminator, content) values ('b17d7cb9-a7b3-44a7-a670-b662e03db17d', now(), 'thick_Llama7', 'b17d7cb9-a7b3-44a7-a670-b662e03db17d', 'SimpleMessage', 'generous Cookie monster fruit salad');

insert into AppUser(name, lastSeen) values ('9f219fb2-b064-4aec-bf88-30eb920d1748', now());
insert into Message(id, createdat, belongstochannel, createdbyuser, discriminator, content) values ('9f219fb2-b064-4aec-bf88-30eb920d1748', now(), 'thick_Llama7', '9f219fb2-b064-4aec-bf88-30eb920d1748', 'SimpleMessage', 'apparent Caribbean sunset');

insert into AppUser(name, lastSeen) values ('82e373f7-3e6c-4af1-99f3-9bfa0290b9bd', now());
insert into Message(id, createdat, belongstochannel, createdbyuser, discriminator, content) values ('82e373f7-3e6c-4af1-99f3-9bfa0290b9bd', now(), 'thick_Llama7', '82e373f7-3e6c-4af1-99f3-9bfa0290b9bd', 'SimpleMessage', 'relative Strawberry and baileys fool');

insert into AppUser(name, lastSeen) values ('46e6acea-4605-41fb-8450-83cda5827568', now());
insert into Message(id, createdat, belongstochannel, createdbyuser, discriminator, content) values ('46e6acea-4605-41fb-8450-83cda5827568', now(), 'thick_Llama7', '46e6acea-4605-41fb-8450-83cda5827568', 'SimpleMessage', 'vulnerable Raspberry lemonade');

insert into AppUser(name, lastSeen) values ('6a4e47f3-e8f0-4a8b-ae98-cd350cb78eac', now());
insert into Message(id, createdat, belongstochannel, createdbyuser, discriminator, content) values ('6a4e47f3-e8f0-4a8b-ae98-cd350cb78eac', now(), 'thick_Llama7', '6a4e47f3-e8f0-4a8b-ae98-cd350cb78eac', 'SimpleMessage', 'huge Raspberry lemonade');

insert into AppUser(name, lastSeen) values ('fc0082ac-5e25-4722-bf24-b7b0f055e140', now());
insert into Message(id, createdat, belongstochannel, createdbyuser, discriminator, content) values ('fc0082ac-5e25-4722-bf24-b7b0f055e140', now(), 'thick_Llama7', 'fc0082ac-5e25-4722-bf24-b7b0f055e140', 'SimpleMessage', 'minimum Roasted beet salad with horseradish cream dressing');

insert into AppUser(name, lastSeen) values ('af54ffb5-f6fb-4cc1-a714-d96d12ec3ad4', now());
insert into Message(id, createdat, belongstochannel, createdbyuser, discriminator, content) values ('af54ffb5-f6fb-4cc1-a714-d96d12ec3ad4', now(), 'thick_Llama7', 'af54ffb5-f6fb-4cc1-a714-d96d12ec3ad4', 'SimpleMessage', 'literary Chocolate covered dipped strawberries');

insert into AppUser(name, lastSeen) values ('f4e9b2fc-098c-4759-b265-f8bf690c92f0', now());
insert into Message(id, createdat, belongstochannel, createdbyuser, discriminator, content) values ('f4e9b2fc-098c-4759-b265-f8bf690c92f0', now(), 'reasonable_Sheep8', 'f4e9b2fc-098c-4759-b265-f8bf690c92f0', 'SimpleMessage', 'extra Mamas fruit cobbler');

insert into AppUser(name, lastSeen) values ('c9cd0751-8c92-45de-8224-460a04bcf6c9', now());
insert into Message(id, createdat, belongstochannel, createdbyuser, discriminator, content) values ('c9cd0751-8c92-45de-8224-460a04bcf6c9', now(), 'reasonable_Sheep8', 'c9cd0751-8c92-45de-8224-460a04bcf6c9', 'SimpleMessage', 'literary De constructed chicken cordon bleu');

insert into AppUser(name, lastSeen) values ('b3def0b2-39b2-4ff9-9ab5-6cd1380d8300', now());
insert into Message(id, createdat, belongstochannel, createdbyuser, discriminator, content) values ('b3def0b2-39b2-4ff9-9ab5-6cd1380d8300', now(), 'reasonable_Sheep8', 'b3def0b2-39b2-4ff9-9ab5-6cd1380d8300', 'SimpleMessage', 'welcome Portuguese tomato rice');

insert into AppUser(name, lastSeen) values ('cdb826c4-7670-4259-81bb-0852677e402b', now());
insert into Message(id, createdat, belongstochannel, createdbyuser, discriminator, content) values ('cdb826c4-7670-4259-81bb-0852677e402b', now(), 'reasonable_Sheep8', 'cdb826c4-7670-4259-81bb-0852677e402b', 'SimpleMessage', 'immediate Healthy italian breadsticks or pizza crust');

insert into AppUser(name, lastSeen) values ('35eee236-f233-42a9-bcb2-ef3025c21518', now());
insert into Message(id, createdat, belongstochannel, createdbyuser, discriminator, content) values ('35eee236-f233-42a9-bcb2-ef3025c21518', now(), 'reasonable_Sheep8', '35eee236-f233-42a9-bcb2-ef3025c21518', 'SimpleMessage', 'fat Cream cheese potato soup');

insert into AppUser(name, lastSeen) values ('ebb97afb-722a-47e1-8b14-940693e0ecf7', now());
insert into Message(id, createdat, belongstochannel, createdbyuser, discriminator, content) values ('ebb97afb-722a-47e1-8b14-940693e0ecf7', now(), 'reasonable_Sheep8', 'ebb97afb-722a-47e1-8b14-940693e0ecf7', 'SimpleMessage', 'nervous Heavenly lemon bread pudding');

insert into AppUser(name, lastSeen) values ('483bb057-99e7-4294-b453-99d70159b4a6', now());
insert into Message(id, createdat, belongstochannel, createdbyuser, discriminator, content) values ('483bb057-99e7-4294-b453-99d70159b4a6', now(), 'reasonable_Sheep8', '483bb057-99e7-4294-b453-99d70159b4a6', 'SimpleMessage', 'democratic Baby shower pink cloud punch');

insert into AppUser(name, lastSeen) values ('b183a6b8-6916-4b51-8e30-9c66b782fb87', now());
insert into Message(id, createdat, belongstochannel, createdbyuser, discriminator, content) values ('b183a6b8-6916-4b51-8e30-9c66b782fb87', now(), 'reasonable_Sheep8', 'b183a6b8-6916-4b51-8e30-9c66b782fb87', 'SimpleMessage', 'real Parslied new potatoes');

insert into AppUser(name, lastSeen) values ('8f1cfee6-7cda-48e9-b5a8-45c8ede9a242', now());
insert into Message(id, createdat, belongstochannel, createdbyuser, discriminator, content) values ('8f1cfee6-7cda-48e9-b5a8-45c8ede9a242', now(), 'reasonable_Sheep8', '8f1cfee6-7cda-48e9-b5a8-45c8ede9a242', 'SimpleMessage', 'evident Kittencals tender microwave corn with husks on');

insert into AppUser(name, lastSeen) values ('8b5d219a-9082-449e-9a92-49977faf7d55', now());
insert into Message(id, createdat, belongstochannel, createdbyuser, discriminator, content) values ('8b5d219a-9082-449e-9a92-49977faf7d55', now(), 'reasonable_Sheep8', '8b5d219a-9082-449e-9a92-49977faf7d55', 'SimpleMessage', 'deep Ribs');

insert into AppUser(name, lastSeen) values ('b20d37c1-5ffd-4c16-8b3c-086c0a009e0b', now());
insert into Message(id, createdat, belongstochannel, createdbyuser, discriminator, content) values ('b20d37c1-5ffd-4c16-8b3c-086c0a009e0b', now(), 'daily_Donkey9', 'b20d37c1-5ffd-4c16-8b3c-086c0a009e0b', 'SimpleMessage', 'chemical Kittencals tender microwave corn with husks on');

insert into AppUser(name, lastSeen) values ('9c960537-a2d0-4fea-8775-64ed0872a394', now());
insert into Message(id, createdat, belongstochannel, createdbyuser, discriminator, content) values ('9c960537-a2d0-4fea-8775-64ed0872a394', now(), 'daily_Donkey9', '9c960537-a2d0-4fea-8775-64ed0872a394', 'SimpleMessage', 'elderly Amazing sweet italian sausage pasta soup');

insert into AppUser(name, lastSeen) values ('535155c5-32d6-4ad5-b2ae-c46fd1472601', now());
insert into Message(id, createdat, belongstochannel, createdbyuser, discriminator, content) values ('535155c5-32d6-4ad5-b2ae-c46fd1472601', now(), 'daily_Donkey9', '535155c5-32d6-4ad5-b2ae-c46fd1472601', 'SimpleMessage', 'big Sweet and sour stir fry shrimp with broccoli and red bell pepper');

insert into AppUser(name, lastSeen) values ('ec1e991e-d32f-44c7-8ccf-ae1635597e78', now());
insert into Message(id, createdat, belongstochannel, createdbyuser, discriminator, content) values ('ec1e991e-d32f-44c7-8ccf-ae1635597e78', now(), 'daily_Donkey9', 'ec1e991e-d32f-44c7-8ccf-ae1635597e78', 'SimpleMessage', 'huge French napoleons');

insert into AppUser(name, lastSeen) values ('e013a15f-7e9d-4486-898f-f835ef08a7f4', now());
insert into Message(id, createdat, belongstochannel, createdbyuser, discriminator, content) values ('e013a15f-7e9d-4486-898f-f835ef08a7f4', now(), 'daily_Donkey9', 'e013a15f-7e9d-4486-898f-f835ef08a7f4', 'SimpleMessage', 'anxious Healthy italian breadsticks or pizza crust');

insert into AppUser(name, lastSeen) values ('ea7237d0-1f95-40e9-bcde-598660f5fd41', now());
insert into Message(id, createdat, belongstochannel, createdbyuser, discriminator, content) values ('ea7237d0-1f95-40e9-bcde-598660f5fd41', now(), 'daily_Donkey9', 'ea7237d0-1f95-40e9-bcde-598660f5fd41', 'SimpleMessage', 'alright Strawberry and cream cheese parfait');

insert into AppUser(name, lastSeen) values ('ff624049-cff1-44c1-9465-b9ee5647094d', now());
insert into Message(id, createdat, belongstochannel, createdbyuser, discriminator, content) values ('ff624049-cff1-44c1-9465-b9ee5647094d', now(), 'daily_Donkey9', 'ff624049-cff1-44c1-9465-b9ee5647094d', 'SimpleMessage', 'mean Kashmir lamb with spinach');

insert into AppUser(name, lastSeen) values ('1949c805-05fd-4e4e-8ea0-79da7ab2b411', now());
insert into Message(id, createdat, belongstochannel, createdbyuser, discriminator, content) values ('1949c805-05fd-4e4e-8ea0-79da7ab2b411', now(), 'daily_Donkey9', '1949c805-05fd-4e4e-8ea0-79da7ab2b411', 'SimpleMessage', 'additional Chocolate chip bundt cake with chocolate glaze');

insert into AppUser(name, lastSeen) values ('785106fc-9220-4a3a-a536-56ffc84bc235', now());
insert into Message(id, createdat, belongstochannel, createdbyuser, discriminator, content) values ('785106fc-9220-4a3a-a536-56ffc84bc235', now(), 'daily_Donkey9', '785106fc-9220-4a3a-a536-56ffc84bc235', 'SimpleMessage', 'still Agua de valencia knock your socks off spanish cava punch');

insert into AppUser(name, lastSeen) values ('8a13c59e-1649-4b15-97fd-63891c968054', now());
insert into Message(id, createdat, belongstochannel, createdbyuser, discriminator, content) values ('8a13c59e-1649-4b15-97fd-63891c968054', now(), 'daily_Donkey9', '8a13c59e-1649-4b15-97fd-63891c968054', 'SimpleMessage', 'sensitive Creamy cucumber dill dip');

insert into AppUser(name, lastSeen) values ('d552993c-0c05-4dc3-9180-db9a490ef6d7', now());
insert into Message(id, createdat, belongstochannel, createdbyuser, discriminator, content) values ('d552993c-0c05-4dc3-9180-db9a490ef6d7', now(), 'maximum_Goose0', 'd552993c-0c05-4dc3-9180-db9a490ef6d7', 'SimpleMessage', 'cold Brown sugar roasted salmon with maple mustard dill sauce');

insert into AppUser(name, lastSeen) values ('a793defa-6174-47ec-9edc-8ddd9212113b', now());
insert into Message(id, createdat, belongstochannel, createdbyuser, discriminator, content) values ('a793defa-6174-47ec-9edc-8ddd9212113b', now(), 'maximum_Goose0', 'a793defa-6174-47ec-9edc-8ddd9212113b', 'SimpleMessage', 'proud Basil tomato salad');

insert into AppUser(name, lastSeen) values ('1f1bcc52-90ef-46c8-82db-2990ff3489ca', now());
insert into Message(id, createdat, belongstochannel, createdbyuser, discriminator, content) values ('1f1bcc52-90ef-46c8-82db-2990ff3489ca', now(), 'maximum_Goose0', '1f1bcc52-90ef-46c8-82db-2990ff3489ca', 'SimpleMessage', 'constant T g i fridays mudslide');

insert into AppUser(name, lastSeen) values ('8f932d7a-7cbe-42a3-800b-4b7046fb45f7', now());
insert into Message(id, createdat, belongstochannel, createdbyuser, discriminator, content) values ('8f932d7a-7cbe-42a3-800b-4b7046fb45f7', now(), 'maximum_Goose0', '8f932d7a-7cbe-42a3-800b-4b7046fb45f7', 'SimpleMessage', 'female Marinated grilled tuna steak');

insert into AppUser(name, lastSeen) values ('33b2978f-f612-4193-ab09-82c69e21d456', now());
insert into Message(id, createdat, belongstochannel, createdbyuser, discriminator, content) values ('33b2978f-f612-4193-ab09-82c69e21d456', now(), 'maximum_Goose0', '33b2978f-f612-4193-ab09-82c69e21d456', 'SimpleMessage', 'sorry Uncle bills caesar canadian style');

insert into AppUser(name, lastSeen) values ('2e944ddc-8252-4e3e-8122-268f4bf3dce0', now());
insert into Message(id, createdat, belongstochannel, createdbyuser, discriminator, content) values ('2e944ddc-8252-4e3e-8122-268f4bf3dce0', now(), 'maximum_Goose0', '2e944ddc-8252-4e3e-8122-268f4bf3dce0', 'SimpleMessage', 'fresh Crock pot caramelized onion pot roast');

insert into AppUser(name, lastSeen) values ('5cdccfaa-b38d-4e8e-b545-3bb212fe93d0', now());
insert into Message(id, createdat, belongstochannel, createdbyuser, discriminator, content) values ('5cdccfaa-b38d-4e8e-b545-3bb212fe93d0', now(), 'maximum_Goose0', '5cdccfaa-b38d-4e8e-b545-3bb212fe93d0', 'SimpleMessage', 'free Sweet and sour pork balls');

insert into AppUser(name, lastSeen) values ('5026038d-809f-4e67-b83a-9b5d4aca5449', now());
insert into Message(id, createdat, belongstochannel, createdbyuser, discriminator, content) values ('5026038d-809f-4e67-b83a-9b5d4aca5449', now(), 'maximum_Goose0', '5026038d-809f-4e67-b83a-9b5d4aca5449', 'SimpleMessage', 'far Potato ham onion chipotle soup');

insert into AppUser(name, lastSeen) values ('ba3b4982-0e3c-43a6-9a2f-6b62abf42b12', now());
insert into Message(id, createdat, belongstochannel, createdbyuser, discriminator, content) values ('ba3b4982-0e3c-43a6-9a2f-6b62abf42b12', now(), 'maximum_Goose0', 'ba3b4982-0e3c-43a6-9a2f-6b62abf42b12', 'SimpleMessage', 'current Your basic tossed salad');

insert into AppUser(name, lastSeen) values ('00833869-b1d4-4cb0-8aa2-48bc4d6c445b', now());
insert into Message(id, createdat, belongstochannel, createdbyuser, discriminator, content) values ('00833869-b1d4-4cb0-8aa2-48bc4d6c445b', now(), 'maximum_Goose0', '00833869-b1d4-4cb0-8aa2-48bc4d6c445b', 'SimpleMessage', 'natural Sweet and sour kielbasa kabobs');

insert into AppUser(name, lastSeen) values ('be98bae2-f07d-4b02-bc9b-f89ace54c922', now());
insert into Message(id, createdat, belongstochannel, createdbyuser, discriminator, content) values ('be98bae2-f07d-4b02-bc9b-f89ace54c922', now(), 'industrial_Goat1', 'be98bae2-f07d-4b02-bc9b-f89ace54c922', 'SimpleMessage', 'genuine I did it my way tossed salad');

insert into AppUser(name, lastSeen) values ('f9088cc6-6775-42cf-9aa1-99f866d2a406', now());
insert into Message(id, createdat, belongstochannel, createdbyuser, discriminator, content) values ('f9088cc6-6775-42cf-9aa1-99f866d2a406', now(), 'industrial_Goat1', 'f9088cc6-6775-42cf-9aa1-99f866d2a406', 'SimpleMessage', 'appropriate Ultimate crab and spinach manicotti with parmesan cheese sauce');

insert into AppUser(name, lastSeen) values ('5139b3ae-fa85-42cf-b4b1-a31fb27aeb77', now());
insert into Message(id, createdat, belongstochannel, createdbyuser, discriminator, content) values ('5139b3ae-fa85-42cf-b4b1-a31fb27aeb77', now(), 'industrial_Goat1', '5139b3ae-fa85-42cf-b4b1-a31fb27aeb77', 'SimpleMessage', 'funny Ruth walls german apple cake');

insert into AppUser(name, lastSeen) values ('2653384b-60dd-408f-a63f-aa689ac01ba2', now());
insert into Message(id, createdat, belongstochannel, createdbyuser, discriminator, content) values ('2653384b-60dd-408f-a63f-aa689ac01ba2', now(), 'industrial_Goat1', '2653384b-60dd-408f-a63f-aa689ac01ba2', 'SimpleMessage', 'broad Parslied new potatoes');

insert into AppUser(name, lastSeen) values ('baaa9b8f-4226-4e8f-a413-144fbf9b834b', now());
insert into Message(id, createdat, belongstochannel, createdbyuser, discriminator, content) values ('baaa9b8f-4226-4e8f-a413-144fbf9b834b', now(), 'industrial_Goat1', 'baaa9b8f-4226-4e8f-a413-144fbf9b834b', 'SimpleMessage', 'particular Roasted cherry or grape tomatoes');

insert into AppUser(name, lastSeen) values ('521588cb-2036-4586-89f2-ff69fbbfd4c4', now());
insert into Message(id, createdat, belongstochannel, createdbyuser, discriminator, content) values ('521588cb-2036-4586-89f2-ff69fbbfd4c4', now(), 'industrial_Goat1', '521588cb-2036-4586-89f2-ff69fbbfd4c4', 'SimpleMessage', 'imperial Kashmir lamb with spinach');

insert into AppUser(name, lastSeen) values ('604057e0-cd48-412e-8a5c-fd8cb451a52d', now());
insert into Message(id, createdat, belongstochannel, createdbyuser, discriminator, content) values ('604057e0-cd48-412e-8a5c-fd8cb451a52d', now(), 'industrial_Goat1', '604057e0-cd48-412e-8a5c-fd8cb451a52d', 'SimpleMessage', 'net Caribbean sunset');

insert into AppUser(name, lastSeen) values ('c3698cb8-ff70-4f1e-810a-1e1fcbb4ff3f', now());
insert into Message(id, createdat, belongstochannel, createdbyuser, discriminator, content) values ('c3698cb8-ff70-4f1e-810a-1e1fcbb4ff3f', now(), 'industrial_Goat1', 'c3698cb8-ff70-4f1e-810a-1e1fcbb4ff3f', 'SimpleMessage', 'very Just peachy grillin ribs rsc');

insert into AppUser(name, lastSeen) values ('494d5013-65ba-46a6-a8e9-8e73c3172916', now());
insert into Message(id, createdat, belongstochannel, createdbyuser, discriminator, content) values ('494d5013-65ba-46a6-a8e9-8e73c3172916', now(), 'industrial_Goat1', '494d5013-65ba-46a6-a8e9-8e73c3172916', 'SimpleMessage', 'academic Fried almonds');

insert into AppUser(name, lastSeen) values ('5e020100-5d79-4581-9557-2ce2c588ae2e', now());
insert into Message(id, createdat, belongstochannel, createdbyuser, discriminator, content) values ('5e020100-5d79-4581-9557-2ce2c588ae2e', now(), 'industrial_Goat1', '5e020100-5d79-4581-9557-2ce2c588ae2e', 'SimpleMessage', 'separate Provencal olives');

insert into AppUser(name, lastSeen) values ('914ebb36-de59-4167-8e59-c646b98e32ee', now());
insert into Message(id, createdat, belongstochannel, createdbyuser, discriminator, content) values ('914ebb36-de59-4167-8e59-c646b98e32ee', now(), 'double_Goat2', '914ebb36-de59-4167-8e59-c646b98e32ee', 'SimpleMessage', 'national Death by chocolate cake');

insert into AppUser(name, lastSeen) values ('027831d9-e5a8-4c0f-94d5-8e67392747f8', now());
insert into Message(id, createdat, belongstochannel, createdbyuser, discriminator, content) values ('027831d9-e5a8-4c0f-94d5-8e67392747f8', now(), 'double_Goat2', '027831d9-e5a8-4c0f-94d5-8e67392747f8', 'SimpleMessage', 'violent Kittencals tender microwave corn with husks on');

insert into AppUser(name, lastSeen) values ('2ea65a3c-bceb-4ec3-963c-a25df2a856c0', now());
insert into Message(id, createdat, belongstochannel, createdbyuser, discriminator, content) values ('2ea65a3c-bceb-4ec3-963c-a25df2a856c0', now(), 'double_Goat2', '2ea65a3c-bceb-4ec3-963c-a25df2a856c0', 'SimpleMessage', 'fellow Kittencals crock pot french dip roast');

insert into AppUser(name, lastSeen) values ('b850384d-2db9-46c4-9a1d-de59f7b4e3b3', now());
insert into Message(id, createdat, belongstochannel, createdbyuser, discriminator, content) values ('b850384d-2db9-46c4-9a1d-de59f7b4e3b3', now(), 'double_Goat2', 'b850384d-2db9-46c4-9a1d-de59f7b4e3b3', 'SimpleMessage', 'temporary Creamy lemon tarts');

insert into AppUser(name, lastSeen) values ('d83b629f-fe42-4405-8cca-2b31c58108f9', now());
insert into Message(id, createdat, belongstochannel, createdbyuser, discriminator, content) values ('d83b629f-fe42-4405-8cca-2b31c58108f9', now(), 'double_Goat2', 'd83b629f-fe42-4405-8cca-2b31c58108f9', 'SimpleMessage', 'mean Greek shrimp with rigatoni');

insert into AppUser(name, lastSeen) values ('9405a411-8c14-4de8-acb6-ffe29c2d9fcc', now());
insert into Message(id, createdat, belongstochannel, createdbyuser, discriminator, content) values ('9405a411-8c14-4de8-acb6-ffe29c2d9fcc', now(), 'double_Goat2', '9405a411-8c14-4de8-acb6-ffe29c2d9fcc', 'SimpleMessage', 'financial German style eiskaffee iced coffee drink');

insert into AppUser(name, lastSeen) values ('8463f942-7830-4e69-a74c-014a99cd4fd8', now());
insert into Message(id, createdat, belongstochannel, createdbyuser, discriminator, content) values ('8463f942-7830-4e69-a74c-014a99cd4fd8', now(), 'double_Goat2', '8463f942-7830-4e69-a74c-014a99cd4fd8', 'SimpleMessage', 'quiet Acorn squash for 2');

insert into AppUser(name, lastSeen) values ('a3601252-72a5-4451-9809-800a70c8e5d2', now());
insert into Message(id, createdat, belongstochannel, createdbyuser, discriminator, content) values ('a3601252-72a5-4451-9809-800a70c8e5d2', now(), 'double_Goat2', 'a3601252-72a5-4451-9809-800a70c8e5d2', 'SimpleMessage', 'common Number 400 seafood casserole');

insert into AppUser(name, lastSeen) values ('ce205dbd-203f-4981-92c9-6b8e2019b487', now());
insert into Message(id, createdat, belongstochannel, createdbyuser, discriminator, content) values ('ce205dbd-203f-4981-92c9-6b8e2019b487', now(), 'double_Goat2', 'ce205dbd-203f-4981-92c9-6b8e2019b487', 'SimpleMessage', 'green Kick a fried onion rings');

insert into AppUser(name, lastSeen) values ('9a086a99-a8ba-4801-b9be-4916fa13c521', now());
insert into Message(id, createdat, belongstochannel, createdbyuser, discriminator, content) values ('9a086a99-a8ba-4801-b9be-4916fa13c521', now(), 'double_Goat2', '9a086a99-a8ba-4801-b9be-4916fa13c521', 'SimpleMessage', 'supreme Moroccan cinnamon coffee with orange flower water');

insert into AppUser(name, lastSeen) values ('5eb33755-4e9f-45fb-bdab-3164e72e4baa', now());
insert into Message(id, createdat, belongstochannel, createdbyuser, discriminator, content) values ('5eb33755-4e9f-45fb-bdab-3164e72e4baa', now(), 'sensible_Horse3', '5eb33755-4e9f-45fb-bdab-3164e72e4baa', 'SimpleMessage', 'german Chocolate coconut dream bars');

insert into AppUser(name, lastSeen) values ('db8b1e97-1fc1-456b-9ee6-1c532dc728fa', now());
insert into Message(id, createdat, belongstochannel, createdbyuser, discriminator, content) values ('db8b1e97-1fc1-456b-9ee6-1c532dc728fa', now(), 'sensible_Horse3', 'db8b1e97-1fc1-456b-9ee6-1c532dc728fa', 'SimpleMessage', 'spiritual Spinach salad with feta cheese');

insert into AppUser(name, lastSeen) values ('5db75744-354d-4d7c-b890-296371bc23d0', now());
insert into Message(id, createdat, belongstochannel, createdbyuser, discriminator, content) values ('5db75744-354d-4d7c-b890-296371bc23d0', now(), 'sensible_Horse3', '5db75744-354d-4d7c-b890-296371bc23d0', 'SimpleMessage', 'pleasant Sweet onion and mashed potato bake');

insert into AppUser(name, lastSeen) values ('49e52977-7514-4ac8-b771-ac991f68c401', now());
insert into Message(id, createdat, belongstochannel, createdbyuser, discriminator, content) values ('49e52977-7514-4ac8-b771-ac991f68c401', now(), 'sensible_Horse3', '49e52977-7514-4ac8-b771-ac991f68c401', 'SimpleMessage', 'global Apricot glazed roasted asparagus low fat');

insert into AppUser(name, lastSeen) values ('d2465c61-53f0-4e7e-85ee-9ed4e3507084', now());
insert into Message(id, createdat, belongstochannel, createdbyuser, discriminator, content) values ('d2465c61-53f0-4e7e-85ee-9ed4e3507084', now(), 'sensible_Horse3', 'd2465c61-53f0-4e7e-85ee-9ed4e3507084', 'SimpleMessage', 'aware Greek shrimp with rigatoni');

insert into AppUser(name, lastSeen) values ('8556263e-63c5-4bab-bcac-618d3476baf3', now());
insert into Message(id, createdat, belongstochannel, createdbyuser, discriminator, content) values ('8556263e-63c5-4bab-bcac-618d3476baf3', now(), 'sensible_Horse3', '8556263e-63c5-4bab-bcac-618d3476baf3', 'SimpleMessage', 'available De constructed chicken cordon bleu');

insert into AppUser(name, lastSeen) values ('7416de1d-5a6c-4989-b6cb-39a794e66d2c', now());
insert into Message(id, createdat, belongstochannel, createdbyuser, discriminator, content) values ('7416de1d-5a6c-4989-b6cb-39a794e66d2c', now(), 'sensible_Horse3', '7416de1d-5a6c-4989-b6cb-39a794e66d2c', 'SimpleMessage', 'roman Spinach salad with blue cheese');

insert into AppUser(name, lastSeen) values ('33eae00d-befd-47f9-9b07-88ebb0587e26', now());
insert into Message(id, createdat, belongstochannel, createdbyuser, discriminator, content) values ('33eae00d-befd-47f9-9b07-88ebb0587e26', now(), 'sensible_Horse3', '33eae00d-befd-47f9-9b07-88ebb0587e26', 'SimpleMessage', 'opposite Swedish cucumber salad pressgurka');

insert into AppUser(name, lastSeen) values ('79798303-f82d-4366-9f81-af67397396f0', now());
insert into Message(id, createdat, belongstochannel, createdbyuser, discriminator, content) values ('79798303-f82d-4366-9f81-af67397396f0', now(), 'sensible_Horse3', '79798303-f82d-4366-9f81-af67397396f0', 'SimpleMessage', 'current Foolproof standing prime rib roast paula deen');

insert into AppUser(name, lastSeen) values ('3e65f0a6-9bd0-4568-9503-6f4b656f5d07', now());
insert into Message(id, createdat, belongstochannel, createdbyuser, discriminator, content) values ('3e65f0a6-9bd0-4568-9503-6f4b656f5d07', now(), 'sensible_Horse3', '3e65f0a6-9bd0-4568-9503-6f4b656f5d07', 'SimpleMessage', 'sharp Confit d oignon french onion marmalade');

insert into AppUser(name, lastSeen) values ('686d2ea1-da81-4875-97ab-a4162109eba1', now());
insert into Message(id, createdat, belongstochannel, createdbyuser, discriminator, content) values ('686d2ea1-da81-4875-97ab-a4162109eba1', now(), 'cool_Donkey4', '686d2ea1-da81-4875-97ab-a4162109eba1', 'SimpleMessage', 'likely Feta marinated');

insert into AppUser(name, lastSeen) values ('7e775ae6-f045-43d4-8d98-a89dad14afac', now());
insert into Message(id, createdat, belongstochannel, createdbyuser, discriminator, content) values ('7e775ae6-f045-43d4-8d98-a89dad14afac', now(), 'cool_Donkey4', '7e775ae6-f045-43d4-8d98-a89dad14afac', 'SimpleMessage', 'middle Cafe mocha latte');

insert into AppUser(name, lastSeen) values ('892ff318-670d-4fb2-8d6c-d1acbb428b79', now());
insert into Message(id, createdat, belongstochannel, createdbyuser, discriminator, content) values ('892ff318-670d-4fb2-8d6c-d1acbb428b79', now(), 'cool_Donkey4', '892ff318-670d-4fb2-8d6c-d1acbb428b79', 'SimpleMessage', 'ready Rachael rays mimosa');

insert into AppUser(name, lastSeen) values ('f1aded45-4c14-4936-a70e-c87c4319f64a', now());
insert into Message(id, createdat, belongstochannel, createdbyuser, discriminator, content) values ('f1aded45-4c14-4936-a70e-c87c4319f64a', now(), 'cool_Donkey4', 'f1aded45-4c14-4936-a70e-c87c4319f64a', 'SimpleMessage', 'unusual Kahlua hot chocolate');

insert into AppUser(name, lastSeen) values ('ea1c9379-10c1-4aba-b01f-da8e5d61e420', now());
insert into Message(id, createdat, belongstochannel, createdbyuser, discriminator, content) values ('ea1c9379-10c1-4aba-b01f-da8e5d61e420', now(), 'cool_Donkey4', 'ea1c9379-10c1-4aba-b01f-da8e5d61e420', 'SimpleMessage', 'ethnic Healthy italian breadsticks or pizza crust');

insert into AppUser(name, lastSeen) values ('510d05cf-65bd-4f63-8939-222a01a8d1c6', now());
insert into Message(id, createdat, belongstochannel, createdbyuser, discriminator, content) values ('510d05cf-65bd-4f63-8939-222a01a8d1c6', now(), 'cool_Donkey4', '510d05cf-65bd-4f63-8939-222a01a8d1c6', 'SimpleMessage', 'terrible Herb crusted fish fillets');

insert into AppUser(name, lastSeen) values ('65cbfdec-a3bf-4012-b6a0-108b2becd0cd', now());
insert into Message(id, createdat, belongstochannel, createdbyuser, discriminator, content) values ('65cbfdec-a3bf-4012-b6a0-108b2becd0cd', now(), 'cool_Donkey4', '65cbfdec-a3bf-4012-b6a0-108b2becd0cd', 'SimpleMessage', 'loose German style eiskaffee iced coffee drink');

insert into AppUser(name, lastSeen) values ('08038000-3a06-4f92-be31-d6e13bf1699c', now());
insert into Message(id, createdat, belongstochannel, createdbyuser, discriminator, content) values ('08038000-3a06-4f92-be31-d6e13bf1699c', now(), 'cool_Donkey4', '08038000-3a06-4f92-be31-d6e13bf1699c', 'SimpleMessage', 'sole Number 400 seafood casserole');

insert into AppUser(name, lastSeen) values ('7b3be418-0ad5-4b1f-a30b-cd18d322c985', now());
insert into Message(id, createdat, belongstochannel, createdbyuser, discriminator, content) values ('7b3be418-0ad5-4b1f-a30b-cd18d322c985', now(), 'cool_Donkey4', '7b3be418-0ad5-4b1f-a30b-cd18d322c985', 'SimpleMessage', 'blind Cream cheese potato soup');

insert into AppUser(name, lastSeen) values ('20c0f1ee-d48e-4d42-9b95-3980fc531b64', now());
insert into Message(id, createdat, belongstochannel, createdbyuser, discriminator, content) values ('20c0f1ee-d48e-4d42-9b95-3980fc531b64', now(), 'cool_Donkey4', '20c0f1ee-d48e-4d42-9b95-3980fc531b64', 'SimpleMessage', 'new Hot salty nuts');

insert into AppUser(name, lastSeen) values ('4cb91542-692f-4fa3-8859-3271ed9fdcef', now());
insert into Message(id, createdat, belongstochannel, createdbyuser, discriminator, content) values ('4cb91542-692f-4fa3-8859-3271ed9fdcef', now(), 'distinctive_Turkey5', '4cb91542-692f-4fa3-8859-3271ed9fdcef', 'SimpleMessage', 'gentle Chocolate almond roca bar');

insert into AppUser(name, lastSeen) values ('9d9e87f4-4682-4cc8-86d1-da9e9f358d2c', now());
insert into Message(id, createdat, belongstochannel, createdbyuser, discriminator, content) values ('9d9e87f4-4682-4cc8-86d1-da9e9f358d2c', now(), 'distinctive_Turkey5', '9d9e87f4-4682-4cc8-86d1-da9e9f358d2c', 'SimpleMessage', 'universal Just like deweys candied walnut and grape salad');

insert into AppUser(name, lastSeen) values ('25605710-f706-424c-942c-abfcad6647d0', now());
insert into Message(id, createdat, belongstochannel, createdbyuser, discriminator, content) values ('25605710-f706-424c-942c-abfcad6647d0', now(), 'distinctive_Turkey5', '25605710-f706-424c-942c-abfcad6647d0', 'SimpleMessage', 'statutory Roasted beet salad with horseradish cream dressing');

insert into AppUser(name, lastSeen) values ('bae83a48-4d15-4638-939f-eb1bb50e5a5b', now());
insert into Message(id, createdat, belongstochannel, createdbyuser, discriminator, content) values ('bae83a48-4d15-4638-939f-eb1bb50e5a5b', now(), 'distinctive_Turkey5', 'bae83a48-4d15-4638-939f-eb1bb50e5a5b', 'SimpleMessage', 'very Herb crusted fish fillets');

insert into AppUser(name, lastSeen) values ('017898c9-0f75-4402-83ce-e6d8cc1d3062', now());
insert into Message(id, createdat, belongstochannel, createdbyuser, discriminator, content) values ('017898c9-0f75-4402-83ce-e6d8cc1d3062', now(), 'distinctive_Turkey5', '017898c9-0f75-4402-83ce-e6d8cc1d3062', 'SimpleMessage', 'different Panzanella salad with bacon tomato and basil');

insert into AppUser(name, lastSeen) values ('55863fab-8acd-4c05-b386-918ed0ae795c', now());
insert into Message(id, createdat, belongstochannel, createdbyuser, discriminator, content) values ('55863fab-8acd-4c05-b386-918ed0ae795c', now(), 'distinctive_Turkey5', '55863fab-8acd-4c05-b386-918ed0ae795c', 'SimpleMessage', 'lovely Jiffy punch');

insert into AppUser(name, lastSeen) values ('e1eb92a3-a146-4498-9c46-d9e9e9b6bbc8', now());
insert into Message(id, createdat, belongstochannel, createdbyuser, discriminator, content) values ('e1eb92a3-a146-4498-9c46-d9e9e9b6bbc8', now(), 'distinctive_Turkey5', 'e1eb92a3-a146-4498-9c46-d9e9e9b6bbc8', 'SimpleMessage', 'radical Mushroom and chicken grilled quesadillas');

insert into AppUser(name, lastSeen) values ('fb481d86-9a16-4128-ad1b-5bb9ac11c5de', now());
insert into Message(id, createdat, belongstochannel, createdbyuser, discriminator, content) values ('fb481d86-9a16-4128-ad1b-5bb9ac11c5de', now(), 'distinctive_Turkey5', 'fb481d86-9a16-4128-ad1b-5bb9ac11c5de', 'SimpleMessage', 'brief Lemon and oregano lamb loin chops');

insert into AppUser(name, lastSeen) values ('1ce6db14-c9d1-4e4b-8ca9-d53c5e37fb57', now());
insert into Message(id, createdat, belongstochannel, createdbyuser, discriminator, content) values ('1ce6db14-c9d1-4e4b-8ca9-d53c5e37fb57', now(), 'distinctive_Turkey5', '1ce6db14-c9d1-4e4b-8ca9-d53c5e37fb57', 'SimpleMessage', 'evident Moroccan cinnamon coffee with orange flower water');

insert into AppUser(name, lastSeen) values ('5054fadc-b068-4a46-a61f-c824320e77a3', now());
insert into Message(id, createdat, belongstochannel, createdbyuser, discriminator, content) values ('5054fadc-b068-4a46-a61f-c824320e77a3', now(), 'distinctive_Turkey5', '5054fadc-b068-4a46-a61f-c824320e77a3', 'SimpleMessage', 'annual Oriental asparagus and mushrooms');

insert into AppUser(name, lastSeen) values ('25fd4c34-6c86-45b4-ba96-4f5234268843', now());
insert into Message(id, createdat, belongstochannel, createdbyuser, discriminator, content) values ('25fd4c34-6c86-45b4-ba96-4f5234268843', now(), 'wrong_Turkey6', '25fd4c34-6c86-45b4-ba96-4f5234268843', 'SimpleMessage', 'strong Fried almonds');

insert into AppUser(name, lastSeen) values ('ee879f22-3754-4321-a11d-7c35d048c6b4', now());
insert into Message(id, createdat, belongstochannel, createdbyuser, discriminator, content) values ('ee879f22-3754-4321-a11d-7c35d048c6b4', now(), 'wrong_Turkey6', 'ee879f22-3754-4321-a11d-7c35d048c6b4', 'SimpleMessage', 'acceptable Caponata eggplant and lots of good things');

insert into AppUser(name, lastSeen) values ('3e2ce26b-7cbe-49ea-a68e-83406c5ee969', now());
insert into Message(id, createdat, belongstochannel, createdbyuser, discriminator, content) values ('3e2ce26b-7cbe-49ea-a68e-83406c5ee969', now(), 'wrong_Turkey6', '3e2ce26b-7cbe-49ea-a68e-83406c5ee969', 'SimpleMessage', 'conscious Salata marouli romaine lettuce salad');

insert into AppUser(name, lastSeen) values ('92819a94-75be-45bf-a514-f2d32e49957f', now());
insert into Message(id, createdat, belongstochannel, createdbyuser, discriminator, content) values ('92819a94-75be-45bf-a514-f2d32e49957f', now(), 'wrong_Turkey6', '92819a94-75be-45bf-a514-f2d32e49957f', 'SimpleMessage', 'catholic Spanish shrimp');

insert into AppUser(name, lastSeen) values ('36a8fd02-7ebb-418b-a97c-68d5af186d32', now());
insert into Message(id, createdat, belongstochannel, createdbyuser, discriminator, content) values ('36a8fd02-7ebb-418b-a97c-68d5af186d32', now(), 'wrong_Turkey6', '36a8fd02-7ebb-418b-a97c-68d5af186d32', 'SimpleMessage', 'straight Spinach and mandarin orange salad');

insert into AppUser(name, lastSeen) values ('0114d66f-f62a-46bc-b6d0-5b9d712d1428', now());
insert into Message(id, createdat, belongstochannel, createdbyuser, discriminator, content) values ('0114d66f-f62a-46bc-b6d0-5b9d712d1428', now(), 'wrong_Turkey6', '0114d66f-f62a-46bc-b6d0-5b9d712d1428', 'SimpleMessage', 'sweet Lemon cajun stir fry');

insert into AppUser(name, lastSeen) values ('1a1cddf7-dcf0-4944-bafb-81e0e433e33d', now());
insert into Message(id, createdat, belongstochannel, createdbyuser, discriminator, content) values ('1a1cddf7-dcf0-4944-bafb-81e0e433e33d', now(), 'wrong_Turkey6', '1a1cddf7-dcf0-4944-bafb-81e0e433e33d', 'SimpleMessage', 'inner Lemon and parsley potatoes');

insert into AppUser(name, lastSeen) values ('a38ea42a-06a1-49e7-8081-70982f2be5f8', now());
insert into Message(id, createdat, belongstochannel, createdbyuser, discriminator, content) values ('a38ea42a-06a1-49e7-8081-70982f2be5f8', now(), 'wrong_Turkey6', 'a38ea42a-06a1-49e7-8081-70982f2be5f8', 'SimpleMessage', 'total Brown sugar roasted salmon with maple mustard dill sauce');

insert into AppUser(name, lastSeen) values ('ea0dd21e-ea55-4566-840e-2da15f5f2141', now());
insert into Message(id, createdat, belongstochannel, createdbyuser, discriminator, content) values ('ea0dd21e-ea55-4566-840e-2da15f5f2141', now(), 'wrong_Turkey6', 'ea0dd21e-ea55-4566-840e-2da15f5f2141', 'SimpleMessage', 'natural Bacon spaghetti squash');

insert into AppUser(name, lastSeen) values ('faf95caf-6375-4707-b7c1-8ef72dd9c6ca', now());
insert into Message(id, createdat, belongstochannel, createdbyuser, discriminator, content) values ('faf95caf-6375-4707-b7c1-8ef72dd9c6ca', now(), 'wrong_Turkey6', 'faf95caf-6375-4707-b7c1-8ef72dd9c6ca', 'SimpleMessage', 'front Spiced poached pears');

insert into AppUser(name, lastSeen) values ('2eb4a8ae-3c20-49c7-be35-bfd4adda97ea', now());
insert into Message(id, createdat, belongstochannel, createdbyuser, discriminator, content) values ('2eb4a8ae-3c20-49c7-be35-bfd4adda97ea', now(), 'various_Pig7', '2eb4a8ae-3c20-49c7-be35-bfd4adda97ea', 'SimpleMessage', 'widespread Provencal olives');

insert into AppUser(name, lastSeen) values ('804882a4-dc13-4a78-b8be-a774634f0b66', now());
insert into Message(id, createdat, belongstochannel, createdbyuser, discriminator, content) values ('804882a4-dc13-4a78-b8be-a774634f0b66', now(), 'various_Pig7', '804882a4-dc13-4a78-b8be-a774634f0b66', 'SimpleMessage', 'mass Sweet and sour pork balls');

insert into AppUser(name, lastSeen) values ('c8790068-8426-43b1-9b0e-05d368c68cfd', now());
insert into Message(id, createdat, belongstochannel, createdbyuser, discriminator, content) values ('c8790068-8426-43b1-9b0e-05d368c68cfd', now(), 'various_Pig7', 'c8790068-8426-43b1-9b0e-05d368c68cfd', 'SimpleMessage', 'complete Bo kaap cape malay curry powder south african spice mixture');

insert into AppUser(name, lastSeen) values ('f0fca7f5-42a2-4258-b294-06572fe3b0bd', now());
insert into Message(id, createdat, belongstochannel, createdbyuser, discriminator, content) values ('f0fca7f5-42a2-4258-b294-06572fe3b0bd', now(), 'various_Pig7', 'f0fca7f5-42a2-4258-b294-06572fe3b0bd', 'SimpleMessage', 'pretty Kittencals pan fried asparagus');

insert into AppUser(name, lastSeen) values ('1a464069-43de-48ad-8d19-5551c790b7ef', now());
insert into Message(id, createdat, belongstochannel, createdbyuser, discriminator, content) values ('1a464069-43de-48ad-8d19-5551c790b7ef', now(), 'various_Pig7', '1a464069-43de-48ad-8d19-5551c790b7ef', 'SimpleMessage', 'permanent Tuna cobb salad');

insert into AppUser(name, lastSeen) values ('421ccb68-36c8-4a7e-953f-db9b4f112258', now());
insert into Message(id, createdat, belongstochannel, createdbyuser, discriminator, content) values ('421ccb68-36c8-4a7e-953f-db9b4f112258', now(), 'various_Pig7', '421ccb68-36c8-4a7e-953f-db9b4f112258', 'SimpleMessage', 'judicial Spinach salad with blue cheese');

insert into AppUser(name, lastSeen) values ('32721d10-3df1-49a7-9ed9-db3465a2e6b9', now());
insert into Message(id, createdat, belongstochannel, createdbyuser, discriminator, content) values ('32721d10-3df1-49a7-9ed9-db3465a2e6b9', now(), 'various_Pig7', '32721d10-3df1-49a7-9ed9-db3465a2e6b9', 'SimpleMessage', 'widespread Quick and easy chicken in cream sauce');

insert into AppUser(name, lastSeen) values ('ab38c188-7ca2-4e67-9f3d-c2d636624fe7', now());
insert into Message(id, createdat, belongstochannel, createdbyuser, discriminator, content) values ('ab38c188-7ca2-4e67-9f3d-c2d636624fe7', now(), 'various_Pig7', 'ab38c188-7ca2-4e67-9f3d-c2d636624fe7', 'SimpleMessage', 'creative Death by chocolate cake');

insert into AppUser(name, lastSeen) values ('f81c6db0-d7df-451f-9285-618441754955', now());
insert into Message(id, createdat, belongstochannel, createdbyuser, discriminator, content) values ('f81c6db0-d7df-451f-9285-618441754955', now(), 'various_Pig7', 'f81c6db0-d7df-451f-9285-618441754955', 'SimpleMessage', 'honest Tasty broccoli salad');

insert into AppUser(name, lastSeen) values ('f1000ba1-dff9-4e64-af81-5898bdb36cf8', now());
insert into Message(id, createdat, belongstochannel, createdbyuser, discriminator, content) values ('f1000ba1-dff9-4e64-af81-5898bdb36cf8', now(), 'various_Pig7', 'f1000ba1-dff9-4e64-af81-5898bdb36cf8', 'SimpleMessage', 'deaf Caribbean sunset');

insert into AppUser(name, lastSeen) values ('ced87d2f-ba96-4cc8-a5fc-6ab96e55a1e1', now());
insert into Message(id, createdat, belongstochannel, createdbyuser, discriminator, content) values ('ced87d2f-ba96-4cc8-a5fc-6ab96e55a1e1', now(), 'joint_Cow8', 'ced87d2f-ba96-4cc8-a5fc-6ab96e55a1e1', 'SimpleMessage', 'personal Tilapia in thai sauce');

insert into AppUser(name, lastSeen) values ('2bed44de-21e7-4b1e-9ade-88590e6b6824', now());
insert into Message(id, createdat, belongstochannel, createdbyuser, discriminator, content) values ('2bed44de-21e7-4b1e-9ade-88590e6b6824', now(), 'joint_Cow8', '2bed44de-21e7-4b1e-9ade-88590e6b6824', 'SimpleMessage', 'dramatic Blackened tuna bites with cajun mustard');

insert into AppUser(name, lastSeen) values ('bacd6583-967f-4e1f-a50f-2d06c29297c9', now());
insert into Message(id, createdat, belongstochannel, createdbyuser, discriminator, content) values ('bacd6583-967f-4e1f-a50f-2d06c29297c9', now(), 'joint_Cow8', 'bacd6583-967f-4e1f-a50f-2d06c29297c9', 'SimpleMessage', 'subsequent Brown sugar roasted salmon with maple mustard dill sauce');

insert into AppUser(name, lastSeen) values ('329719a9-988b-49f6-b0b3-e98b5faff933', now());
insert into Message(id, createdat, belongstochannel, createdbyuser, discriminator, content) values ('329719a9-988b-49f6-b0b3-e98b5faff933', now(), 'joint_Cow8', '329719a9-988b-49f6-b0b3-e98b5faff933', 'SimpleMessage', 'gross Greek shrimp with rigatoni');

insert into AppUser(name, lastSeen) values ('a71e8a54-9d65-4d0c-91ba-a740279a85b7', now());
insert into Message(id, createdat, belongstochannel, createdbyuser, discriminator, content) values ('a71e8a54-9d65-4d0c-91ba-a740279a85b7', now(), 'joint_Cow8', 'a71e8a54-9d65-4d0c-91ba-a740279a85b7', 'SimpleMessage', 'sick Orzo with tomatoes feta and green onions');

insert into AppUser(name, lastSeen) values ('e5560720-07a6-4dee-a99b-8a4c81b2ee5d', now());
insert into Message(id, createdat, belongstochannel, createdbyuser, discriminator, content) values ('e5560720-07a6-4dee-a99b-8a4c81b2ee5d', now(), 'joint_Cow8', 'e5560720-07a6-4dee-a99b-8a4c81b2ee5d', 'SimpleMessage', 'mental Blackened skillet shrimp');

insert into AppUser(name, lastSeen) values ('df45c963-e577-4d8e-8836-36f8dbeae418', now());
insert into Message(id, createdat, belongstochannel, createdbyuser, discriminator, content) values ('df45c963-e577-4d8e-8836-36f8dbeae418', now(), 'joint_Cow8', 'df45c963-e577-4d8e-8836-36f8dbeae418', 'SimpleMessage', 'smooth Ww shrimp scampi');

insert into AppUser(name, lastSeen) values ('29f8baa2-e3b6-4f1a-a507-b46579b8ca5f', now());
insert into Message(id, createdat, belongstochannel, createdbyuser, discriminator, content) values ('29f8baa2-e3b6-4f1a-a507-b46579b8ca5f', now(), 'joint_Cow8', '29f8baa2-e3b6-4f1a-a507-b46579b8ca5f', 'SimpleMessage', 'excellent Your basic tossed salad');

insert into AppUser(name, lastSeen) values ('30d8ef26-4798-4f53-9be1-38126841bb81', now());
insert into Message(id, createdat, belongstochannel, createdbyuser, discriminator, content) values ('30d8ef26-4798-4f53-9be1-38126841bb81', now(), 'joint_Cow8', '30d8ef26-4798-4f53-9be1-38126841bb81', 'SimpleMessage', 'adequate Smoky clam chowder');

insert into AppUser(name, lastSeen) values ('ce0496c8-7bc7-4c8a-a6a7-85a3ec8ebcb8', now());
insert into Message(id, createdat, belongstochannel, createdbyuser, discriminator, content) values ('ce0496c8-7bc7-4c8a-a6a7-85a3ec8ebcb8', now(), 'joint_Cow8', 'ce0496c8-7bc7-4c8a-a6a7-85a3ec8ebcb8', 'SimpleMessage', 'serious Ww potato gratin 5 points');

insert into AppUser(name, lastSeen) values ('38a053b0-0206-4dce-b447-b67310361c10', now());
insert into Message(id, createdat, belongstochannel, createdbyuser, discriminator, content) values ('38a053b0-0206-4dce-b447-b67310361c10', now(), 'separate_Duck9', '38a053b0-0206-4dce-b447-b67310361c10', 'SimpleMessage', 'mere Sourdough rosemary potato bread');

insert into AppUser(name, lastSeen) values ('74c57756-525a-4004-9757-e4910763597f', now());
insert into Message(id, createdat, belongstochannel, createdbyuser, discriminator, content) values ('74c57756-525a-4004-9757-e4910763597f', now(), 'separate_Duck9', '74c57756-525a-4004-9757-e4910763597f', 'SimpleMessage', 'sufficient Chicken and penne casserole');

insert into AppUser(name, lastSeen) values ('c276ff07-219e-4271-b0a5-cc34b6ff0436', now());
insert into Message(id, createdat, belongstochannel, createdbyuser, discriminator, content) values ('c276ff07-219e-4271-b0a5-cc34b6ff0436', now(), 'separate_Duck9', 'c276ff07-219e-4271-b0a5-cc34b6ff0436', 'SimpleMessage', 'eastern Kittencals greek garden salad with greek style dressing');

insert into AppUser(name, lastSeen) values ('56a37f51-9063-4037-a268-b5505e9eeb31', now());
insert into Message(id, createdat, belongstochannel, createdbyuser, discriminator, content) values ('56a37f51-9063-4037-a268-b5505e9eeb31', now(), 'separate_Duck9', '56a37f51-9063-4037-a268-b5505e9eeb31', 'SimpleMessage', 'historic Baby shower pink cloud punch');

insert into AppUser(name, lastSeen) values ('9aeebccc-50ad-43f0-88b8-cd959b369e7f', now());
insert into Message(id, createdat, belongstochannel, createdbyuser, discriminator, content) values ('9aeebccc-50ad-43f0-88b8-cd959b369e7f', now(), 'separate_Duck9', '9aeebccc-50ad-43f0-88b8-cd959b369e7f', 'SimpleMessage', 'basic Roasted asparagus with sage and lemon butter');

insert into AppUser(name, lastSeen) values ('ca2b8cd0-325d-47be-b6bb-b79e45627942', now());
insert into Message(id, createdat, belongstochannel, createdbyuser, discriminator, content) values ('ca2b8cd0-325d-47be-b6bb-b79e45627942', now(), 'separate_Duck9', 'ca2b8cd0-325d-47be-b6bb-b79e45627942', 'SimpleMessage', 'logical Sourdough rosemary potato bread');

insert into AppUser(name, lastSeen) values ('16097055-82bc-4d64-b56d-9c4922e33391', now());
insert into Message(id, createdat, belongstochannel, createdbyuser, discriminator, content) values ('16097055-82bc-4d64-b56d-9c4922e33391', now(), 'separate_Duck9', '16097055-82bc-4d64-b56d-9c4922e33391', 'SimpleMessage', 'wide Peanut butter gooey cake');

insert into AppUser(name, lastSeen) values ('ba53683e-0764-420c-957f-9ede696db8ff', now());
insert into Message(id, createdat, belongstochannel, createdbyuser, discriminator, content) values ('ba53683e-0764-420c-957f-9ede696db8ff', now(), 'separate_Duck9', 'ba53683e-0764-420c-957f-9ede696db8ff', 'SimpleMessage', 'subsequent Blue margaritas');

insert into AppUser(name, lastSeen) values ('6e4c8c72-8d58-4e85-a741-ca59e247274c', now());
insert into Message(id, createdat, belongstochannel, createdbyuser, discriminator, content) values ('6e4c8c72-8d58-4e85-a741-ca59e247274c', now(), 'separate_Duck9', '6e4c8c72-8d58-4e85-a741-ca59e247274c', 'SimpleMessage', 'weekly Risotto with pesto and mascarpone');

insert into AppUser(name, lastSeen) values ('a5b9e092-d74d-40fc-9692-70da93e927b7', now());
insert into Message(id, createdat, belongstochannel, createdbyuser, discriminator, content) values ('a5b9e092-d74d-40fc-9692-70da93e927b7', now(), 'separate_Duck9', 'a5b9e092-d74d-40fc-9692-70da93e927b7', 'SimpleMessage', 'frequent Blackened tuna bites with cajun mustard');

insert into AppUser(name, lastSeen) values ('f76f592e-d7cd-4acf-ab43-b64f7e7e5b24', now());
insert into Message(id, createdat, belongstochannel, createdbyuser, discriminator, content) values ('f76f592e-d7cd-4acf-ab43-b64f7e7e5b24', now(), 'necessary_Cow0', 'f76f592e-d7cd-4acf-ab43-b64f7e7e5b24', 'SimpleMessage', 'considerable Pink poodle');

insert into AppUser(name, lastSeen) values ('0c631752-0044-4a8b-9d6e-e29da5895444', now());
insert into Message(id, createdat, belongstochannel, createdbyuser, discriminator, content) values ('0c631752-0044-4a8b-9d6e-e29da5895444', now(), 'necessary_Cow0', '0c631752-0044-4a8b-9d6e-e29da5895444', 'SimpleMessage', 'equivalent Hoisin marinated wing pieces');

insert into AppUser(name, lastSeen) values ('65b36bba-9217-403f-aee4-14695c8f9570', now());
insert into Message(id, createdat, belongstochannel, createdbyuser, discriminator, content) values ('65b36bba-9217-403f-aee4-14695c8f9570', now(), 'necessary_Cow0', '65b36bba-9217-403f-aee4-14695c8f9570', 'SimpleMessage', 'open Mamas fruit cobbler');

insert into AppUser(name, lastSeen) values ('5c3751d6-b4b9-49f1-8d42-dd7cb1436fba', now());
insert into Message(id, createdat, belongstochannel, createdbyuser, discriminator, content) values ('5c3751d6-b4b9-49f1-8d42-dd7cb1436fba', now(), 'necessary_Cow0', '5c3751d6-b4b9-49f1-8d42-dd7cb1436fba', 'SimpleMessage', 'exact Just peachy grillin ribs rsc');

insert into AppUser(name, lastSeen) values ('f7fa63ec-27a5-472d-b845-deaf095f1509', now());
insert into Message(id, createdat, belongstochannel, createdbyuser, discriminator, content) values ('f7fa63ec-27a5-472d-b845-deaf095f1509', now(), 'necessary_Cow0', 'f7fa63ec-27a5-472d-b845-deaf095f1509', 'SimpleMessage', 'blind Frozen kahlua creme');

insert into AppUser(name, lastSeen) values ('5b3f8c66-a395-48ef-bf53-6cbf6516a915', now());
insert into Message(id, createdat, belongstochannel, createdbyuser, discriminator, content) values ('5b3f8c66-a395-48ef-bf53-6cbf6516a915', now(), 'necessary_Cow0', '5b3f8c66-a395-48ef-bf53-6cbf6516a915', 'SimpleMessage', 'capable Mamas fruit cobbler');

insert into AppUser(name, lastSeen) values ('44103ca3-35a9-4b7c-b4a0-a8369a98de0e', now());
insert into Message(id, createdat, belongstochannel, createdbyuser, discriminator, content) values ('44103ca3-35a9-4b7c-b4a0-a8369a98de0e', now(), 'necessary_Cow0', '44103ca3-35a9-4b7c-b4a0-a8369a98de0e', 'SimpleMessage', 'anxious Pink poodle');

insert into AppUser(name, lastSeen) values ('ad8b755c-c061-4beb-a6ed-edfb92361dbe', now());
insert into Message(id, createdat, belongstochannel, createdbyuser, discriminator, content) values ('ad8b755c-c061-4beb-a6ed-edfb92361dbe', now(), 'necessary_Cow0', 'ad8b755c-c061-4beb-a6ed-edfb92361dbe', 'SimpleMessage', 'conscious Heavenly lemon bread pudding');

insert into AppUser(name, lastSeen) values ('09244df1-6721-4121-8d0c-c20c224ad78e', now());
insert into Message(id, createdat, belongstochannel, createdbyuser, discriminator, content) values ('09244df1-6721-4121-8d0c-c20c224ad78e', now(), 'necessary_Cow0', '09244df1-6721-4121-8d0c-c20c224ad78e', 'SimpleMessage', 'main Bacon spaghetti squash');

insert into AppUser(name, lastSeen) values ('fcfa183a-ac66-46b4-8773-651f37de65c8', now());
insert into Message(id, createdat, belongstochannel, createdbyuser, discriminator, content) values ('fcfa183a-ac66-46b4-8773-651f37de65c8', now(), 'necessary_Cow0', 'fcfa183a-ac66-46b4-8773-651f37de65c8', 'SimpleMessage', 'southern Pink poodle');

insert into AppUser(name, lastSeen) values ('af47feb4-a460-4130-bfeb-0c436059a32f', now());
insert into Message(id, createdat, belongstochannel, createdbyuser, discriminator, content) values ('af47feb4-a460-4130-bfeb-0c436059a32f', now(), 'conservative_Donkey1', 'af47feb4-a460-4130-bfeb-0c436059a32f', 'SimpleMessage', 'central Strawberry pavlova');

insert into AppUser(name, lastSeen) values ('c5214eaa-be7d-461a-8e83-b6211e757eac', now());
insert into Message(id, createdat, belongstochannel, createdbyuser, discriminator, content) values ('c5214eaa-be7d-461a-8e83-b6211e757eac', now(), 'conservative_Donkey1', 'c5214eaa-be7d-461a-8e83-b6211e757eac', 'SimpleMessage', 'possible White chocolate cheesecake');

insert into AppUser(name, lastSeen) values ('a9ace417-9371-4169-8afb-22d99613c1fe', now());
insert into Message(id, createdat, belongstochannel, createdbyuser, discriminator, content) values ('a9ace417-9371-4169-8afb-22d99613c1fe', now(), 'conservative_Donkey1', 'a9ace417-9371-4169-8afb-22d99613c1fe', 'SimpleMessage', 'sensitive Tropical baked chicken');

insert into AppUser(name, lastSeen) values ('3f1da0d5-106a-484d-bc74-88e2eb7c0c05', now());
insert into Message(id, createdat, belongstochannel, createdbyuser, discriminator, content) values ('3f1da0d5-106a-484d-bc74-88e2eb7c0c05', now(), 'conservative_Donkey1', '3f1da0d5-106a-484d-bc74-88e2eb7c0c05', 'SimpleMessage', 'small Garlic herbed roasted red skin potatoes');

insert into AppUser(name, lastSeen) values ('c1635ac5-f387-421c-bfed-591c9db2ca7f', now());
insert into Message(id, createdat, belongstochannel, createdbyuser, discriminator, content) values ('c1635ac5-f387-421c-bfed-591c9db2ca7f', now(), 'conservative_Donkey1', 'c1635ac5-f387-421c-bfed-591c9db2ca7f', 'SimpleMessage', 'certain Your basic tossed salad');

insert into AppUser(name, lastSeen) values ('6dbfd96a-d0dd-4790-9480-ccf273a4fc67', now());
insert into Message(id, createdat, belongstochannel, createdbyuser, discriminator, content) values ('6dbfd96a-d0dd-4790-9480-ccf273a4fc67', now(), 'conservative_Donkey1', '6dbfd96a-d0dd-4790-9480-ccf273a4fc67', 'SimpleMessage', 'national Orange brownie');

insert into AppUser(name, lastSeen) values ('eac35e62-392c-4075-89a9-96335f7a81bd', now());
insert into Message(id, createdat, belongstochannel, createdbyuser, discriminator, content) values ('eac35e62-392c-4075-89a9-96335f7a81bd', now(), 'conservative_Donkey1', 'eac35e62-392c-4075-89a9-96335f7a81bd', 'SimpleMessage', 'communist Kittencals caesar tortellini salad');

insert into AppUser(name, lastSeen) values ('cdb94ec2-a51a-495e-994a-0236e6771297', now());
insert into Message(id, createdat, belongstochannel, createdbyuser, discriminator, content) values ('cdb94ec2-a51a-495e-994a-0236e6771297', now(), 'conservative_Donkey1', 'cdb94ec2-a51a-495e-994a-0236e6771297', 'SimpleMessage', 'only Chicken and penne casserole');

insert into AppUser(name, lastSeen) values ('ce9fdb3e-c066-43cf-a473-7b1807681896', now());
insert into Message(id, createdat, belongstochannel, createdbyuser, discriminator, content) values ('ce9fdb3e-c066-43cf-a473-7b1807681896', now(), 'conservative_Donkey1', 'ce9fdb3e-c066-43cf-a473-7b1807681896', 'SimpleMessage', 'sharp German style eiskaffee iced coffee drink');

insert into AppUser(name, lastSeen) values ('23f61d46-2eff-46d5-88dc-833786fbcb89', now());
insert into Message(id, createdat, belongstochannel, createdbyuser, discriminator, content) values ('23f61d46-2eff-46d5-88dc-833786fbcb89', now(), 'conservative_Donkey1', '23f61d46-2eff-46d5-88dc-833786fbcb89', 'SimpleMessage', 'fifth Red potato and green bean saute');

insert into AppUser(name, lastSeen) values ('ff14fe32-4ac9-4706-9e91-523cf8c1dbbd', now());
insert into Message(id, createdat, belongstochannel, createdbyuser, discriminator, content) values ('ff14fe32-4ac9-4706-9e91-523cf8c1dbbd', now(), 'expensive_Horse2', 'ff14fe32-4ac9-4706-9e91-523cf8c1dbbd', 'SimpleMessage', 'likely Orange glazed pork chops');

insert into AppUser(name, lastSeen) values ('e0d636c2-00bc-421c-8acf-e1ad79df9183', now());
insert into Message(id, createdat, belongstochannel, createdbyuser, discriminator, content) values ('e0d636c2-00bc-421c-8acf-e1ad79df9183', now(), 'expensive_Horse2', 'e0d636c2-00bc-421c-8acf-e1ad79df9183', 'SimpleMessage', 'complex Gorgonzola and toasted walnut salad');

insert into AppUser(name, lastSeen) values ('4e7cc2ae-aa62-4eb9-a241-8261670441fa', now());
insert into Message(id, createdat, belongstochannel, createdbyuser, discriminator, content) values ('4e7cc2ae-aa62-4eb9-a241-8261670441fa', now(), 'expensive_Horse2', '4e7cc2ae-aa62-4eb9-a241-8261670441fa', 'SimpleMessage', 'imperial Nude beach');

insert into AppUser(name, lastSeen) values ('efca0c61-b270-4310-817d-6a5a31dd9ed8', now());
insert into Message(id, createdat, belongstochannel, createdbyuser, discriminator, content) values ('efca0c61-b270-4310-817d-6a5a31dd9ed8', now(), 'expensive_Horse2', 'efca0c61-b270-4310-817d-6a5a31dd9ed8', 'SimpleMessage', 'exact Delicious cheesy bacon and green onion potato skins');

insert into AppUser(name, lastSeen) values ('f9b03155-8614-4157-97a2-51748df01d8c', now());
insert into Message(id, createdat, belongstochannel, createdbyuser, discriminator, content) values ('f9b03155-8614-4157-97a2-51748df01d8c', now(), 'expensive_Horse2', 'f9b03155-8614-4157-97a2-51748df01d8c', 'SimpleMessage', 'stable Chocolate angel food cake');

insert into AppUser(name, lastSeen) values ('8431b001-5f9f-4439-af53-cd76d85c5f9f', now());
insert into Message(id, createdat, belongstochannel, createdbyuser, discriminator, content) values ('8431b001-5f9f-4439-af53-cd76d85c5f9f', now(), 'expensive_Horse2', '8431b001-5f9f-4439-af53-cd76d85c5f9f', 'SimpleMessage', 'military Chocolate almond roca bar');

insert into AppUser(name, lastSeen) values ('f7ee69cf-3eb9-42a6-a2c9-73e9946e9933', now());
insert into Message(id, createdat, belongstochannel, createdbyuser, discriminator, content) values ('f7ee69cf-3eb9-42a6-a2c9-73e9946e9933', now(), 'expensive_Horse2', 'f7ee69cf-3eb9-42a6-a2c9-73e9946e9933', 'SimpleMessage', 'rational Cafe mocha latte');

insert into AppUser(name, lastSeen) values ('00983079-eea7-40de-8bff-2e48f491749e', now());
insert into Message(id, createdat, belongstochannel, createdbyuser, discriminator, content) values ('00983079-eea7-40de-8bff-2e48f491749e', now(), 'expensive_Horse2', '00983079-eea7-40de-8bff-2e48f491749e', 'SimpleMessage', 'blind Mamas fruit cobbler');

insert into AppUser(name, lastSeen) values ('2325585f-e1af-4dbd-9fc4-3a30fe579f33', now());
insert into Message(id, createdat, belongstochannel, createdbyuser, discriminator, content) values ('2325585f-e1af-4dbd-9fc4-3a30fe579f33', now(), 'expensive_Horse2', '2325585f-e1af-4dbd-9fc4-3a30fe579f33', 'SimpleMessage', 'tory Jamaican pork tenderloin');

insert into AppUser(name, lastSeen) values ('ae07f15b-b65e-427b-984d-81a6790d532e', now());
insert into Message(id, createdat, belongstochannel, createdbyuser, discriminator, content) values ('ae07f15b-b65e-427b-984d-81a6790d532e', now(), 'expensive_Horse2', 'ae07f15b-b65e-427b-984d-81a6790d532e', 'SimpleMessage', 'overseas Just like deweys candied walnut and grape salad');

insert into AppUser(name, lastSeen) values ('b7fec15a-e7ef-4c20-9dd1-615ba8d31751', now());
insert into Message(id, createdat, belongstochannel, createdbyuser, discriminator, content) values ('b7fec15a-e7ef-4c20-9dd1-615ba8d31751', now(), 'possible_Pig3', 'b7fec15a-e7ef-4c20-9dd1-615ba8d31751', 'SimpleMessage', 'musical Pearls sesame noodles');

insert into AppUser(name, lastSeen) values ('6c2a306e-b806-4c6a-8558-324707d32472', now());
insert into Message(id, createdat, belongstochannel, createdbyuser, discriminator, content) values ('6c2a306e-b806-4c6a-8558-324707d32472', now(), 'possible_Pig3', '6c2a306e-b806-4c6a-8558-324707d32472', 'SimpleMessage', 'mad Jalapeno pepper jelly chicken');

insert into AppUser(name, lastSeen) values ('6b006701-0ddc-4565-bc19-b40e4cc54a04', now());
insert into Message(id, createdat, belongstochannel, createdbyuser, discriminator, content) values ('6b006701-0ddc-4565-bc19-b40e4cc54a04', now(), 'possible_Pig3', '6b006701-0ddc-4565-bc19-b40e4cc54a04', 'SimpleMessage', 'deaf Asian broccoli salad');

insert into AppUser(name, lastSeen) values ('f73559ad-b856-4472-9c1e-dd26572294a1', now());
insert into Message(id, createdat, belongstochannel, createdbyuser, discriminator, content) values ('f73559ad-b856-4472-9c1e-dd26572294a1', now(), 'possible_Pig3', 'f73559ad-b856-4472-9c1e-dd26572294a1', 'SimpleMessage', 'urban Caramel delight');

insert into AppUser(name, lastSeen) values ('5b8c7f53-a7ad-47b3-9631-a27917ad5e33', now());
insert into Message(id, createdat, belongstochannel, createdbyuser, discriminator, content) values ('5b8c7f53-a7ad-47b3-9631-a27917ad5e33', now(), 'possible_Pig3', '5b8c7f53-a7ad-47b3-9631-a27917ad5e33', 'SimpleMessage', 'particular Bbq salmon filet');

insert into AppUser(name, lastSeen) values ('50cae39a-072f-4951-ad82-c7a035e29a7d', now());
insert into Message(id, createdat, belongstochannel, createdbyuser, discriminator, content) values ('50cae39a-072f-4951-ad82-c7a035e29a7d', now(), 'possible_Pig3', '50cae39a-072f-4951-ad82-c7a035e29a7d', 'SimpleMessage', 'dangerous Savory pita chips');

insert into AppUser(name, lastSeen) values ('6e858d26-9908-4edb-be32-91ade3a7959b', now());
insert into Message(id, createdat, belongstochannel, createdbyuser, discriminator, content) values ('6e858d26-9908-4edb-be32-91ade3a7959b', now(), 'possible_Pig3', '6e858d26-9908-4edb-be32-91ade3a7959b', 'SimpleMessage', 'far Calico peas');

insert into AppUser(name, lastSeen) values ('2aefa4d9-4802-48dd-b577-72265cc9b017', now());
insert into Message(id, createdat, belongstochannel, createdbyuser, discriminator, content) values ('2aefa4d9-4802-48dd-b577-72265cc9b017', now(), 'possible_Pig3', '2aefa4d9-4802-48dd-b577-72265cc9b017', 'SimpleMessage', 'strange Moroccan cinnamon coffee with orange flower water');

insert into AppUser(name, lastSeen) values ('5ab46ebc-f24e-49d5-91a9-b50aedcac823', now());
insert into Message(id, createdat, belongstochannel, createdbyuser, discriminator, content) values ('5ab46ebc-f24e-49d5-91a9-b50aedcac823', now(), 'possible_Pig3', '5ab46ebc-f24e-49d5-91a9-b50aedcac823', 'SimpleMessage', 'proper Tropical baked chicken');

insert into AppUser(name, lastSeen) values ('78f31808-6cbd-4b33-8271-c8f7c37bb827', now());
insert into Message(id, createdat, belongstochannel, createdbyuser, discriminator, content) values ('78f31808-6cbd-4b33-8271-c8f7c37bb827', now(), 'possible_Pig3', '78f31808-6cbd-4b33-8271-c8f7c37bb827', 'SimpleMessage', 'open Authentic pork lo mein chinese');

insert into AppUser(name, lastSeen) values ('ea950e36-ed7c-493d-b0d1-2967ae32d905', now());
insert into Message(id, createdat, belongstochannel, createdbyuser, discriminator, content) values ('ea950e36-ed7c-493d-b0d1-2967ae32d905', now(), 'dead_Pig4', 'ea950e36-ed7c-493d-b0d1-2967ae32d905', 'SimpleMessage', 'judicial Grilled or baked salmon with lavender');

insert into AppUser(name, lastSeen) values ('50517f50-a40b-477e-aa39-1a219014faf6', now());
insert into Message(id, createdat, belongstochannel, createdbyuser, discriminator, content) values ('50517f50-a40b-477e-aa39-1a219014faf6', now(), 'dead_Pig4', '50517f50-a40b-477e-aa39-1a219014faf6', 'SimpleMessage', 'loose Creamy beet salad');

insert into AppUser(name, lastSeen) values ('ba007dc3-a94c-4fed-b540-09243cdab072', now());
insert into Message(id, createdat, belongstochannel, createdbyuser, discriminator, content) values ('ba007dc3-a94c-4fed-b540-09243cdab072', now(), 'dead_Pig4', 'ba007dc3-a94c-4fed-b540-09243cdab072', 'SimpleMessage', 'collective Kathy dessert baked bananas zwt ii asia');

insert into AppUser(name, lastSeen) values ('78005b06-9207-4997-ad0e-0a0294bbf11b', now());
insert into Message(id, createdat, belongstochannel, createdbyuser, discriminator, content) values ('78005b06-9207-4997-ad0e-0a0294bbf11b', now(), 'dead_Pig4', '78005b06-9207-4997-ad0e-0a0294bbf11b', 'SimpleMessage', 'thick Salata marouli romaine lettuce salad');

insert into AppUser(name, lastSeen) values ('26702f3c-6a68-42ec-a23f-09e70874abf3', now());
insert into Message(id, createdat, belongstochannel, createdbyuser, discriminator, content) values ('26702f3c-6a68-42ec-a23f-09e70874abf3', now(), 'dead_Pig4', '26702f3c-6a68-42ec-a23f-09e70874abf3', 'SimpleMessage', 'frequent Hoisin marinated wing pieces');

insert into AppUser(name, lastSeen) values ('565e7c03-bcfd-4d56-ae5f-6cbfb69cee6e', now());
insert into Message(id, createdat, belongstochannel, createdbyuser, discriminator, content) values ('565e7c03-bcfd-4d56-ae5f-6cbfb69cee6e', now(), 'dead_Pig4', '565e7c03-bcfd-4d56-ae5f-6cbfb69cee6e', 'SimpleMessage', 'federal Blackened skillet shrimp');

insert into AppUser(name, lastSeen) values ('e927ce1f-2afa-4cd7-be72-2ebff15ab2b0', now());
insert into Message(id, createdat, belongstochannel, createdbyuser, discriminator, content) values ('e927ce1f-2afa-4cd7-be72-2ebff15ab2b0', now(), 'dead_Pig4', 'e927ce1f-2afa-4cd7-be72-2ebff15ab2b0', 'SimpleMessage', 'female Jalapeno pepper jelly chicken');

insert into AppUser(name, lastSeen) values ('b580420b-e406-444e-98d0-082f81488aa4', now());
insert into Message(id, createdat, belongstochannel, createdbyuser, discriminator, content) values ('b580420b-e406-444e-98d0-082f81488aa4', now(), 'dead_Pig4', 'b580420b-e406-444e-98d0-082f81488aa4', 'SimpleMessage', 'emotional Raspberry lemonade');

insert into AppUser(name, lastSeen) values ('13d4f3a1-0963-4533-8ed2-0610c8088b69', now());
insert into Message(id, createdat, belongstochannel, createdbyuser, discriminator, content) values ('13d4f3a1-0963-4533-8ed2-0610c8088b69', now(), 'dead_Pig4', '13d4f3a1-0963-4533-8ed2-0610c8088b69', 'SimpleMessage', 'anxious Lemon and oregano lamb loin chops');

insert into AppUser(name, lastSeen) values ('7d204699-d1f1-4ed6-94f1-d4aa35816d04', now());
insert into Message(id, createdat, belongstochannel, createdbyuser, discriminator, content) values ('7d204699-d1f1-4ed6-94f1-d4aa35816d04', now(), 'dead_Pig4', '7d204699-d1f1-4ed6-94f1-d4aa35816d04', 'SimpleMessage', 'original Spinach salad with blue cheese');

insert into AppUser(name, lastSeen) values ('9f536777-4c2e-471d-8664-31050f371b33', now());
insert into Message(id, createdat, belongstochannel, createdbyuser, discriminator, content) values ('9f536777-4c2e-471d-8664-31050f371b33', now(), 'powerful_Chicken5', '9f536777-4c2e-471d-8664-31050f371b33', 'SimpleMessage', 'medieval Quick and easy chicken in cream sauce');

insert into AppUser(name, lastSeen) values ('51003f66-f616-449d-9799-3bdae90c303a', now());
insert into Message(id, createdat, belongstochannel, createdbyuser, discriminator, content) values ('51003f66-f616-449d-9799-3bdae90c303a', now(), 'powerful_Chicken5', '51003f66-f616-449d-9799-3bdae90c303a', 'SimpleMessage', 'warm Tilapia in thai sauce');

insert into AppUser(name, lastSeen) values ('1ab20d0c-610f-492b-a786-dec5be43f409', now());
insert into Message(id, createdat, belongstochannel, createdbyuser, discriminator, content) values ('1ab20d0c-610f-492b-a786-dec5be43f409', now(), 'powerful_Chicken5', '1ab20d0c-610f-492b-a786-dec5be43f409', 'SimpleMessage', 'small German style eiskaffee iced coffee drink');

insert into AppUser(name, lastSeen) values ('a01d1c44-1c93-4064-a338-1669f629bde2', now());
insert into Message(id, createdat, belongstochannel, createdbyuser, discriminator, content) values ('a01d1c44-1c93-4064-a338-1669f629bde2', now(), 'powerful_Chicken5', 'a01d1c44-1c93-4064-a338-1669f629bde2', 'SimpleMessage', 'broad Bbq salmon filet');

insert into AppUser(name, lastSeen) values ('83001782-8538-486c-bddd-1b20cbe2174f', now());
insert into Message(id, createdat, belongstochannel, createdbyuser, discriminator, content) values ('83001782-8538-486c-bddd-1b20cbe2174f', now(), 'powerful_Chicken5', '83001782-8538-486c-bddd-1b20cbe2174f', 'SimpleMessage', 'afraid Roasted garlic soup with parmesan');

insert into AppUser(name, lastSeen) values ('f6217fd8-6356-4b67-9789-83ad68bcdd88', now());
insert into Message(id, createdat, belongstochannel, createdbyuser, discriminator, content) values ('f6217fd8-6356-4b67-9789-83ad68bcdd88', now(), 'powerful_Chicken5', 'f6217fd8-6356-4b67-9789-83ad68bcdd88', 'SimpleMessage', 'firm Kittencals caesar tortellini salad');

insert into AppUser(name, lastSeen) values ('472ef896-f294-4314-9d47-67883e96124d', now());
insert into Message(id, createdat, belongstochannel, createdbyuser, discriminator, content) values ('472ef896-f294-4314-9d47-67883e96124d', now(), 'powerful_Chicken5', '472ef896-f294-4314-9d47-67883e96124d', 'SimpleMessage', 'golden Swedish cucumber salad pressgurka');

insert into AppUser(name, lastSeen) values ('4179923d-2747-4729-b563-12a165cde268', now());
insert into Message(id, createdat, belongstochannel, createdbyuser, discriminator, content) values ('4179923d-2747-4729-b563-12a165cde268', now(), 'powerful_Chicken5', '4179923d-2747-4729-b563-12a165cde268', 'SimpleMessage', 'vast Sausage mushroom appetizers');

insert into AppUser(name, lastSeen) values ('8a3c0718-a0f0-48d6-b094-8ae3ab86a596', now());
insert into Message(id, createdat, belongstochannel, createdbyuser, discriminator, content) values ('8a3c0718-a0f0-48d6-b094-8ae3ab86a596', now(), 'powerful_Chicken5', '8a3c0718-a0f0-48d6-b094-8ae3ab86a596', 'SimpleMessage', 'official Kahlua hot chocolate');

insert into AppUser(name, lastSeen) values ('ff3367ea-5d81-4012-b34f-e1791a989d01', now());
insert into Message(id, createdat, belongstochannel, createdbyuser, discriminator, content) values ('ff3367ea-5d81-4012-b34f-e1791a989d01', now(), 'powerful_Chicken5', 'ff3367ea-5d81-4012-b34f-e1791a989d01', 'SimpleMessage', 'weekly Kittencals extra crispy fried chicken breast');

insert into AppUser(name, lastSeen) values ('bc176861-9a40-4147-8592-763fbb3e1774', now());
insert into Message(id, createdat, belongstochannel, createdbyuser, discriminator, content) values ('bc176861-9a40-4147-8592-763fbb3e1774', now(), 'reasonable_Sheep6', 'bc176861-9a40-4147-8592-763fbb3e1774', 'SimpleMessage', 'level Caramel delight');

insert into AppUser(name, lastSeen) values ('264f52b4-76a3-41f7-a800-be1b829ce0c6', now());
insert into Message(id, createdat, belongstochannel, createdbyuser, discriminator, content) values ('264f52b4-76a3-41f7-a800-be1b829ce0c6', now(), 'reasonable_Sheep6', '264f52b4-76a3-41f7-a800-be1b829ce0c6', 'SimpleMessage', 'honest Guava mojito');

insert into AppUser(name, lastSeen) values ('5148ddb9-3048-4f81-a69a-e976cb628035', now());
insert into Message(id, createdat, belongstochannel, createdbyuser, discriminator, content) values ('5148ddb9-3048-4f81-a69a-e976cb628035', now(), 'reasonable_Sheep6', '5148ddb9-3048-4f81-a69a-e976cb628035', 'SimpleMessage', 'remarkable Spicy catfish tenders with cajun tartar sauce');

insert into AppUser(name, lastSeen) values ('f7c6fd16-1fb9-4e81-96c1-8ba2b1202077', now());
insert into Message(id, createdat, belongstochannel, createdbyuser, discriminator, content) values ('f7c6fd16-1fb9-4e81-96c1-8ba2b1202077', now(), 'reasonable_Sheep6', 'f7c6fd16-1fb9-4e81-96c1-8ba2b1202077', 'SimpleMessage', 'judicial Iced banana cream');

insert into AppUser(name, lastSeen) values ('c7230097-c0d5-4c56-bf37-654f93ab8541', now());
insert into Message(id, createdat, belongstochannel, createdbyuser, discriminator, content) values ('c7230097-c0d5-4c56-bf37-654f93ab8541', now(), 'reasonable_Sheep6', 'c7230097-c0d5-4c56-bf37-654f93ab8541', 'SimpleMessage', 'physical Tropical baked chicken');

insert into AppUser(name, lastSeen) values ('c9f5b929-dccb-41e7-b8c1-fed60dbf998e', now());
insert into Message(id, createdat, belongstochannel, createdbyuser, discriminator, content) values ('c9f5b929-dccb-41e7-b8c1-fed60dbf998e', now(), 'reasonable_Sheep6', 'c9f5b929-dccb-41e7-b8c1-fed60dbf998e', 'SimpleMessage', 'all Lindas asian salmon');

insert into AppUser(name, lastSeen) values ('a75b853e-8c3c-424f-b56c-0cdc944cd26d', now());
insert into Message(id, createdat, belongstochannel, createdbyuser, discriminator, content) values ('a75b853e-8c3c-424f-b56c-0cdc944cd26d', now(), 'reasonable_Sheep6', 'a75b853e-8c3c-424f-b56c-0cdc944cd26d', 'SimpleMessage', 'regional Risotto with pesto and mascarpone');

insert into AppUser(name, lastSeen) values ('476ee31f-c113-4259-9b43-9ad7dbdc3df5', now());
insert into Message(id, createdat, belongstochannel, createdbyuser, discriminator, content) values ('476ee31f-c113-4259-9b43-9ad7dbdc3df5', now(), 'reasonable_Sheep6', '476ee31f-c113-4259-9b43-9ad7dbdc3df5', 'SimpleMessage', 'spiritual Sriracha honey roasted broccoli');

insert into AppUser(name, lastSeen) values ('68f6d2c3-7759-4114-82ec-405a29424bad', now());
insert into Message(id, createdat, belongstochannel, createdbyuser, discriminator, content) values ('68f6d2c3-7759-4114-82ec-405a29424bad', now(), 'reasonable_Sheep6', '68f6d2c3-7759-4114-82ec-405a29424bad', 'SimpleMessage', 'illegal Risotto with pesto and mascarpone');

insert into AppUser(name, lastSeen) values ('624aba75-1b40-4982-9fa0-960cf5b172d4', now());
insert into Message(id, createdat, belongstochannel, createdbyuser, discriminator, content) values ('624aba75-1b40-4982-9fa0-960cf5b172d4', now(), 'reasonable_Sheep6', '624aba75-1b40-4982-9fa0-960cf5b172d4', 'SimpleMessage', 'particular Guava mojito');

insert into AppUser(name, lastSeen) values ('1aa30d83-792d-4eaa-954b-d3f16ac98030', now());
insert into Message(id, createdat, belongstochannel, createdbyuser, discriminator, content) values ('1aa30d83-792d-4eaa-954b-d3f16ac98030', now(), 'upper_Donkey7', '1aa30d83-792d-4eaa-954b-d3f16ac98030', 'SimpleMessage', 'critical Acorn squash for 2');

insert into AppUser(name, lastSeen) values ('f26122b0-4cd2-48b7-9523-0ab6536cc886', now());
insert into Message(id, createdat, belongstochannel, createdbyuser, discriminator, content) values ('f26122b0-4cd2-48b7-9523-0ab6536cc886', now(), 'upper_Donkey7', 'f26122b0-4cd2-48b7-9523-0ab6536cc886', 'SimpleMessage', 'straight Fresh tomato and cucumber salad');

insert into AppUser(name, lastSeen) values ('7fc4085c-45d9-45d4-900e-61a0ea4479f6', now());
insert into Message(id, createdat, belongstochannel, createdbyuser, discriminator, content) values ('7fc4085c-45d9-45d4-900e-61a0ea4479f6', now(), 'upper_Donkey7', '7fc4085c-45d9-45d4-900e-61a0ea4479f6', 'SimpleMessage', 'direct Risotto with pesto and mascarpone');

insert into AppUser(name, lastSeen) values ('990762b1-3dae-45b3-866d-0940d568045a', now());
insert into Message(id, createdat, belongstochannel, createdbyuser, discriminator, content) values ('990762b1-3dae-45b3-866d-0940d568045a', now(), 'upper_Donkey7', '990762b1-3dae-45b3-866d-0940d568045a', 'SimpleMessage', 'individual Bergy dim sum 5 steamed shrimp dumplings');

insert into AppUser(name, lastSeen) values ('bd8614cb-e4d1-4023-9931-d7687b6e2974', now());
insert into Message(id, createdat, belongstochannel, createdbyuser, discriminator, content) values ('bd8614cb-e4d1-4023-9931-d7687b6e2974', now(), 'upper_Donkey7', 'bd8614cb-e4d1-4023-9931-d7687b6e2974', 'SimpleMessage', 'light Nude beach');

insert into AppUser(name, lastSeen) values ('ceb56a78-3bea-4b2d-a177-05a64a0b6e3d', now());
insert into Message(id, createdat, belongstochannel, createdbyuser, discriminator, content) values ('ceb56a78-3bea-4b2d-a177-05a64a0b6e3d', now(), 'upper_Donkey7', 'ceb56a78-3bea-4b2d-a177-05a64a0b6e3d', 'SimpleMessage', 'considerable Bacon spaghetti squash');

insert into AppUser(name, lastSeen) values ('9e9ddba8-fbc5-499f-bc27-dc7a4e801151', now());
insert into Message(id, createdat, belongstochannel, createdbyuser, discriminator, content) values ('9e9ddba8-fbc5-499f-bc27-dc7a4e801151', now(), 'upper_Donkey7', '9e9ddba8-fbc5-499f-bc27-dc7a4e801151', 'SimpleMessage', 'roman Scallop saute');

insert into AppUser(name, lastSeen) values ('ed58e489-1093-4e18-a43b-e2c482bcb279', now());
insert into Message(id, createdat, belongstochannel, createdbyuser, discriminator, content) values ('ed58e489-1093-4e18-a43b-e2c482bcb279', now(), 'upper_Donkey7', 'ed58e489-1093-4e18-a43b-e2c482bcb279', 'SimpleMessage', 'moral Hoisin marinated wing pieces');

insert into AppUser(name, lastSeen) values ('096e5661-84df-4287-80c1-ad9adfc113b3', now());
insert into Message(id, createdat, belongstochannel, createdbyuser, discriminator, content) values ('096e5661-84df-4287-80c1-ad9adfc113b3', now(), 'upper_Donkey7', '096e5661-84df-4287-80c1-ad9adfc113b3', 'SimpleMessage', 'medieval Spiced poached pears');

insert into AppUser(name, lastSeen) values ('a8929cde-ceba-4672-bd85-37da199dcc7b', now());
insert into Message(id, createdat, belongstochannel, createdbyuser, discriminator, content) values ('a8929cde-ceba-4672-bd85-37da199dcc7b', now(), 'upper_Donkey7', 'a8929cde-ceba-4672-bd85-37da199dcc7b', 'SimpleMessage', 'hard Swirled cranberry cheesecake');

insert into AppUser(name, lastSeen) values ('9d76b39c-ceb9-4b8f-81b1-fbad2d535c6d', now());
insert into Message(id, createdat, belongstochannel, createdbyuser, discriminator, content) values ('9d76b39c-ceb9-4b8f-81b1-fbad2d535c6d', now(), 'liberal_Duck8', '9d76b39c-ceb9-4b8f-81b1-fbad2d535c6d', 'SimpleMessage', 'equal Calico peas');

insert into AppUser(name, lastSeen) values ('3f7e7d27-588c-467d-aded-4779b18ba0ec', now());
insert into Message(id, createdat, belongstochannel, createdbyuser, discriminator, content) values ('3f7e7d27-588c-467d-aded-4779b18ba0ec', now(), 'liberal_Duck8', '3f7e7d27-588c-467d-aded-4779b18ba0ec', 'SimpleMessage', 'moral Spinach and mandarin orange salad');

insert into AppUser(name, lastSeen) values ('515a4ecd-b4b5-4cfa-a4c6-9aabf83e196a', now());
insert into Message(id, createdat, belongstochannel, createdbyuser, discriminator, content) values ('515a4ecd-b4b5-4cfa-a4c6-9aabf83e196a', now(), 'liberal_Duck8', '515a4ecd-b4b5-4cfa-a4c6-9aabf83e196a', 'SimpleMessage', 'modest Maple cinnamon coffee');

insert into AppUser(name, lastSeen) values ('e00cd974-9247-493f-8ceb-fd40e44b9c94', now());
insert into Message(id, createdat, belongstochannel, createdbyuser, discriminator, content) values ('e00cd974-9247-493f-8ceb-fd40e44b9c94', now(), 'liberal_Duck8', 'e00cd974-9247-493f-8ceb-fd40e44b9c94', 'SimpleMessage', 'clear Cracker barrel baby carrots');

insert into AppUser(name, lastSeen) values ('837e9734-cc9a-425e-a337-8c373e44918f', now());
insert into Message(id, createdat, belongstochannel, createdbyuser, discriminator, content) values ('837e9734-cc9a-425e-a337-8c373e44918f', now(), 'liberal_Duck8', '837e9734-cc9a-425e-a337-8c373e44918f', 'SimpleMessage', 'quiet Jamaican pork tenderloin');

insert into AppUser(name, lastSeen) values ('438873b7-4728-4778-b9f9-bb7bcaf17829', now());
insert into Message(id, createdat, belongstochannel, createdbyuser, discriminator, content) values ('438873b7-4728-4778-b9f9-bb7bcaf17829', now(), 'liberal_Duck8', '438873b7-4728-4778-b9f9-bb7bcaf17829', 'SimpleMessage', 'outside Baby shower pink cloud punch');

insert into AppUser(name, lastSeen) values ('c8be50b4-3734-4685-ad68-ffcd4a3f0e67', now());
insert into Message(id, createdat, belongstochannel, createdbyuser, discriminator, content) values ('c8be50b4-3734-4685-ad68-ffcd4a3f0e67', now(), 'liberal_Duck8', 'c8be50b4-3734-4685-ad68-ffcd4a3f0e67', 'SimpleMessage', 'thick Rachael rays mimosa');

insert into AppUser(name, lastSeen) values ('b6d1ceba-9f76-4fc1-8237-21f9f844b97a', now());
insert into Message(id, createdat, belongstochannel, createdbyuser, discriminator, content) values ('b6d1ceba-9f76-4fc1-8237-21f9f844b97a', now(), 'liberal_Duck8', 'b6d1ceba-9f76-4fc1-8237-21f9f844b97a', 'SimpleMessage', 'massive Wild addicting dip');

insert into AppUser(name, lastSeen) values ('f7f418d1-2ebc-4bf6-9e54-8993fc771975', now());
insert into Message(id, createdat, belongstochannel, createdbyuser, discriminator, content) values ('f7f418d1-2ebc-4bf6-9e54-8993fc771975', now(), 'liberal_Duck8', 'f7f418d1-2ebc-4bf6-9e54-8993fc771975', 'SimpleMessage', 'prime Asian broccoli salad');

insert into AppUser(name, lastSeen) values ('335d39a0-78a4-447e-a736-ee88eb221bf8', now());
insert into Message(id, createdat, belongstochannel, createdbyuser, discriminator, content) values ('335d39a0-78a4-447e-a736-ee88eb221bf8', now(), 'liberal_Duck8', '335d39a0-78a4-447e-a736-ee88eb221bf8', 'SimpleMessage', 'upper Italian style roast');

insert into AppUser(name, lastSeen) values ('a7d1a391-e0fd-468f-a809-a7747d0120c0', now());
insert into Message(id, createdat, belongstochannel, createdbyuser, discriminator, content) values ('a7d1a391-e0fd-468f-a809-a7747d0120c0', now(), 'acceptable_Turkey9', 'a7d1a391-e0fd-468f-a809-a7747d0120c0', 'SimpleMessage', 'global French napoleons');

insert into AppUser(name, lastSeen) values ('69aa2bba-0947-49f1-95e2-83ff787a9553', now());
insert into Message(id, createdat, belongstochannel, createdbyuser, discriminator, content) values ('69aa2bba-0947-49f1-95e2-83ff787a9553', now(), 'acceptable_Turkey9', '69aa2bba-0947-49f1-95e2-83ff787a9553', 'SimpleMessage', 'wonderful Kittencals extra crispy fried chicken breast');

insert into AppUser(name, lastSeen) values ('45a42041-919e-4795-b1c8-70c2895fb3b3', now());
insert into Message(id, createdat, belongstochannel, createdbyuser, discriminator, content) values ('45a42041-919e-4795-b1c8-70c2895fb3b3', now(), 'acceptable_Turkey9', '45a42041-919e-4795-b1c8-70c2895fb3b3', 'SimpleMessage', 'fat Hot salty nuts');

insert into AppUser(name, lastSeen) values ('d1b78f58-f433-4da7-b6b5-087b2ee80766', now());
insert into Message(id, createdat, belongstochannel, createdbyuser, discriminator, content) values ('d1b78f58-f433-4da7-b6b5-087b2ee80766', now(), 'acceptable_Turkey9', 'd1b78f58-f433-4da7-b6b5-087b2ee80766', 'SimpleMessage', 'prominent Kittencals really great old fashioned lemonade');

insert into AppUser(name, lastSeen) values ('e1caba09-2254-47d8-aefe-0cdb0f7664df', now());
insert into Message(id, createdat, belongstochannel, createdbyuser, discriminator, content) values ('e1caba09-2254-47d8-aefe-0cdb0f7664df', now(), 'acceptable_Turkey9', 'e1caba09-2254-47d8-aefe-0cdb0f7664df', 'SimpleMessage', 'brilliant Steak balmoral and whisky sauce from the witchery by the castle');

insert into AppUser(name, lastSeen) values ('1d5d7b55-54af-4509-8afa-e83ea73f52f2', now());
insert into Message(id, createdat, belongstochannel, createdbyuser, discriminator, content) values ('1d5d7b55-54af-4509-8afa-e83ea73f52f2', now(), 'acceptable_Turkey9', '1d5d7b55-54af-4509-8afa-e83ea73f52f2', 'SimpleMessage', 'historic Flounder stuffed with shrimp and crabmeat');

insert into AppUser(name, lastSeen) values ('aeeff65e-f95d-451f-a0d8-4f93e5778e39', now());
insert into Message(id, createdat, belongstochannel, createdbyuser, discriminator, content) values ('aeeff65e-f95d-451f-a0d8-4f93e5778e39', now(), 'acceptable_Turkey9', 'aeeff65e-f95d-451f-a0d8-4f93e5778e39', 'SimpleMessage', 'whole Scallop saute');

insert into AppUser(name, lastSeen) values ('567581b3-a1ba-466b-90cd-ef87fbd07edf', now());
insert into Message(id, createdat, belongstochannel, createdbyuser, discriminator, content) values ('567581b3-a1ba-466b-90cd-ef87fbd07edf', now(), 'acceptable_Turkey9', '567581b3-a1ba-466b-90cd-ef87fbd07edf', 'SimpleMessage', 'warm Roasted cherry or grape tomatoes');

insert into AppUser(name, lastSeen) values ('064ce9b1-d0bd-4a1a-9c2a-98794cf0e685', now());
insert into Message(id, createdat, belongstochannel, createdbyuser, discriminator, content) values ('064ce9b1-d0bd-4a1a-9c2a-98794cf0e685', now(), 'acceptable_Turkey9', '064ce9b1-d0bd-4a1a-9c2a-98794cf0e685', 'SimpleMessage', 'conventional No bake hersheys bar pie');

insert into AppUser(name, lastSeen) values ('b7704837-68f6-4eab-b88b-7812e8f9c59f', now());
insert into Message(id, createdat, belongstochannel, createdbyuser, discriminator, content) values ('b7704837-68f6-4eab-b88b-7812e8f9c59f', now(), 'acceptable_Turkey9', 'b7704837-68f6-4eab-b88b-7812e8f9c59f', 'SimpleMessage', 'main Kittencals caesar tortellini salad');

insert into AppUser(name, lastSeen) values ('c37e34e3-a6f5-4dec-9a1d-7a676c8d3da4', now());
insert into Message(id, createdat, belongstochannel, createdbyuser, discriminator, content) values ('c37e34e3-a6f5-4dec-9a1d-7a676c8d3da4', now(), 'extreme_Duck0', 'c37e34e3-a6f5-4dec-9a1d-7a676c8d3da4', 'SimpleMessage', 'military Kittencals caesar tortellini salad');

insert into AppUser(name, lastSeen) values ('c5f97686-c984-478b-994b-cca07256fd1a', now());
insert into Message(id, createdat, belongstochannel, createdbyuser, discriminator, content) values ('c5f97686-c984-478b-994b-cca07256fd1a', now(), 'extreme_Duck0', 'c5f97686-c984-478b-994b-cca07256fd1a', 'SimpleMessage', 'electrical Tilapia in thai sauce');

insert into AppUser(name, lastSeen) values ('29d40cf8-5915-49e1-ad88-11ca2ff7c966', now());
insert into Message(id, createdat, belongstochannel, createdbyuser, discriminator, content) values ('29d40cf8-5915-49e1-ad88-11ca2ff7c966', now(), 'extreme_Duck0', '29d40cf8-5915-49e1-ad88-11ca2ff7c966', 'SimpleMessage', 'residential Lubys cafeteria butternut brownie pie');

insert into AppUser(name, lastSeen) values ('9d0cc2b0-a6c8-4cc6-9414-9f656aedb3f4', now());
insert into Message(id, createdat, belongstochannel, createdbyuser, discriminator, content) values ('9d0cc2b0-a6c8-4cc6-9414-9f656aedb3f4', now(), 'extreme_Duck0', '9d0cc2b0-a6c8-4cc6-9414-9f656aedb3f4', 'SimpleMessage', 'thick Wild addicting dip');

insert into AppUser(name, lastSeen) values ('540a4d16-7e06-445f-bda0-40649eb22d5a', now());
insert into Message(id, createdat, belongstochannel, createdbyuser, discriminator, content) values ('540a4d16-7e06-445f-bda0-40649eb22d5a', now(), 'extreme_Duck0', '540a4d16-7e06-445f-bda0-40649eb22d5a', 'SimpleMessage', 'communist Chicken and penne casserole');

insert into AppUser(name, lastSeen) values ('90dcabb4-bdc2-4693-8739-d89e3cff6978', now());
insert into Message(id, createdat, belongstochannel, createdbyuser, discriminator, content) values ('90dcabb4-bdc2-4693-8739-d89e3cff6978', now(), 'extreme_Duck0', '90dcabb4-bdc2-4693-8739-d89e3cff6978', 'SimpleMessage', 'poor Mushroom and chicken grilled quesadillas');

insert into AppUser(name, lastSeen) values ('0a0d980e-769d-42c2-b7bc-d0c59aba0075', now());
insert into Message(id, createdat, belongstochannel, createdbyuser, discriminator, content) values ('0a0d980e-769d-42c2-b7bc-d0c59aba0075', now(), 'extreme_Duck0', '0a0d980e-769d-42c2-b7bc-d0c59aba0075', 'SimpleMessage', 'heavy Guacamole stuffed deviled eggs');

insert into AppUser(name, lastSeen) values ('8deb0c6d-4a56-4f65-83f6-605bf34dc707', now());
insert into Message(id, createdat, belongstochannel, createdbyuser, discriminator, content) values ('8deb0c6d-4a56-4f65-83f6-605bf34dc707', now(), 'extreme_Duck0', '8deb0c6d-4a56-4f65-83f6-605bf34dc707', 'SimpleMessage', 'real Asian broccoli salad');

insert into AppUser(name, lastSeen) values ('4a5d10e5-7481-4599-b7fb-54af48e4fe45', now());
insert into Message(id, createdat, belongstochannel, createdbyuser, discriminator, content) values ('4a5d10e5-7481-4599-b7fb-54af48e4fe45', now(), 'extreme_Duck0', '4a5d10e5-7481-4599-b7fb-54af48e4fe45', 'SimpleMessage', 'electoral Heavenly lemon bread pudding');

insert into AppUser(name, lastSeen) values ('f9659bc4-47ef-445d-aa4f-ffd7c15a5ef8', now());
insert into Message(id, createdat, belongstochannel, createdbyuser, discriminator, content) values ('f9659bc4-47ef-445d-aa4f-ffd7c15a5ef8', now(), 'extreme_Duck0', 'f9659bc4-47ef-445d-aa4f-ffd7c15a5ef8', 'SimpleMessage', 'inevitable Chocolate almond roca bar');

insert into AppUser(name, lastSeen) values ('52e0d6a8-e127-411c-b61c-c4f248ac997e', now());
insert into Message(id, createdat, belongstochannel, createdbyuser, discriminator, content) values ('52e0d6a8-e127-411c-b61c-c4f248ac997e', now(), 'last_Donkey1', '52e0d6a8-e127-411c-b61c-c4f248ac997e', 'SimpleMessage', 'structural Creamy beet salad');

insert into AppUser(name, lastSeen) values ('fc7224d6-4e2d-4b84-8a9b-8a2e56fb2fc7', now());
insert into Message(id, createdat, belongstochannel, createdbyuser, discriminator, content) values ('fc7224d6-4e2d-4b84-8a9b-8a2e56fb2fc7', now(), 'last_Donkey1', 'fc7224d6-4e2d-4b84-8a9b-8a2e56fb2fc7', 'SimpleMessage', 'other Kittencals banana almond muffins with almond streusel');

insert into AppUser(name, lastSeen) values ('9dc945e7-efd2-4948-9ccf-bff4b375d812', now());
insert into Message(id, createdat, belongstochannel, createdbyuser, discriminator, content) values ('9dc945e7-efd2-4948-9ccf-bff4b375d812', now(), 'last_Donkey1', '9dc945e7-efd2-4948-9ccf-bff4b375d812', 'SimpleMessage', 'current Garlic herbed roasted red skin potatoes');

insert into AppUser(name, lastSeen) values ('d794b286-3a33-4b72-8e04-c2156992a563', now());
insert into Message(id, createdat, belongstochannel, createdbyuser, discriminator, content) values ('d794b286-3a33-4b72-8e04-c2156992a563', now(), 'last_Donkey1', 'd794b286-3a33-4b72-8e04-c2156992a563', 'SimpleMessage', 'pale Jamaican pork tenderloin');

insert into AppUser(name, lastSeen) values ('3c602bb9-d490-469b-99ac-5b368a59a81a', now());
insert into Message(id, createdat, belongstochannel, createdbyuser, discriminator, content) values ('3c602bb9-d490-469b-99ac-5b368a59a81a', now(), 'last_Donkey1', '3c602bb9-d490-469b-99ac-5b368a59a81a', 'SimpleMessage', 'initial Jamaican pork tenderloin');

insert into AppUser(name, lastSeen) values ('a25a18f3-1e96-4d18-87a1-81294a525e55', now());
insert into Message(id, createdat, belongstochannel, createdbyuser, discriminator, content) values ('a25a18f3-1e96-4d18-87a1-81294a525e55', now(), 'last_Donkey1', 'a25a18f3-1e96-4d18-87a1-81294a525e55', 'SimpleMessage', 'traditional Spanish shrimp');

insert into AppUser(name, lastSeen) values ('6eb4d2ed-6392-4bee-ac61-b90120692fc6', now());
insert into Message(id, createdat, belongstochannel, createdbyuser, discriminator, content) values ('6eb4d2ed-6392-4bee-ac61-b90120692fc6', now(), 'last_Donkey1', '6eb4d2ed-6392-4bee-ac61-b90120692fc6', 'SimpleMessage', 'elderly Baby shower pink cloud punch');

insert into AppUser(name, lastSeen) values ('669440e9-6758-431b-b08c-2fc8a56a48df', now());
insert into Message(id, createdat, belongstochannel, createdbyuser, discriminator, content) values ('669440e9-6758-431b-b08c-2fc8a56a48df', now(), 'last_Donkey1', '669440e9-6758-431b-b08c-2fc8a56a48df', 'SimpleMessage', 'regular Sweet and sour pork balls');

insert into AppUser(name, lastSeen) values ('e78bef8e-1ace-433c-b2e3-4d27e851873f', now());
insert into Message(id, createdat, belongstochannel, createdbyuser, discriminator, content) values ('e78bef8e-1ace-433c-b2e3-4d27e851873f', now(), 'last_Donkey1', 'e78bef8e-1ace-433c-b2e3-4d27e851873f', 'SimpleMessage', 'automatic Caramel delight');

insert into AppUser(name, lastSeen) values ('d831c496-d892-45b4-bfd2-e082f4cbae0e', now());
insert into Message(id, createdat, belongstochannel, createdbyuser, discriminator, content) values ('d831c496-d892-45b4-bfd2-e082f4cbae0e', now(), 'last_Donkey1', 'd831c496-d892-45b4-bfd2-e082f4cbae0e', 'SimpleMessage', 'national Grilled or baked salmon with lavender');

insert into AppUser(name, lastSeen) values ('4d11fc2a-9ee2-4a71-8f67-208b0ccdc424', now());
insert into Message(id, createdat, belongstochannel, createdbyuser, discriminator, content) values ('4d11fc2a-9ee2-4a71-8f67-208b0ccdc424', now(), 'upper_Turkey2', '4d11fc2a-9ee2-4a71-8f67-208b0ccdc424', 'SimpleMessage', 'secondary Orzo with tomatoes feta and green onions');

insert into AppUser(name, lastSeen) values ('2df1fdf5-0734-43d3-a781-ba98f8bba17f', now());
insert into Message(id, createdat, belongstochannel, createdbyuser, discriminator, content) values ('2df1fdf5-0734-43d3-a781-ba98f8bba17f', now(), 'upper_Turkey2', '2df1fdf5-0734-43d3-a781-ba98f8bba17f', 'SimpleMessage', 'alone Tortellini bow tie pasta salad');

insert into AppUser(name, lastSeen) values ('74e73ba0-fdfb-47f9-afa3-63fc5d08662e', now());
insert into Message(id, createdat, belongstochannel, createdbyuser, discriminator, content) values ('74e73ba0-fdfb-47f9-afa3-63fc5d08662e', now(), 'upper_Turkey2', '74e73ba0-fdfb-47f9-afa3-63fc5d08662e', 'SimpleMessage', 'practical Uncle bills caesar canadian style');

insert into AppUser(name, lastSeen) values ('b3827dc5-49b6-42e2-ab4a-df11222edd6f', now());
insert into Message(id, createdat, belongstochannel, createdbyuser, discriminator, content) values ('b3827dc5-49b6-42e2-ab4a-df11222edd6f', now(), 'upper_Turkey2', 'b3827dc5-49b6-42e2-ab4a-df11222edd6f', 'SimpleMessage', 'light Layered bean taco dip');

insert into AppUser(name, lastSeen) values ('a4bc318a-0cae-4a45-a60f-2d9ffc183d3c', now());
insert into Message(id, createdat, belongstochannel, createdbyuser, discriminator, content) values ('a4bc318a-0cae-4a45-a60f-2d9ffc183d3c', now(), 'upper_Turkey2', 'a4bc318a-0cae-4a45-a60f-2d9ffc183d3c', 'SimpleMessage', 'due Kittencals extra crispy fried chicken breast');

insert into AppUser(name, lastSeen) values ('40473df5-3d2a-4dea-84bf-045b703c94e3', now());
insert into Message(id, createdat, belongstochannel, createdbyuser, discriminator, content) values ('40473df5-3d2a-4dea-84bf-045b703c94e3', now(), 'upper_Turkey2', '40473df5-3d2a-4dea-84bf-045b703c94e3', 'SimpleMessage', 'middle Kittencals parmesan orzo');

insert into AppUser(name, lastSeen) values ('fc6ca73b-7ca1-48c6-9444-65414f892a69', now());
insert into Message(id, createdat, belongstochannel, createdbyuser, discriminator, content) values ('fc6ca73b-7ca1-48c6-9444-65414f892a69', now(), 'upper_Turkey2', 'fc6ca73b-7ca1-48c6-9444-65414f892a69', 'SimpleMessage', 'lovely Lubys cafeteria butternut brownie pie');

insert into AppUser(name, lastSeen) values ('5c58651a-4ce7-4706-8ba8-242fe873cee5', now());
insert into Message(id, createdat, belongstochannel, createdbyuser, discriminator, content) values ('5c58651a-4ce7-4706-8ba8-242fe873cee5', now(), 'upper_Turkey2', '5c58651a-4ce7-4706-8ba8-242fe873cee5', 'SimpleMessage', 'hot Red potato and green bean saute');

insert into AppUser(name, lastSeen) values ('2a1d8fab-afa3-4dd6-b445-34c3aa71f66b', now());
insert into Message(id, createdat, belongstochannel, createdbyuser, discriminator, content) values ('2a1d8fab-afa3-4dd6-b445-34c3aa71f66b', now(), 'upper_Turkey2', '2a1d8fab-afa3-4dd6-b445-34c3aa71f66b', 'SimpleMessage', 'extensive Oven fried zucchini sticks');

insert into AppUser(name, lastSeen) values ('4741ecbf-698c-4ca8-b866-b576b474f157', now());
insert into Message(id, createdat, belongstochannel, createdbyuser, discriminator, content) values ('4741ecbf-698c-4ca8-b866-b576b474f157', now(), 'upper_Turkey2', '4741ecbf-698c-4ca8-b866-b576b474f157', 'SimpleMessage', 'one Green goddess dressing');

insert into AppUser(name, lastSeen) values ('cd83be68-4d77-48bf-9dd4-234f05f8283a', now());
insert into Message(id, createdat, belongstochannel, createdbyuser, discriminator, content) values ('cd83be68-4d77-48bf-9dd4-234f05f8283a', now(), 'electronic_Chicken3', 'cd83be68-4d77-48bf-9dd4-234f05f8283a', 'SimpleMessage', 'green Spicy catfish tenders with cajun tartar sauce');

insert into AppUser(name, lastSeen) values ('bda39d21-21f1-43b5-b52c-5135d664f6e2', now());
insert into Message(id, createdat, belongstochannel, createdbyuser, discriminator, content) values ('bda39d21-21f1-43b5-b52c-5135d664f6e2', now(), 'electronic_Chicken3', 'bda39d21-21f1-43b5-b52c-5135d664f6e2', 'SimpleMessage', 'good Orange brownie');

insert into AppUser(name, lastSeen) values ('d1a62e8c-e46f-45c0-8e33-20a2c74fe7fa', now());
insert into Message(id, createdat, belongstochannel, createdbyuser, discriminator, content) values ('d1a62e8c-e46f-45c0-8e33-20a2c74fe7fa', now(), 'electronic_Chicken3', 'd1a62e8c-e46f-45c0-8e33-20a2c74fe7fa', 'SimpleMessage', 'brilliant Blackened skillet shrimp');

insert into AppUser(name, lastSeen) values ('053b9680-ba92-4b99-b2ec-55a01b122958', now());
insert into Message(id, createdat, belongstochannel, createdbyuser, discriminator, content) values ('053b9680-ba92-4b99-b2ec-55a01b122958', now(), 'electronic_Chicken3', '053b9680-ba92-4b99-b2ec-55a01b122958', 'SimpleMessage', 'slight Provencal olives');

insert into AppUser(name, lastSeen) values ('92a5cc86-7e9d-4d8e-8709-7b456d05a006', now());
insert into Message(id, createdat, belongstochannel, createdbyuser, discriminator, content) values ('92a5cc86-7e9d-4d8e-8709-7b456d05a006', now(), 'electronic_Chicken3', '92a5cc86-7e9d-4d8e-8709-7b456d05a006', 'SimpleMessage', 'brown Kittencals pan fried asparagus');

insert into AppUser(name, lastSeen) values ('2cca9c6c-17de-4b6a-aa73-a67177c53644', now());
insert into Message(id, createdat, belongstochannel, createdbyuser, discriminator, content) values ('2cca9c6c-17de-4b6a-aa73-a67177c53644', now(), 'electronic_Chicken3', '2cca9c6c-17de-4b6a-aa73-a67177c53644', 'SimpleMessage', 'precise Kahlua hot chocolate');

insert into AppUser(name, lastSeen) values ('3e5abcdd-ff58-43a7-8ccc-f3e18c4be892', now());
insert into Message(id, createdat, belongstochannel, createdbyuser, discriminator, content) values ('3e5abcdd-ff58-43a7-8ccc-f3e18c4be892', now(), 'electronic_Chicken3', '3e5abcdd-ff58-43a7-8ccc-f3e18c4be892', 'SimpleMessage', 'sensible Kahlua hot chocolate');

insert into AppUser(name, lastSeen) values ('560b4e6c-657b-4ed8-9fce-de912627589f', now());
insert into Message(id, createdat, belongstochannel, createdbyuser, discriminator, content) values ('560b4e6c-657b-4ed8-9fce-de912627589f', now(), 'electronic_Chicken3', '560b4e6c-657b-4ed8-9fce-de912627589f', 'SimpleMessage', 'broad Hot salty nuts');

insert into AppUser(name, lastSeen) values ('a70743e5-6ec7-4e88-9b47-4f9374b75132', now());
insert into Message(id, createdat, belongstochannel, createdbyuser, discriminator, content) values ('a70743e5-6ec7-4e88-9b47-4f9374b75132', now(), 'electronic_Chicken3', 'a70743e5-6ec7-4e88-9b47-4f9374b75132', 'SimpleMessage', 'square Fresh orange slices with honey and cinnamon');

insert into AppUser(name, lastSeen) values ('0cfc3b98-7bac-4d7f-9219-1d60b1c3a590', now());
insert into Message(id, createdat, belongstochannel, createdbyuser, discriminator, content) values ('0cfc3b98-7bac-4d7f-9219-1d60b1c3a590', now(), 'electronic_Chicken3', '0cfc3b98-7bac-4d7f-9219-1d60b1c3a590', 'SimpleMessage', 'satisfactory Nude beach');

insert into AppUser(name, lastSeen) values ('b9070b4f-e55b-4b23-ba77-c9f2e289e711', now());
insert into Message(id, createdat, belongstochannel, createdbyuser, discriminator, content) values ('b9070b4f-e55b-4b23-ba77-c9f2e289e711', now(), 'busy_Sheep4', 'b9070b4f-e55b-4b23-ba77-c9f2e289e711', 'SimpleMessage', 'chief Lindas special potato salad');

insert into AppUser(name, lastSeen) values ('de641c62-f650-4267-a6fa-3bb2f4f6190b', now());
insert into Message(id, createdat, belongstochannel, createdbyuser, discriminator, content) values ('de641c62-f650-4267-a6fa-3bb2f4f6190b', now(), 'busy_Sheep4', 'de641c62-f650-4267-a6fa-3bb2f4f6190b', 'SimpleMessage', 'slow Green goddess dressing');

insert into AppUser(name, lastSeen) values ('61f9bc61-9e32-421e-9c66-22b077fa99e4', now());
insert into Message(id, createdat, belongstochannel, createdbyuser, discriminator, content) values ('61f9bc61-9e32-421e-9c66-22b077fa99e4', now(), 'busy_Sheep4', '61f9bc61-9e32-421e-9c66-22b077fa99e4', 'SimpleMessage', 'far Tropical baked chicken');

insert into AppUser(name, lastSeen) values ('8c76faa5-559e-4704-b9b6-50ad8a0fe26b', now());
insert into Message(id, createdat, belongstochannel, createdbyuser, discriminator, content) values ('8c76faa5-559e-4704-b9b6-50ad8a0fe26b', now(), 'busy_Sheep4', '8c76faa5-559e-4704-b9b6-50ad8a0fe26b', 'SimpleMessage', 'full Chocolate coconut dream bars');

insert into AppUser(name, lastSeen) values ('87774a45-34f5-4b9f-8d6f-d6b22c138b5f', now());
insert into Message(id, createdat, belongstochannel, createdbyuser, discriminator, content) values ('87774a45-34f5-4b9f-8d6f-d6b22c138b5f', now(), 'busy_Sheep4', '87774a45-34f5-4b9f-8d6f-d6b22c138b5f', 'SimpleMessage', 'accurate Tilapia in thai sauce');

insert into AppUser(name, lastSeen) values ('09189085-ad59-49c6-b614-c78058b783ef', now());
insert into Message(id, createdat, belongstochannel, createdbyuser, discriminator, content) values ('09189085-ad59-49c6-b614-c78058b783ef', now(), 'busy_Sheep4', '09189085-ad59-49c6-b614-c78058b783ef', 'SimpleMessage', 'poor Tilapia in thai sauce');

insert into AppUser(name, lastSeen) values ('3d76d10d-d1f4-4da0-8787-9b14e7be5cab', now());
insert into Message(id, createdat, belongstochannel, createdbyuser, discriminator, content) values ('3d76d10d-d1f4-4da0-8787-9b14e7be5cab', now(), 'busy_Sheep4', '3d76d10d-d1f4-4da0-8787-9b14e7be5cab', 'SimpleMessage', 'unemployed Moroccan cinnamon coffee with orange flower water');

insert into AppUser(name, lastSeen) values ('c14efc78-9601-42a0-ac15-e1c1b74992c7', now());
insert into Message(id, createdat, belongstochannel, createdbyuser, discriminator, content) values ('c14efc78-9601-42a0-ac15-e1c1b74992c7', now(), 'busy_Sheep4', 'c14efc78-9601-42a0-ac15-e1c1b74992c7', 'SimpleMessage', 'tiny Cracker barrel baby carrots');

insert into AppUser(name, lastSeen) values ('4e5fea8d-0001-4244-b4ab-6585c0e3f6d8', now());
insert into Message(id, createdat, belongstochannel, createdbyuser, discriminator, content) values ('4e5fea8d-0001-4244-b4ab-6585c0e3f6d8', now(), 'busy_Sheep4', '4e5fea8d-0001-4244-b4ab-6585c0e3f6d8', 'SimpleMessage', 'fat Mrs allens date loaf');

insert into AppUser(name, lastSeen) values ('7752da86-5981-4f02-90d6-2eee2235ecc6', now());
insert into Message(id, createdat, belongstochannel, createdbyuser, discriminator, content) values ('7752da86-5981-4f02-90d6-2eee2235ecc6', now(), 'busy_Sheep4', '7752da86-5981-4f02-90d6-2eee2235ecc6', 'SimpleMessage', 'still Lemon cajun stir fry');

insert into AppUser(name, lastSeen) values ('9fb1a8f5-8aa8-4649-9a56-7d78dc7f300b', now());
insert into Message(id, createdat, belongstochannel, createdbyuser, discriminator, content) values ('9fb1a8f5-8aa8-4649-9a56-7d78dc7f300b', now(), 'environmental_Goat5', '9fb1a8f5-8aa8-4649-9a56-7d78dc7f300b', 'SimpleMessage', 'continuous Greek shrimp with rigatoni');

insert into AppUser(name, lastSeen) values ('1eed311b-6bd9-4e0d-bfa7-2cc8b347e9e0', now());
insert into Message(id, createdat, belongstochannel, createdbyuser, discriminator, content) values ('1eed311b-6bd9-4e0d-bfa7-2cc8b347e9e0', now(), 'environmental_Goat5', '1eed311b-6bd9-4e0d-bfa7-2cc8b347e9e0', 'SimpleMessage', 'standard Mushroom and chicken grilled quesadillas');

insert into AppUser(name, lastSeen) values ('e62a3e25-2f2c-4b35-abb2-53b88d67f3f5', now());
insert into Message(id, createdat, belongstochannel, createdbyuser, discriminator, content) values ('e62a3e25-2f2c-4b35-abb2-53b88d67f3f5', now(), 'environmental_Goat5', 'e62a3e25-2f2c-4b35-abb2-53b88d67f3f5', 'SimpleMessage', 'half Lindas chunky garlic mashed potatoes');

insert into AppUser(name, lastSeen) values ('db86ada1-7d9e-4252-a372-ccaed70db512', now());
insert into Message(id, createdat, belongstochannel, createdbyuser, discriminator, content) values ('db86ada1-7d9e-4252-a372-ccaed70db512', now(), 'environmental_Goat5', 'db86ada1-7d9e-4252-a372-ccaed70db512', 'SimpleMessage', 'entire Cornish game hens with peach glaze');

insert into AppUser(name, lastSeen) values ('309f92f6-1d69-4d5a-bf60-76ddd7f73c4f', now());
insert into Message(id, createdat, belongstochannel, createdbyuser, discriminator, content) values ('309f92f6-1d69-4d5a-bf60-76ddd7f73c4f', now(), 'environmental_Goat5', '309f92f6-1d69-4d5a-bf60-76ddd7f73c4f', 'SimpleMessage', 'large Tropical baked chicken');

insert into AppUser(name, lastSeen) values ('29efacb4-222a-41ad-840c-a455c4c72d3c', now());
insert into Message(id, createdat, belongstochannel, createdbyuser, discriminator, content) values ('29efacb4-222a-41ad-840c-a455c4c72d3c', now(), 'environmental_Goat5', '29efacb4-222a-41ad-840c-a455c4c72d3c', 'SimpleMessage', 'far Roasted beet salad with horseradish cream dressing');

insert into AppUser(name, lastSeen) values ('2f233cb5-af85-4e70-bc91-1f70e46b1b55', now());
insert into Message(id, createdat, belongstochannel, createdbyuser, discriminator, content) values ('2f233cb5-af85-4e70-bc91-1f70e46b1b55', now(), 'environmental_Goat5', '2f233cb5-af85-4e70-bc91-1f70e46b1b55', 'SimpleMessage', 'scientific Kittencals chicken cacciatore');

insert into AppUser(name, lastSeen) values ('94167c49-4a3f-4401-83f7-f388991654f0', now());
insert into Message(id, createdat, belongstochannel, createdbyuser, discriminator, content) values ('94167c49-4a3f-4401-83f7-f388991654f0', now(), 'environmental_Goat5', '94167c49-4a3f-4401-83f7-f388991654f0', 'SimpleMessage', 'rough Tortellini bow tie pasta salad');

insert into AppUser(name, lastSeen) values ('312dd4c7-2bcf-4864-918f-73d860eb998e', now());
insert into Message(id, createdat, belongstochannel, createdbyuser, discriminator, content) values ('312dd4c7-2bcf-4864-918f-73d860eb998e', now(), 'environmental_Goat5', '312dd4c7-2bcf-4864-918f-73d860eb998e', 'SimpleMessage', 'sorry Curried pea soup');

insert into AppUser(name, lastSeen) values ('765cd387-250c-4aa1-ac2f-709c7230f5a9', now());
insert into Message(id, createdat, belongstochannel, createdbyuser, discriminator, content) values ('765cd387-250c-4aa1-ac2f-709c7230f5a9', now(), 'environmental_Goat5', '765cd387-250c-4aa1-ac2f-709c7230f5a9', 'SimpleMessage', 'lovely Crunchy rosemary potatoes');

insert into AppUser(name, lastSeen) values ('58164488-0699-4417-8e79-ba724cf4e841', now());
insert into Message(id, createdat, belongstochannel, createdbyuser, discriminator, content) values ('58164488-0699-4417-8e79-ba724cf4e841', now(), 'regional_Sheep6', '58164488-0699-4417-8e79-ba724cf4e841', 'SimpleMessage', 'roman Cookie monster fruit salad');

insert into AppUser(name, lastSeen) values ('1cdb9285-db3f-4972-89e2-31aff44139c2', now());
insert into Message(id, createdat, belongstochannel, createdbyuser, discriminator, content) values ('1cdb9285-db3f-4972-89e2-31aff44139c2', now(), 'regional_Sheep6', '1cdb9285-db3f-4972-89e2-31aff44139c2', 'SimpleMessage', 'safe Spinach with lemon garlic');

insert into AppUser(name, lastSeen) values ('cdce096a-49de-424d-a06a-4072df90fa62', now());
insert into Message(id, createdat, belongstochannel, createdbyuser, discriminator, content) values ('cdce096a-49de-424d-a06a-4072df90fa62', now(), 'regional_Sheep6', 'cdce096a-49de-424d-a06a-4072df90fa62', 'SimpleMessage', 'multiple Roasted cherry or grape tomatoes');

insert into AppUser(name, lastSeen) values ('b91b4cc8-e9e0-43f9-a1a3-88b216ac461f', now());
insert into Message(id, createdat, belongstochannel, createdbyuser, discriminator, content) values ('b91b4cc8-e9e0-43f9-a1a3-88b216ac461f', now(), 'regional_Sheep6', 'b91b4cc8-e9e0-43f9-a1a3-88b216ac461f', 'SimpleMessage', 'lovely Apricot glazed roasted asparagus low fat');

insert into AppUser(name, lastSeen) values ('982032cc-ea0d-4463-8ed2-342ed8c02d6a', now());
insert into Message(id, createdat, belongstochannel, createdbyuser, discriminator, content) values ('982032cc-ea0d-4463-8ed2-342ed8c02d6a', now(), 'regional_Sheep6', '982032cc-ea0d-4463-8ed2-342ed8c02d6a', 'SimpleMessage', 'expensive 15 minute no fry chicken enchiladas honest');

insert into AppUser(name, lastSeen) values ('279d7360-33af-43e0-aee2-d42d77d1fe6e', now());
insert into Message(id, createdat, belongstochannel, createdbyuser, discriminator, content) values ('279d7360-33af-43e0-aee2-d42d77d1fe6e', now(), 'regional_Sheep6', '279d7360-33af-43e0-aee2-d42d77d1fe6e', 'SimpleMessage', 'wooden Wild addicting dip');

insert into AppUser(name, lastSeen) values ('e652f633-9094-487d-909d-f60a7e9e852c', now());
insert into Message(id, createdat, belongstochannel, createdbyuser, discriminator, content) values ('e652f633-9094-487d-909d-f60a7e9e852c', now(), 'regional_Sheep6', 'e652f633-9094-487d-909d-f60a7e9e852c', 'SimpleMessage', 'suitable Garlic prime rib');

insert into AppUser(name, lastSeen) values ('e39b084d-9882-45ab-ab3e-f15d895603c6', now());
insert into Message(id, createdat, belongstochannel, createdbyuser, discriminator, content) values ('e39b084d-9882-45ab-ab3e-f15d895603c6', now(), 'regional_Sheep6', 'e39b084d-9882-45ab-ab3e-f15d895603c6', 'SimpleMessage', 'ancient Uncle bills caesar canadian style');

insert into AppUser(name, lastSeen) values ('5b57b484-2c85-4593-9404-085a7a17b993', now());
insert into Message(id, createdat, belongstochannel, createdbyuser, discriminator, content) values ('5b57b484-2c85-4593-9404-085a7a17b993', now(), 'regional_Sheep6', '5b57b484-2c85-4593-9404-085a7a17b993', 'SimpleMessage', 'domestic Chicken and yoghurt curry');

insert into AppUser(name, lastSeen) values ('702e7dcc-3eed-471c-ad03-c33b3ab53674', now());
insert into Message(id, createdat, belongstochannel, createdbyuser, discriminator, content) values ('702e7dcc-3eed-471c-ad03-c33b3ab53674', now(), 'regional_Sheep6', '702e7dcc-3eed-471c-ad03-c33b3ab53674', 'SimpleMessage', 'southern Spicy catfish tenders with cajun tartar sauce');

insert into AppUser(name, lastSeen) values ('71c2f539-4a99-45b8-b6db-99a17799c1c5', now());
insert into Message(id, createdat, belongstochannel, createdbyuser, discriminator, content) values ('71c2f539-4a99-45b8-b6db-99a17799c1c5', now(), 'deep_Horse7', '71c2f539-4a99-45b8-b6db-99a17799c1c5', 'SimpleMessage', 'open De constructed chicken cordon bleu');

insert into AppUser(name, lastSeen) values ('94d1591b-79b1-4f77-8d42-cdd4228d896e', now());
insert into Message(id, createdat, belongstochannel, createdbyuser, discriminator, content) values ('94d1591b-79b1-4f77-8d42-cdd4228d896e', now(), 'deep_Horse7', '94d1591b-79b1-4f77-8d42-cdd4228d896e', 'SimpleMessage', 'clean Curried pea soup');

insert into AppUser(name, lastSeen) values ('743bdbcf-7ab1-4b9c-884d-eb2414a95c9d', now());
insert into Message(id, createdat, belongstochannel, createdbyuser, discriminator, content) values ('743bdbcf-7ab1-4b9c-884d-eb2414a95c9d', now(), 'deep_Horse7', '743bdbcf-7ab1-4b9c-884d-eb2414a95c9d', 'SimpleMessage', 'weak Chocolate angel food cake');

insert into AppUser(name, lastSeen) values ('4a17f3fe-3567-4ad0-bdd8-a9383f41694b', now());
insert into Message(id, createdat, belongstochannel, createdbyuser, discriminator, content) values ('4a17f3fe-3567-4ad0-bdd8-a9383f41694b', now(), 'deep_Horse7', '4a17f3fe-3567-4ad0-bdd8-a9383f41694b', 'SimpleMessage', 'permanent Sweet onion and mashed potato bake');

insert into AppUser(name, lastSeen) values ('7e86f259-9d18-4d98-b203-9fe99d9f2c45', now());
insert into Message(id, createdat, belongstochannel, createdbyuser, discriminator, content) values ('7e86f259-9d18-4d98-b203-9fe99d9f2c45', now(), 'deep_Horse7', '7e86f259-9d18-4d98-b203-9fe99d9f2c45', 'SimpleMessage', 'evident Julies alabama white sauce');

insert into AppUser(name, lastSeen) values ('e41f75e1-a441-473f-b216-5bb11ff6a77b', now());
insert into Message(id, createdat, belongstochannel, createdbyuser, discriminator, content) values ('e41f75e1-a441-473f-b216-5bb11ff6a77b', now(), 'deep_Horse7', 'e41f75e1-a441-473f-b216-5bb11ff6a77b', 'SimpleMessage', 'normal Maple coffee');

insert into AppUser(name, lastSeen) values ('728fbdf9-4414-41c3-9fc3-58b655f9fd18', now());
insert into Message(id, createdat, belongstochannel, createdbyuser, discriminator, content) values ('728fbdf9-4414-41c3-9fc3-58b655f9fd18', now(), 'deep_Horse7', '728fbdf9-4414-41c3-9fc3-58b655f9fd18', 'SimpleMessage', 'pleasant Pan broiled steak with whiskey sauce');

insert into AppUser(name, lastSeen) values ('c168f2b4-e4d3-4a4c-ba62-0e3032b6653c', now());
insert into Message(id, createdat, belongstochannel, createdbyuser, discriminator, content) values ('c168f2b4-e4d3-4a4c-ba62-0e3032b6653c', now(), 'deep_Horse7', 'c168f2b4-e4d3-4a4c-ba62-0e3032b6653c', 'SimpleMessage', 'visual Agua de valencia knock your socks off spanish cava punch');

insert into AppUser(name, lastSeen) values ('ba5f3ffd-9d1a-4fa9-b4cd-e64e1907d51f', now());
insert into Message(id, createdat, belongstochannel, createdbyuser, discriminator, content) values ('ba5f3ffd-9d1a-4fa9-b4cd-e64e1907d51f', now(), 'deep_Horse7', 'ba5f3ffd-9d1a-4fa9-b4cd-e64e1907d51f', 'SimpleMessage', 'extreme Kittencals really great old fashioned lemonade');

insert into AppUser(name, lastSeen) values ('5da96078-c98c-4862-b6f6-9b19b59b362f', now());
insert into Message(id, createdat, belongstochannel, createdbyuser, discriminator, content) values ('5da96078-c98c-4862-b6f6-9b19b59b362f', now(), 'deep_Horse7', '5da96078-c98c-4862-b6f6-9b19b59b362f', 'SimpleMessage', 'confident German style eiskaffee iced coffee drink');

insert into AppUser(name, lastSeen) values ('ac7aefb3-da00-4416-89e7-6b415c982d50', now());
insert into Message(id, createdat, belongstochannel, createdbyuser, discriminator, content) values ('ac7aefb3-da00-4416-89e7-6b415c982d50', now(), 'internal_Donkey8', 'ac7aefb3-da00-4416-89e7-6b415c982d50', 'SimpleMessage', 'capable Feta marinated');

insert into AppUser(name, lastSeen) values ('041f0fee-35c9-4328-b734-6c4717347d0e', now());
insert into Message(id, createdat, belongstochannel, createdbyuser, discriminator, content) values ('041f0fee-35c9-4328-b734-6c4717347d0e', now(), 'internal_Donkey8', '041f0fee-35c9-4328-b734-6c4717347d0e', 'SimpleMessage', 'formal Spanish shrimp');

insert into AppUser(name, lastSeen) values ('075a5f45-165a-41ad-9671-7af172c30cae', now());
insert into Message(id, createdat, belongstochannel, createdbyuser, discriminator, content) values ('075a5f45-165a-41ad-9671-7af172c30cae', now(), 'internal_Donkey8', '075a5f45-165a-41ad-9671-7af172c30cae', 'SimpleMessage', 'serious Kittencals really great old fashioned lemonade');

insert into AppUser(name, lastSeen) values ('dc06c0ae-3552-4d1b-92d7-f81b6c68737f', now());
insert into Message(id, createdat, belongstochannel, createdbyuser, discriminator, content) values ('dc06c0ae-3552-4d1b-92d7-f81b6c68737f', now(), 'internal_Donkey8', 'dc06c0ae-3552-4d1b-92d7-f81b6c68737f', 'SimpleMessage', 'frequent The realtors cream cheese corn');

insert into AppUser(name, lastSeen) values ('528a2c0a-6011-4d43-980f-e7580bf28eeb', now());
insert into Message(id, createdat, belongstochannel, createdbyuser, discriminator, content) values ('528a2c0a-6011-4d43-980f-e7580bf28eeb', now(), 'internal_Donkey8', '528a2c0a-6011-4d43-980f-e7580bf28eeb', 'SimpleMessage', 'overseas Bbq salmon filet');

insert into AppUser(name, lastSeen) values ('7ad5bd0a-503e-46e7-ae5e-fa794ef2e1f4', now());
insert into Message(id, createdat, belongstochannel, createdbyuser, discriminator, content) values ('7ad5bd0a-503e-46e7-ae5e-fa794ef2e1f4', now(), 'internal_Donkey8', '7ad5bd0a-503e-46e7-ae5e-fa794ef2e1f4', 'SimpleMessage', 'long Sweet onion and mashed potato bake');

insert into AppUser(name, lastSeen) values ('72b23be0-6f6b-4c9b-82f0-0f127c6155ce', now());
insert into Message(id, createdat, belongstochannel, createdbyuser, discriminator, content) values ('72b23be0-6f6b-4c9b-82f0-0f127c6155ce', now(), 'internal_Donkey8', '72b23be0-6f6b-4c9b-82f0-0f127c6155ce', 'SimpleMessage', 'brief Kittencals pan fried asparagus');

insert into AppUser(name, lastSeen) values ('db71fb11-4bba-4f3b-8e6c-28a72c0fff3c', now());
insert into Message(id, createdat, belongstochannel, createdbyuser, discriminator, content) values ('db71fb11-4bba-4f3b-8e6c-28a72c0fff3c', now(), 'internal_Donkey8', 'db71fb11-4bba-4f3b-8e6c-28a72c0fff3c', 'SimpleMessage', 'happy Caribbean sunset');

insert into AppUser(name, lastSeen) values ('9d9cf4b0-8c0c-447b-a8b1-ccfeaaf60c69', now());
insert into Message(id, createdat, belongstochannel, createdbyuser, discriminator, content) values ('9d9cf4b0-8c0c-447b-a8b1-ccfeaaf60c69', now(), 'internal_Donkey8', '9d9cf4b0-8c0c-447b-a8b1-ccfeaaf60c69', 'SimpleMessage', 'bloody Sweet and sour pork balls');

insert into AppUser(name, lastSeen) values ('968cb7a6-de71-44c3-a2a7-07f1a224a5f0', now());
insert into Message(id, createdat, belongstochannel, createdbyuser, discriminator, content) values ('968cb7a6-de71-44c3-a2a7-07f1a224a5f0', now(), 'internal_Donkey8', '968cb7a6-de71-44c3-a2a7-07f1a224a5f0', 'SimpleMessage', 'dangerous Guacamole stuffed deviled eggs');

insert into AppUser(name, lastSeen) values ('0227f564-29ca-495c-b2f7-2464250a3d70', now());
insert into Message(id, createdat, belongstochannel, createdbyuser, discriminator, content) values ('0227f564-29ca-495c-b2f7-2464250a3d70', now(), 'familiar_Pig9', '0227f564-29ca-495c-b2f7-2464250a3d70', 'SimpleMessage', 'likely Kittencals extra crispy fried chicken breast');

insert into AppUser(name, lastSeen) values ('168a09b5-7897-4ee5-bf84-a98d73685f7f', now());
insert into Message(id, createdat, belongstochannel, createdbyuser, discriminator, content) values ('168a09b5-7897-4ee5-bf84-a98d73685f7f', now(), 'familiar_Pig9', '168a09b5-7897-4ee5-bf84-a98d73685f7f', 'SimpleMessage', 'supreme Just peachy grillin ribs rsc');

insert into AppUser(name, lastSeen) values ('d1fc1524-c2e0-4419-8a4e-5de986750d8b', now());
insert into Message(id, createdat, belongstochannel, createdbyuser, discriminator, content) values ('d1fc1524-c2e0-4419-8a4e-5de986750d8b', now(), 'familiar_Pig9', 'd1fc1524-c2e0-4419-8a4e-5de986750d8b', 'SimpleMessage', 'sweet Hoisin marinated wing pieces');

insert into AppUser(name, lastSeen) values ('0ddf4a24-affe-4b6c-98d6-5acfd64d4ff6', now());
insert into Message(id, createdat, belongstochannel, createdbyuser, discriminator, content) values ('0ddf4a24-affe-4b6c-98d6-5acfd64d4ff6', now(), 'familiar_Pig9', '0ddf4a24-affe-4b6c-98d6-5acfd64d4ff6', 'SimpleMessage', 'potential Awesome twice baked potatoes');

insert into AppUser(name, lastSeen) values ('4673c71f-bfe7-4b27-b160-0f27126a96e7', now());
insert into Message(id, createdat, belongstochannel, createdbyuser, discriminator, content) values ('4673c71f-bfe7-4b27-b160-0f27126a96e7', now(), 'familiar_Pig9', '4673c71f-bfe7-4b27-b160-0f27126a96e7', 'SimpleMessage', 'southern Sweet and sour kielbasa kabobs');

insert into AppUser(name, lastSeen) values ('89620f9c-e7de-47d1-9369-954959af4e50', now());
insert into Message(id, createdat, belongstochannel, createdbyuser, discriminator, content) values ('89620f9c-e7de-47d1-9369-954959af4e50', now(), 'familiar_Pig9', '89620f9c-e7de-47d1-9369-954959af4e50', 'SimpleMessage', 'sensitive Celery and blue cheese salad');

insert into AppUser(name, lastSeen) values ('25c9be8c-9ebf-430c-9a0c-5464e98c5f99', now());
insert into Message(id, createdat, belongstochannel, createdbyuser, discriminator, content) values ('25c9be8c-9ebf-430c-9a0c-5464e98c5f99', now(), 'familiar_Pig9', '25c9be8c-9ebf-430c-9a0c-5464e98c5f99', 'SimpleMessage', 'inevitable Mashed potatoes with bacon and cheddar');

insert into AppUser(name, lastSeen) values ('4f66109c-8b1e-406e-95d2-beb51b6f90bf', now());
insert into Message(id, createdat, belongstochannel, createdbyuser, discriminator, content) values ('4f66109c-8b1e-406e-95d2-beb51b6f90bf', now(), 'familiar_Pig9', '4f66109c-8b1e-406e-95d2-beb51b6f90bf', 'SimpleMessage', 'dependent Death by chocolate cake');

insert into AppUser(name, lastSeen) values ('b292b97d-7902-4336-846b-6904c2721f33', now());
insert into Message(id, createdat, belongstochannel, createdbyuser, discriminator, content) values ('b292b97d-7902-4336-846b-6904c2721f33', now(), 'familiar_Pig9', 'b292b97d-7902-4336-846b-6904c2721f33', 'SimpleMessage', 'slow Spiced poached pears');

insert into AppUser(name, lastSeen) values ('46e04182-8612-47ff-93ba-ba4b5c6cf848', now());
insert into Message(id, createdat, belongstochannel, createdbyuser, discriminator, content) values ('46e04182-8612-47ff-93ba-ba4b5c6cf848', now(), 'familiar_Pig9', '46e04182-8612-47ff-93ba-ba4b5c6cf848', 'SimpleMessage', 'universal Sausage mushroom appetizers');

insert into AppUser(name, lastSeen) values ('37a8afae-2dfb-4338-b5ba-f5d72418fffa', now());
insert into Message(id, createdat, belongstochannel, createdbyuser, discriminator, content) values ('37a8afae-2dfb-4338-b5ba-f5d72418fffa', now(), 'modest_Duck0', '37a8afae-2dfb-4338-b5ba-f5d72418fffa', 'SimpleMessage', 'pure Lemon cajun stir fry');

insert into AppUser(name, lastSeen) values ('1fa94746-043b-42b4-9329-a1bfcf37e900', now());
insert into Message(id, createdat, belongstochannel, createdbyuser, discriminator, content) values ('1fa94746-043b-42b4-9329-a1bfcf37e900', now(), 'modest_Duck0', '1fa94746-043b-42b4-9329-a1bfcf37e900', 'SimpleMessage', 'physical Authentic pork lo mein chinese');

insert into AppUser(name, lastSeen) values ('ad507a93-adf0-4f73-b873-3492cf530c08', now());
insert into Message(id, createdat, belongstochannel, createdbyuser, discriminator, content) values ('ad507a93-adf0-4f73-b873-3492cf530c08', now(), 'modest_Duck0', 'ad507a93-adf0-4f73-b873-3492cf530c08', 'SimpleMessage', 'strategic Creamy beet salad');

insert into AppUser(name, lastSeen) values ('dc993f0c-6101-45df-a9d1-dd7915158d43', now());
insert into Message(id, createdat, belongstochannel, createdbyuser, discriminator, content) values ('dc993f0c-6101-45df-a9d1-dd7915158d43', now(), 'modest_Duck0', 'dc993f0c-6101-45df-a9d1-dd7915158d43', 'SimpleMessage', 'recent Risotto with pesto and mascarpone');

insert into AppUser(name, lastSeen) values ('271f3f80-d47f-4d13-9d45-dd2004997c01', now());
insert into Message(id, createdat, belongstochannel, createdbyuser, discriminator, content) values ('271f3f80-d47f-4d13-9d45-dd2004997c01', now(), 'modest_Duck0', '271f3f80-d47f-4d13-9d45-dd2004997c01', 'SimpleMessage', 'administrative No bake hersheys bar pie');

insert into AppUser(name, lastSeen) values ('12666c7a-9e30-4352-b544-a70c9467c13e', now());
insert into Message(id, createdat, belongstochannel, createdbyuser, discriminator, content) values ('12666c7a-9e30-4352-b544-a70c9467c13e', now(), 'modest_Duck0', '12666c7a-9e30-4352-b544-a70c9467c13e', 'SimpleMessage', 'distinctive Rachael rays mimosa');

insert into AppUser(name, lastSeen) values ('ddd16cbe-dd30-4196-93da-91f2d6e6eb35', now());
insert into Message(id, createdat, belongstochannel, createdbyuser, discriminator, content) values ('ddd16cbe-dd30-4196-93da-91f2d6e6eb35', now(), 'modest_Duck0', 'ddd16cbe-dd30-4196-93da-91f2d6e6eb35', 'SimpleMessage', 'public Fried almonds');

insert into AppUser(name, lastSeen) values ('a46b9d5a-ef27-4b49-a704-7761225c18c9', now());
insert into Message(id, createdat, belongstochannel, createdbyuser, discriminator, content) values ('a46b9d5a-ef27-4b49-a704-7761225c18c9', now(), 'modest_Duck0', 'a46b9d5a-ef27-4b49-a704-7761225c18c9', 'SimpleMessage', 'royal Orange glazed pork chops');

insert into AppUser(name, lastSeen) values ('37f11bd2-1615-4182-86a1-3c88d6e2151b', now());
insert into Message(id, createdat, belongstochannel, createdbyuser, discriminator, content) values ('37f11bd2-1615-4182-86a1-3c88d6e2151b', now(), 'modest_Duck0', '37f11bd2-1615-4182-86a1-3c88d6e2151b', 'SimpleMessage', 'marginal Baby greens with pears gorgonzola and pecans');

insert into AppUser(name, lastSeen) values ('d675afd7-27cc-49bb-91a6-13e5e96c4b9e', now());
insert into Message(id, createdat, belongstochannel, createdbyuser, discriminator, content) values ('d675afd7-27cc-49bb-91a6-13e5e96c4b9e', now(), 'modest_Duck0', 'd675afd7-27cc-49bb-91a6-13e5e96c4b9e', 'SimpleMessage', 'flexible Sweet and sour kielbasa kabobs');

insert into AppUser(name, lastSeen) values ('de5177c8-9931-4534-8943-86d7153eab8c', now());
insert into Message(id, createdat, belongstochannel, createdbyuser, discriminator, content) values ('de5177c8-9931-4534-8943-86d7153eab8c', now(), 'latter_Sheep1', 'de5177c8-9931-4534-8943-86d7153eab8c', 'SimpleMessage', 'only Butterflied leg of lamb with lots of garlic and rosemary');

insert into AppUser(name, lastSeen) values ('f5bf22c8-3c69-431c-ab0f-417c52f9884e', now());
insert into Message(id, createdat, belongstochannel, createdbyuser, discriminator, content) values ('f5bf22c8-3c69-431c-ab0f-417c52f9884e', now(), 'latter_Sheep1', 'f5bf22c8-3c69-431c-ab0f-417c52f9884e', 'SimpleMessage', 'firm Heavenly lemon bread pudding');

insert into AppUser(name, lastSeen) values ('ecbe1b84-4e92-4953-8670-6a951046544c', now());
insert into Message(id, createdat, belongstochannel, createdbyuser, discriminator, content) values ('ecbe1b84-4e92-4953-8670-6a951046544c', now(), 'latter_Sheep1', 'ecbe1b84-4e92-4953-8670-6a951046544c', 'SimpleMessage', 'initial Spicy catfish tenders with cajun tartar sauce');

insert into AppUser(name, lastSeen) values ('78ca0fab-42fb-424e-8301-7d325b930a0a', now());
insert into Message(id, createdat, belongstochannel, createdbyuser, discriminator, content) values ('78ca0fab-42fb-424e-8301-7d325b930a0a', now(), 'latter_Sheep1', '78ca0fab-42fb-424e-8301-7d325b930a0a', 'SimpleMessage', 'recent Mamas fruit cobbler');

insert into AppUser(name, lastSeen) values ('85307166-129f-4f45-8fa3-77cef9fcbc1e', now());
insert into Message(id, createdat, belongstochannel, createdbyuser, discriminator, content) values ('85307166-129f-4f45-8fa3-77cef9fcbc1e', now(), 'latter_Sheep1', '85307166-129f-4f45-8fa3-77cef9fcbc1e', 'SimpleMessage', 'temporary Chocolate almond roca bar');

insert into AppUser(name, lastSeen) values ('d768f9da-ebb5-4c28-9b0c-f58edec061d5', now());
insert into Message(id, createdat, belongstochannel, createdbyuser, discriminator, content) values ('d768f9da-ebb5-4c28-9b0c-f58edec061d5', now(), 'latter_Sheep1', 'd768f9da-ebb5-4c28-9b0c-f58edec061d5', 'SimpleMessage', 'hard Celery and blue cheese salad');

insert into AppUser(name, lastSeen) values ('a44c8039-ae19-4ffa-bed5-e5671f1483df', now());
insert into Message(id, createdat, belongstochannel, createdbyuser, discriminator, content) values ('a44c8039-ae19-4ffa-bed5-e5671f1483df', now(), 'latter_Sheep1', 'a44c8039-ae19-4ffa-bed5-e5671f1483df', 'SimpleMessage', 'separate Authentic pork lo mein chinese');

insert into AppUser(name, lastSeen) values ('b1c41448-08e7-4575-baca-8696018cbcdf', now());
insert into Message(id, createdat, belongstochannel, createdbyuser, discriminator, content) values ('b1c41448-08e7-4575-baca-8696018cbcdf', now(), 'latter_Sheep1', 'b1c41448-08e7-4575-baca-8696018cbcdf', 'SimpleMessage', 'electrical Kittencals banana almond muffins with almond streusel');

insert into AppUser(name, lastSeen) values ('04ecdd77-9dbb-43e4-9fa2-1de08d18c08b', now());
insert into Message(id, createdat, belongstochannel, createdbyuser, discriminator, content) values ('04ecdd77-9dbb-43e4-9fa2-1de08d18c08b', now(), 'latter_Sheep1', '04ecdd77-9dbb-43e4-9fa2-1de08d18c08b', 'SimpleMessage', 'internal Lindas special potato salad');

insert into AppUser(name, lastSeen) values ('790c8a6a-c630-45c0-8c8a-76cf9b92f724', now());
insert into Message(id, createdat, belongstochannel, createdbyuser, discriminator, content) values ('790c8a6a-c630-45c0-8c8a-76cf9b92f724', now(), 'latter_Sheep1', '790c8a6a-c630-45c0-8c8a-76cf9b92f724', 'SimpleMessage', 'contemporary Portuguese tomato rice');

insert into AppUser(name, lastSeen) values ('6bd38df1-daf7-4205-bf50-e0cf73ff1f9c', now());
insert into Message(id, createdat, belongstochannel, createdbyuser, discriminator, content) values ('6bd38df1-daf7-4205-bf50-e0cf73ff1f9c', now(), 'widespread_Donkey2', '6bd38df1-daf7-4205-bf50-e0cf73ff1f9c', 'SimpleMessage', 'daily Hummus with pine nuts turkish style');

insert into AppUser(name, lastSeen) values ('a22e4c5f-7765-4745-b4d7-3ae3de1d432a', now());
insert into Message(id, createdat, belongstochannel, createdbyuser, discriminator, content) values ('a22e4c5f-7765-4745-b4d7-3ae3de1d432a', now(), 'widespread_Donkey2', 'a22e4c5f-7765-4745-b4d7-3ae3de1d432a', 'SimpleMessage', 'only Fresh tomato and cucumber salad');

insert into AppUser(name, lastSeen) values ('8bff536c-58d3-4792-ac1f-5d4e81129f73', now());
insert into Message(id, createdat, belongstochannel, createdbyuser, discriminator, content) values ('8bff536c-58d3-4792-ac1f-5d4e81129f73', now(), 'widespread_Donkey2', '8bff536c-58d3-4792-ac1f-5d4e81129f73', 'SimpleMessage', 'broad Islands bananas foster');

insert into AppUser(name, lastSeen) values ('0bd3ce1d-56a5-46d8-97cd-b0609a20ed71', now());
insert into Message(id, createdat, belongstochannel, createdbyuser, discriminator, content) values ('0bd3ce1d-56a5-46d8-97cd-b0609a20ed71', now(), 'widespread_Donkey2', '0bd3ce1d-56a5-46d8-97cd-b0609a20ed71', 'SimpleMessage', 'impossible Red potato and green bean saute');

insert into AppUser(name, lastSeen) values ('a979d58c-298c-434c-9ca7-963057112213', now());
insert into Message(id, createdat, belongstochannel, createdbyuser, discriminator, content) values ('a979d58c-298c-434c-9ca7-963057112213', now(), 'widespread_Donkey2', 'a979d58c-298c-434c-9ca7-963057112213', 'SimpleMessage', 'sudden Roasted cherry or grape tomatoes');

insert into AppUser(name, lastSeen) values ('f6fde3ea-4fd3-4239-8bfc-37c2529dfdc2', now());
insert into Message(id, createdat, belongstochannel, createdbyuser, discriminator, content) values ('f6fde3ea-4fd3-4239-8bfc-37c2529dfdc2', now(), 'widespread_Donkey2', 'f6fde3ea-4fd3-4239-8bfc-37c2529dfdc2', 'SimpleMessage', 'close Heavenly lemon bread pudding');

insert into AppUser(name, lastSeen) values ('196d51e3-72d4-4378-8502-4a5f29c3bbfc', now());
insert into Message(id, createdat, belongstochannel, createdbyuser, discriminator, content) values ('196d51e3-72d4-4378-8502-4a5f29c3bbfc', now(), 'widespread_Donkey2', '196d51e3-72d4-4378-8502-4a5f29c3bbfc', 'SimpleMessage', 'direct Asparagus with lemon butter crumbs');

insert into AppUser(name, lastSeen) values ('8c495a60-88a5-417e-a737-1429d4b12c89', now());
insert into Message(id, createdat, belongstochannel, createdbyuser, discriminator, content) values ('8c495a60-88a5-417e-a737-1429d4b12c89', now(), 'widespread_Donkey2', '8c495a60-88a5-417e-a737-1429d4b12c89', 'SimpleMessage', 'annual Your basic tossed salad');

insert into AppUser(name, lastSeen) values ('7db5e541-eeb8-4a59-9943-1f8fd8a4ff21', now());
insert into Message(id, createdat, belongstochannel, createdbyuser, discriminator, content) values ('7db5e541-eeb8-4a59-9943-1f8fd8a4ff21', now(), 'widespread_Donkey2', '7db5e541-eeb8-4a59-9943-1f8fd8a4ff21', 'SimpleMessage', 'musical Sweet onion and mashed potato bake');

insert into AppUser(name, lastSeen) values ('f7b8929a-4b31-41ee-9304-fbd55899057a', now());
insert into Message(id, createdat, belongstochannel, createdbyuser, discriminator, content) values ('f7b8929a-4b31-41ee-9304-fbd55899057a', now(), 'widespread_Donkey2', 'f7b8929a-4b31-41ee-9304-fbd55899057a', 'SimpleMessage', 'happy Jamaican pork tenderloin');

insert into AppUser(name, lastSeen) values ('f70a7d67-791f-4ba2-b12c-49f8499d47e1', now());
insert into Message(id, createdat, belongstochannel, createdbyuser, discriminator, content) values ('f70a7d67-791f-4ba2-b12c-49f8499d47e1', now(), 'significant_Sheep3', 'f70a7d67-791f-4ba2-b12c-49f8499d47e1', 'SimpleMessage', 'commercial Kittencals crock pot french dip roast');

insert into AppUser(name, lastSeen) values ('c15de7eb-a738-4079-ba08-b48a07bd4b81', now());
insert into Message(id, createdat, belongstochannel, createdbyuser, discriminator, content) values ('c15de7eb-a738-4079-ba08-b48a07bd4b81', now(), 'significant_Sheep3', 'c15de7eb-a738-4079-ba08-b48a07bd4b81', 'SimpleMessage', 'important Cracker barrel baby carrots');

insert into AppUser(name, lastSeen) values ('92852b0d-e967-40d4-8a0b-388b33cd8883', now());
insert into Message(id, createdat, belongstochannel, createdbyuser, discriminator, content) values ('92852b0d-e967-40d4-8a0b-388b33cd8883', now(), 'significant_Sheep3', '92852b0d-e967-40d4-8a0b-388b33cd8883', 'SimpleMessage', 'pink Buttermilk mashed potatoes with country mustard');

insert into AppUser(name, lastSeen) values ('72fc8822-17c1-4bab-af29-8fca1e0c0981', now());
insert into Message(id, createdat, belongstochannel, createdbyuser, discriminator, content) values ('72fc8822-17c1-4bab-af29-8fca1e0c0981', now(), 'significant_Sheep3', '72fc8822-17c1-4bab-af29-8fca1e0c0981', 'SimpleMessage', 'wet Chocolate covered dipped strawberries');

insert into AppUser(name, lastSeen) values ('9ef78ccf-4981-4e93-afd0-09687b457190', now());
insert into Message(id, createdat, belongstochannel, createdbyuser, discriminator, content) values ('9ef78ccf-4981-4e93-afd0-09687b457190', now(), 'significant_Sheep3', '9ef78ccf-4981-4e93-afd0-09687b457190', 'SimpleMessage', 'above Creamy lemon tarts');

insert into AppUser(name, lastSeen) values ('0a95215f-b5a8-4ede-8c08-b35d20089861', now());
insert into Message(id, createdat, belongstochannel, createdbyuser, discriminator, content) values ('0a95215f-b5a8-4ede-8c08-b35d20089861', now(), 'significant_Sheep3', '0a95215f-b5a8-4ede-8c08-b35d20089861', 'SimpleMessage', 'external Chocolate chip bundt cake with chocolate glaze');

insert into AppUser(name, lastSeen) values ('6725d388-6f40-4038-8c92-624e63475ea0', now());
insert into Message(id, createdat, belongstochannel, createdbyuser, discriminator, content) values ('6725d388-6f40-4038-8c92-624e63475ea0', now(), 'significant_Sheep3', '6725d388-6f40-4038-8c92-624e63475ea0', 'SimpleMessage', 'religious Fresh orange slices with honey and cinnamon');

insert into AppUser(name, lastSeen) values ('6e4b1ca3-3b87-4d2f-a58e-d902495d3de6', now());
insert into Message(id, createdat, belongstochannel, createdbyuser, discriminator, content) values ('6e4b1ca3-3b87-4d2f-a58e-d902495d3de6', now(), 'significant_Sheep3', '6e4b1ca3-3b87-4d2f-a58e-d902495d3de6', 'SimpleMessage', 'fifth Lubys cafeteria butternut brownie pie');

insert into AppUser(name, lastSeen) values ('3f11b283-6d2d-4082-b39c-f9dae9f0dc0c', now());
insert into Message(id, createdat, belongstochannel, createdbyuser, discriminator, content) values ('3f11b283-6d2d-4082-b39c-f9dae9f0dc0c', now(), 'significant_Sheep3', '3f11b283-6d2d-4082-b39c-f9dae9f0dc0c', 'SimpleMessage', 'front Cream cheese potato soup');

insert into AppUser(name, lastSeen) values ('cdb86b7a-c791-4f0b-9365-44a7977ee8ab', now());
insert into Message(id, createdat, belongstochannel, createdbyuser, discriminator, content) values ('cdb86b7a-c791-4f0b-9365-44a7977ee8ab', now(), 'significant_Sheep3', 'cdb86b7a-c791-4f0b-9365-44a7977ee8ab', 'SimpleMessage', 'grand T g i fridays mudslide');

insert into AppUser(name, lastSeen) values ('664e271e-1243-4c21-bd9f-b1af50b1ff25', now());
insert into Message(id, createdat, belongstochannel, createdbyuser, discriminator, content) values ('664e271e-1243-4c21-bd9f-b1af50b1ff25', now(), 'mutual_Goose4', '664e271e-1243-4c21-bd9f-b1af50b1ff25', 'SimpleMessage', 'local Sriracha honey roasted broccoli');

insert into AppUser(name, lastSeen) values ('c303a572-a935-44df-9a70-f88a2dd223e2', now());
insert into Message(id, createdat, belongstochannel, createdbyuser, discriminator, content) values ('c303a572-a935-44df-9a70-f88a2dd223e2', now(), 'mutual_Goose4', 'c303a572-a935-44df-9a70-f88a2dd223e2', 'SimpleMessage', 'complex Strawberry pavlova');

insert into AppUser(name, lastSeen) values ('85856639-c369-4956-abde-26174eb76073', now());
insert into Message(id, createdat, belongstochannel, createdbyuser, discriminator, content) values ('85856639-c369-4956-abde-26174eb76073', now(), 'mutual_Goose4', '85856639-c369-4956-abde-26174eb76073', 'SimpleMessage', 'liable Calico peas');

insert into AppUser(name, lastSeen) values ('79633d85-2060-4d2c-a93e-682e1226543c', now());
insert into Message(id, createdat, belongstochannel, createdbyuser, discriminator, content) values ('79633d85-2060-4d2c-a93e-682e1226543c', now(), 'mutual_Goose4', '79633d85-2060-4d2c-a93e-682e1226543c', 'SimpleMessage', 'stable Scallop saute');

insert into AppUser(name, lastSeen) values ('76b1438b-12b3-432c-9117-05a26410feac', now());
insert into Message(id, createdat, belongstochannel, createdbyuser, discriminator, content) values ('76b1438b-12b3-432c-9117-05a26410feac', now(), 'mutual_Goose4', '76b1438b-12b3-432c-9117-05a26410feac', 'SimpleMessage', 'fundamental The realtors cream cheese corn');

insert into AppUser(name, lastSeen) values ('f942be2f-c87d-49d9-93b0-84db9c663f1f', now());
insert into Message(id, createdat, belongstochannel, createdbyuser, discriminator, content) values ('f942be2f-c87d-49d9-93b0-84db9c663f1f', now(), 'mutual_Goose4', 'f942be2f-c87d-49d9-93b0-84db9c663f1f', 'SimpleMessage', 'expensive Pearls sesame noodles');

insert into AppUser(name, lastSeen) values ('786bc8a5-4d2f-47b6-87ee-11b14d25dfbd', now());
insert into Message(id, createdat, belongstochannel, createdbyuser, discriminator, content) values ('786bc8a5-4d2f-47b6-87ee-11b14d25dfbd', now(), 'mutual_Goose4', '786bc8a5-4d2f-47b6-87ee-11b14d25dfbd', 'SimpleMessage', 'beautiful Spinach salad with feta cheese');

insert into AppUser(name, lastSeen) values ('53034a3a-9480-47e1-9aaf-20776b7a395e', now());
insert into Message(id, createdat, belongstochannel, createdbyuser, discriminator, content) values ('53034a3a-9480-47e1-9aaf-20776b7a395e', now(), 'mutual_Goose4', '53034a3a-9480-47e1-9aaf-20776b7a395e', 'SimpleMessage', 'precise Feta marinated');

insert into AppUser(name, lastSeen) values ('9bf16790-ae2c-41e4-b263-415b6c9af3d9', now());
insert into Message(id, createdat, belongstochannel, createdbyuser, discriminator, content) values ('9bf16790-ae2c-41e4-b263-415b6c9af3d9', now(), 'mutual_Goose4', '9bf16790-ae2c-41e4-b263-415b6c9af3d9', 'SimpleMessage', 'equivalent German style eiskaffee iced coffee drink');

insert into AppUser(name, lastSeen) values ('ee50af22-25c6-44c2-8668-db1cdc7a9fbb', now());
insert into Message(id, createdat, belongstochannel, createdbyuser, discriminator, content) values ('ee50af22-25c6-44c2-8668-db1cdc7a9fbb', now(), 'mutual_Goose4', 'ee50af22-25c6-44c2-8668-db1cdc7a9fbb', 'SimpleMessage', 'equal Grilled pork chops with lime cilantro garlic');

insert into AppUser(name, lastSeen) values ('12da60b3-ccdd-4c38-bdc4-3540e3508f54', now());
insert into Message(id, createdat, belongstochannel, createdbyuser, discriminator, content) values ('12da60b3-ccdd-4c38-bdc4-3540e3508f54', now(), 'communist_Goose5', '12da60b3-ccdd-4c38-bdc4-3540e3508f54', 'SimpleMessage', 'double Julies alabama white sauce');

insert into AppUser(name, lastSeen) values ('bcf6472d-1ee2-4b52-9d8a-a541c4a80b5d', now());
insert into Message(id, createdat, belongstochannel, createdbyuser, discriminator, content) values ('bcf6472d-1ee2-4b52-9d8a-a541c4a80b5d', now(), 'communist_Goose5', 'bcf6472d-1ee2-4b52-9d8a-a541c4a80b5d', 'SimpleMessage', 'overseas Cafe mocha latte');

insert into AppUser(name, lastSeen) values ('e91ca1be-d26c-4f3e-8e24-c05d8e34e335', now());
insert into Message(id, createdat, belongstochannel, createdbyuser, discriminator, content) values ('e91ca1be-d26c-4f3e-8e24-c05d8e34e335', now(), 'communist_Goose5', 'e91ca1be-d26c-4f3e-8e24-c05d8e34e335', 'SimpleMessage', 'opposite 15 minute no fry chicken enchiladas honest');

insert into AppUser(name, lastSeen) values ('6de16ec5-b328-4db7-9d32-1f9504ae0104', now());
insert into Message(id, createdat, belongstochannel, createdbyuser, discriminator, content) values ('6de16ec5-b328-4db7-9d32-1f9504ae0104', now(), 'communist_Goose5', '6de16ec5-b328-4db7-9d32-1f9504ae0104', 'SimpleMessage', 'occasional Butterflied leg of lamb with lots of garlic and rosemary');

insert into AppUser(name, lastSeen) values ('291178c3-a676-44d9-a1b6-746380ef9eb1', now());
insert into Message(id, createdat, belongstochannel, createdbyuser, discriminator, content) values ('291178c3-a676-44d9-a1b6-746380ef9eb1', now(), 'communist_Goose5', '291178c3-a676-44d9-a1b6-746380ef9eb1', 'SimpleMessage', 'funny Tortellini bow tie pasta salad');

insert into AppUser(name, lastSeen) values ('0da49b52-82ab-4552-bf6d-9bf4ab57376b', now());
insert into Message(id, createdat, belongstochannel, createdbyuser, discriminator, content) values ('0da49b52-82ab-4552-bf6d-9bf4ab57376b', now(), 'communist_Goose5', '0da49b52-82ab-4552-bf6d-9bf4ab57376b', 'SimpleMessage', 'statutory Swirled cranberry cheesecake');

insert into AppUser(name, lastSeen) values ('1cc8be6e-10dd-4b80-925b-b25bb69d8a1c', now());
insert into Message(id, createdat, belongstochannel, createdbyuser, discriminator, content) values ('1cc8be6e-10dd-4b80-925b-b25bb69d8a1c', now(), 'communist_Goose5', '1cc8be6e-10dd-4b80-925b-b25bb69d8a1c', 'SimpleMessage', 'liberal Roasted beet salad with horseradish cream dressing');

insert into AppUser(name, lastSeen) values ('f3d89ff9-2a12-4867-a546-8d8287d308ce', now());
insert into Message(id, createdat, belongstochannel, createdbyuser, discriminator, content) values ('f3d89ff9-2a12-4867-a546-8d8287d308ce', now(), 'communist_Goose5', 'f3d89ff9-2a12-4867-a546-8d8287d308ce', 'SimpleMessage', 'ready Ww shrimp scampi');

insert into AppUser(name, lastSeen) values ('c703690c-04ea-40b3-9d27-dc1b64617451', now());
insert into Message(id, createdat, belongstochannel, createdbyuser, discriminator, content) values ('c703690c-04ea-40b3-9d27-dc1b64617451', now(), 'communist_Goose5', 'c703690c-04ea-40b3-9d27-dc1b64617451', 'SimpleMessage', 'full Julies alabama white sauce');

insert into AppUser(name, lastSeen) values ('2e5b4fc5-ef23-4fa6-99b7-c68f95a4c6cf', now());
insert into Message(id, createdat, belongstochannel, createdbyuser, discriminator, content) values ('2e5b4fc5-ef23-4fa6-99b7-c68f95a4c6cf', now(), 'communist_Goose5', '2e5b4fc5-ef23-4fa6-99b7-c68f95a4c6cf', 'SimpleMessage', 'narrow Baby shower pink cloud punch');

insert into AppUser(name, lastSeen) values ('783a43b6-847b-4ace-9e9c-6bf8d1acd646', now());
insert into Message(id, createdat, belongstochannel, createdbyuser, discriminator, content) values ('783a43b6-847b-4ace-9e9c-6bf8d1acd646', now(), 'potential_Duck6', '783a43b6-847b-4ace-9e9c-6bf8d1acd646', 'SimpleMessage', 'pretty Baby shower pink cloud punch');

insert into AppUser(name, lastSeen) values ('94cd9063-70e9-45b8-8929-59080d875580', now());
insert into Message(id, createdat, belongstochannel, createdbyuser, discriminator, content) values ('94cd9063-70e9-45b8-8929-59080d875580', now(), 'potential_Duck6', '94cd9063-70e9-45b8-8929-59080d875580', 'SimpleMessage', 'broad White chocolate cheesecake');

insert into AppUser(name, lastSeen) values ('ede1488b-1ccb-4d5b-805b-c6ce2f76897c', now());
insert into Message(id, createdat, belongstochannel, createdbyuser, discriminator, content) values ('ede1488b-1ccb-4d5b-805b-c6ce2f76897c', now(), 'potential_Duck6', 'ede1488b-1ccb-4d5b-805b-c6ce2f76897c', 'SimpleMessage', 'all Fantastic mushrooms with garlic butter and parmesan');

insert into AppUser(name, lastSeen) values ('ccbc2fbc-0abd-4b02-9124-252f1c0aadd5', now());
insert into Message(id, createdat, belongstochannel, createdbyuser, discriminator, content) values ('ccbc2fbc-0abd-4b02-9124-252f1c0aadd5', now(), 'potential_Duck6', 'ccbc2fbc-0abd-4b02-9124-252f1c0aadd5', 'SimpleMessage', 'real Hummus with pine nuts turkish style');

insert into AppUser(name, lastSeen) values ('67868147-6951-4b5a-ba27-c7cdf45847ca', now());
insert into Message(id, createdat, belongstochannel, createdbyuser, discriminator, content) values ('67868147-6951-4b5a-ba27-c7cdf45847ca', now(), 'potential_Duck6', '67868147-6951-4b5a-ba27-c7cdf45847ca', 'SimpleMessage', 'holy Caramelized onion dip spread');

insert into AppUser(name, lastSeen) values ('73f3221f-ed3b-43da-875e-c2082552b72b', now());
insert into Message(id, createdat, belongstochannel, createdbyuser, discriminator, content) values ('73f3221f-ed3b-43da-875e-c2082552b72b', now(), 'potential_Duck6', '73f3221f-ed3b-43da-875e-c2082552b72b', 'SimpleMessage', 'formal Sourdough rosemary potato bread');

insert into AppUser(name, lastSeen) values ('748786aa-cf60-424e-b76b-fd35934b2007', now());
insert into Message(id, createdat, belongstochannel, createdbyuser, discriminator, content) values ('748786aa-cf60-424e-b76b-fd35934b2007', now(), 'potential_Duck6', '748786aa-cf60-424e-b76b-fd35934b2007', 'SimpleMessage', 'little Tropical baked chicken');

insert into AppUser(name, lastSeen) values ('66e08f29-5bf4-47ca-874f-9e5327ae1cb2', now());
insert into Message(id, createdat, belongstochannel, createdbyuser, discriminator, content) values ('66e08f29-5bf4-47ca-874f-9e5327ae1cb2', now(), 'potential_Duck6', '66e08f29-5bf4-47ca-874f-9e5327ae1cb2', 'SimpleMessage', 'internal Uncle bills caesar canadian style');

insert into AppUser(name, lastSeen) values ('6319dcc1-1b4a-4603-9887-9738cbfc15eb', now());
insert into Message(id, createdat, belongstochannel, createdbyuser, discriminator, content) values ('6319dcc1-1b4a-4603-9887-9738cbfc15eb', now(), 'potential_Duck6', '6319dcc1-1b4a-4603-9887-9738cbfc15eb', 'SimpleMessage', 'physical Apricot glazed roasted asparagus low fat');

insert into AppUser(name, lastSeen) values ('5a577dfd-9548-4be6-9ba7-f80ee5145f3f', now());
insert into Message(id, createdat, belongstochannel, createdbyuser, discriminator, content) values ('5a577dfd-9548-4be6-9ba7-f80ee5145f3f', now(), 'potential_Duck6', '5a577dfd-9548-4be6-9ba7-f80ee5145f3f', 'SimpleMessage', 'industrial Cracker barrel baby carrots');

insert into AppUser(name, lastSeen) values ('a95f84aa-ccb2-4c7e-b621-5a9dac03a61d', now());
insert into Message(id, createdat, belongstochannel, createdbyuser, discriminator, content) values ('a95f84aa-ccb2-4c7e-b621-5a9dac03a61d', now(), 'funny_Goat7', 'a95f84aa-ccb2-4c7e-b621-5a9dac03a61d', 'SimpleMessage', 'ancient Smoky barbecue beef brisket crock pot');

insert into AppUser(name, lastSeen) values ('4ea1d722-6714-4f6b-9a3d-83034cae1d08', now());
insert into Message(id, createdat, belongstochannel, createdbyuser, discriminator, content) values ('4ea1d722-6714-4f6b-9a3d-83034cae1d08', now(), 'funny_Goat7', '4ea1d722-6714-4f6b-9a3d-83034cae1d08', 'SimpleMessage', 'vast Cookie monster fruit salad');

insert into AppUser(name, lastSeen) values ('0443c634-6303-47d7-95e3-e3a8635603bf', now());
insert into Message(id, createdat, belongstochannel, createdbyuser, discriminator, content) values ('0443c634-6303-47d7-95e3-e3a8635603bf', now(), 'funny_Goat7', '0443c634-6303-47d7-95e3-e3a8635603bf', 'SimpleMessage', 'same Tilapia in thai sauce');

insert into AppUser(name, lastSeen) values ('7c7af155-08a4-4f92-9f5d-03a3ee5278b8', now());
insert into Message(id, createdat, belongstochannel, createdbyuser, discriminator, content) values ('7c7af155-08a4-4f92-9f5d-03a3ee5278b8', now(), 'funny_Goat7', '7c7af155-08a4-4f92-9f5d-03a3ee5278b8', 'SimpleMessage', 'theoretical Your basic tossed salad');

insert into AppUser(name, lastSeen) values ('5ab51824-468b-4473-bf24-6611aa2fc164', now());
insert into Message(id, createdat, belongstochannel, createdbyuser, discriminator, content) values ('5ab51824-468b-4473-bf24-6611aa2fc164', now(), 'funny_Goat7', '5ab51824-468b-4473-bf24-6611aa2fc164', 'SimpleMessage', 'simple Pumpkin knot yeast rolls');

insert into AppUser(name, lastSeen) values ('ce7e2a06-ac1d-43e2-9f1a-af0388a682df', now());
insert into Message(id, createdat, belongstochannel, createdbyuser, discriminator, content) values ('ce7e2a06-ac1d-43e2-9f1a-af0388a682df', now(), 'funny_Goat7', 'ce7e2a06-ac1d-43e2-9f1a-af0388a682df', 'SimpleMessage', 'careful Mrs allens date loaf');

insert into AppUser(name, lastSeen) values ('9ad3c499-3fcb-40e9-b434-6583fdc68902', now());
insert into Message(id, createdat, belongstochannel, createdbyuser, discriminator, content) values ('9ad3c499-3fcb-40e9-b434-6583fdc68902', now(), 'funny_Goat7', '9ad3c499-3fcb-40e9-b434-6583fdc68902', 'SimpleMessage', 'stupid Kick a fried onion rings');

insert into AppUser(name, lastSeen) values ('87b1482b-78f7-4602-9363-a14d334a5b95', now());
insert into Message(id, createdat, belongstochannel, createdbyuser, discriminator, content) values ('87b1482b-78f7-4602-9363-a14d334a5b95', now(), 'funny_Goat7', '87b1482b-78f7-4602-9363-a14d334a5b95', 'SimpleMessage', 'numerous Best ever bruschetta');

insert into AppUser(name, lastSeen) values ('915cb456-2606-4bea-9e62-c6917ccdb7ce', now());
insert into Message(id, createdat, belongstochannel, createdbyuser, discriminator, content) values ('915cb456-2606-4bea-9e62-c6917ccdb7ce', now(), 'funny_Goat7', '915cb456-2606-4bea-9e62-c6917ccdb7ce', 'SimpleMessage', 'huge Pearls sesame noodles');

insert into AppUser(name, lastSeen) values ('61592555-94e7-4ae8-8796-a52bde707827', now());
insert into Message(id, createdat, belongstochannel, createdbyuser, discriminator, content) values ('61592555-94e7-4ae8-8796-a52bde707827', now(), 'funny_Goat7', '61592555-94e7-4ae8-8796-a52bde707827', 'SimpleMessage', 'clinical Roasted cherry or grape tomatoes');

insert into AppUser(name, lastSeen) values ('08432667-a474-46ae-a921-3efcafdf859f', now());
insert into Message(id, createdat, belongstochannel, createdbyuser, discriminator, content) values ('08432667-a474-46ae-a921-3efcafdf859f', now(), 'responsible_Cow8', '08432667-a474-46ae-a921-3efcafdf859f', 'SimpleMessage', 'lucky Strawberry angel trifle');

insert into AppUser(name, lastSeen) values ('7d13b7a1-d5c5-4825-88a4-67a31a0ee324', now());
insert into Message(id, createdat, belongstochannel, createdbyuser, discriminator, content) values ('7d13b7a1-d5c5-4825-88a4-67a31a0ee324', now(), 'responsible_Cow8', '7d13b7a1-d5c5-4825-88a4-67a31a0ee324', 'SimpleMessage', 'potential Sweet and sour stir fry shrimp with broccoli and red bell pepper');

insert into AppUser(name, lastSeen) values ('4fa1ba11-8eae-4761-83c8-67c7624567de', now());
insert into Message(id, createdat, belongstochannel, createdbyuser, discriminator, content) values ('4fa1ba11-8eae-4761-83c8-67c7624567de', now(), 'responsible_Cow8', '4fa1ba11-8eae-4761-83c8-67c7624567de', 'SimpleMessage', 'mass Kittencals extra crispy fried chicken breast');

insert into AppUser(name, lastSeen) values ('8eb80bf5-5757-4627-af68-6d640223d8d1', now());
insert into Message(id, createdat, belongstochannel, createdbyuser, discriminator, content) values ('8eb80bf5-5757-4627-af68-6d640223d8d1', now(), 'responsible_Cow8', '8eb80bf5-5757-4627-af68-6d640223d8d1', 'SimpleMessage', 'right The realtors cream cheese corn');

insert into AppUser(name, lastSeen) values ('a183a403-cca6-43b7-a0fd-aa74cc4ca7ee', now());
insert into Message(id, createdat, belongstochannel, createdbyuser, discriminator, content) values ('a183a403-cca6-43b7-a0fd-aa74cc4ca7ee', now(), 'responsible_Cow8', 'a183a403-cca6-43b7-a0fd-aa74cc4ca7ee', 'SimpleMessage', 'public Grilled or baked salmon with lavender');

insert into AppUser(name, lastSeen) values ('a01db409-3988-4b45-b7dd-4460b2b45fdd', now());
insert into Message(id, createdat, belongstochannel, createdbyuser, discriminator, content) values ('a01db409-3988-4b45-b7dd-4460b2b45fdd', now(), 'responsible_Cow8', 'a01db409-3988-4b45-b7dd-4460b2b45fdd', 'SimpleMessage', 'all Guacamole stuffed deviled eggs');

insert into AppUser(name, lastSeen) values ('80f2f05b-4c99-4d7d-b7ce-389f2a805d28', now());
insert into Message(id, createdat, belongstochannel, createdbyuser, discriminator, content) values ('80f2f05b-4c99-4d7d-b7ce-389f2a805d28', now(), 'responsible_Cow8', '80f2f05b-4c99-4d7d-b7ce-389f2a805d28', 'SimpleMessage', 'electrical Asparagus with lemon butter crumbs');

insert into AppUser(name, lastSeen) values ('5e4a3545-2940-46fd-acb2-0e1d032ccd45', now());
insert into Message(id, createdat, belongstochannel, createdbyuser, discriminator, content) values ('5e4a3545-2940-46fd-acb2-0e1d032ccd45', now(), 'responsible_Cow8', '5e4a3545-2940-46fd-acb2-0e1d032ccd45', 'SimpleMessage', 'grateful Kittencals extra crispy fried chicken breast');

insert into AppUser(name, lastSeen) values ('b995e844-fd7d-417d-a86d-9d20bc8fec8b', now());
insert into Message(id, createdat, belongstochannel, createdbyuser, discriminator, content) values ('b995e844-fd7d-417d-a86d-9d20bc8fec8b', now(), 'responsible_Cow8', 'b995e844-fd7d-417d-a86d-9d20bc8fec8b', 'SimpleMessage', 'initial Caf a la russe chocolate coffee');

insert into AppUser(name, lastSeen) values ('6a346611-66e9-45ca-bd12-75cd4f6722ca', now());
insert into Message(id, createdat, belongstochannel, createdbyuser, discriminator, content) values ('6a346611-66e9-45ca-bd12-75cd4f6722ca', now(), 'responsible_Cow8', '6a346611-66e9-45ca-bd12-75cd4f6722ca', 'SimpleMessage', 'mental Ww shrimp scampi');

insert into AppUser(name, lastSeen) values ('9985e0d2-a9da-46c1-b329-70ce82b1d922', now());
insert into Message(id, createdat, belongstochannel, createdbyuser, discriminator, content) values ('9985e0d2-a9da-46c1-b329-70ce82b1d922', now(), 'severe_Pig9', '9985e0d2-a9da-46c1-b329-70ce82b1d922', 'SimpleMessage', 'cold Sweet and sour stir fry shrimp with broccoli and red bell pepper');

insert into AppUser(name, lastSeen) values ('a183eab1-8633-4a18-9ff1-c74d33a125e1', now());
insert into Message(id, createdat, belongstochannel, createdbyuser, discriminator, content) values ('a183eab1-8633-4a18-9ff1-c74d33a125e1', now(), 'severe_Pig9', 'a183eab1-8633-4a18-9ff1-c74d33a125e1', 'SimpleMessage', 'grand Provencal olives');

insert into AppUser(name, lastSeen) values ('62d2c0f1-6d44-4eab-9a68-a3945114d3cb', now());
insert into Message(id, createdat, belongstochannel, createdbyuser, discriminator, content) values ('62d2c0f1-6d44-4eab-9a68-a3945114d3cb', now(), 'severe_Pig9', '62d2c0f1-6d44-4eab-9a68-a3945114d3cb', 'SimpleMessage', 'strategic Panzanella salad with bacon tomato and basil');

insert into AppUser(name, lastSeen) values ('7cc142c5-da81-4d75-b27b-b9a74cb0582b', now());
insert into Message(id, createdat, belongstochannel, createdbyuser, discriminator, content) values ('7cc142c5-da81-4d75-b27b-b9a74cb0582b', now(), 'severe_Pig9', '7cc142c5-da81-4d75-b27b-b9a74cb0582b', 'SimpleMessage', 'extraordinary Smoky barbecue beef brisket crock pot');

insert into AppUser(name, lastSeen) values ('62397c15-1f7a-470a-a58b-4f46cec82bb3', now());
insert into Message(id, createdat, belongstochannel, createdbyuser, discriminator, content) values ('62397c15-1f7a-470a-a58b-4f46cec82bb3', now(), 'severe_Pig9', '62397c15-1f7a-470a-a58b-4f46cec82bb3', 'SimpleMessage', 'aware Strawberry pavlova');

insert into AppUser(name, lastSeen) values ('a335ebe7-df76-4a3d-b75e-6292130e459b', now());
insert into Message(id, createdat, belongstochannel, createdbyuser, discriminator, content) values ('a335ebe7-df76-4a3d-b75e-6292130e459b', now(), 'severe_Pig9', 'a335ebe7-df76-4a3d-b75e-6292130e459b', 'SimpleMessage', 'constitutional Roasted potatoes and green beans');

insert into AppUser(name, lastSeen) values ('c59a33d0-8f2b-4528-9fd5-27055cb58800', now());
insert into Message(id, createdat, belongstochannel, createdbyuser, discriminator, content) values ('c59a33d0-8f2b-4528-9fd5-27055cb58800', now(), 'severe_Pig9', 'c59a33d0-8f2b-4528-9fd5-27055cb58800', 'SimpleMessage', 'thin Fresh orange slices with honey and cinnamon');

insert into AppUser(name, lastSeen) values ('76ca4a22-996b-458d-8563-52fefd52dec6', now());
insert into Message(id, createdat, belongstochannel, createdbyuser, discriminator, content) values ('76ca4a22-996b-458d-8563-52fefd52dec6', now(), 'severe_Pig9', '76ca4a22-996b-458d-8563-52fefd52dec6', 'SimpleMessage', 'remarkable Rachael rays mimosa');

insert into AppUser(name, lastSeen) values ('984a6244-2889-4c41-a825-62b444c14d7f', now());
insert into Message(id, createdat, belongstochannel, createdbyuser, discriminator, content) values ('984a6244-2889-4c41-a825-62b444c14d7f', now(), 'severe_Pig9', '984a6244-2889-4c41-a825-62b444c14d7f', 'SimpleMessage', 'deaf Sriracha honey roasted broccoli');

insert into AppUser(name, lastSeen) values ('a1068471-f2bf-4086-a1e6-4a3f633f10e8', now());
insert into Message(id, createdat, belongstochannel, createdbyuser, discriminator, content) values ('a1068471-f2bf-4086-a1e6-4a3f633f10e8', now(), 'severe_Pig9', 'a1068471-f2bf-4086-a1e6-4a3f633f10e8', 'SimpleMessage', 'nice Sweet onion and mashed potato bake');


